{
    "name": "Angelic Grind",
    "cost": "0",
    "costType": "ep",
    "requiredLevel": "0",
    "learningCost": "0",
    "skillType": "attack",
    "statType": "Technique",
    "requiredStat": "0",
    "skillTags": ["Sex"],
    "fetishTags": ["Sex"],
    "startsStance": "",
    "requiresStance": "Sex",
    "unusableIfStance": ["Blowjob"],
    "requiresTargetStance": ["Sex"],
    "unusableIfTarget": [""],
    "removesStance": "None",
    "requiresStatusEffect": "None",
    "requiresStatusPotency": "0",
    "unusableIfStatusEffect": ["None"],
    "power": "80",
    "minRange": "90",
    "maxRange": "110",
    "recoil": "50",
    "targetType": "single",
    "statusEffect": "Damage",
    "statusChance": "60",
    "statusDuration": "5",
    "statusPotency": "-30",
    "statusResistedBy": "Willpower",
    "statusText": "",
    "descrip": "",
    "outcome": "{AttackerName} slowly gyrates her hips and rides {TargetName}'s shaft with her exquisite pussy, the intense pressure of her insides caressing every milimeter of their cock in a thousand ways at once!",
    "miss": "{AttackerName} awkwardly grinds {AttackerHisOrHer} pussy around {TargetName}'s cock, but {TargetYouOrMonsterName} resists the pleasure!",
    "statusOutcome": "The array of overwhelming sensations is making {TargetName} struggle to stay focused, weakening {TargetHisOrHer} offense!",
    "statusMiss": "",
    "restraintStruggle": "",
    "restraintStruggleCharmed": "",
    "restraintEscaped": "",
    "restraintEscapedFail": ""
}
