{
    "name": "Awkward Grind",
    "cost": "1",
    "costType": "ep",
    "requiredLevel": "0",
    "learningCost": "0",
    "skillType": "attack",
    "statType": "Core",
    "requiredStat": "0",
    "skillTags": ["Sex"],
    "fetishTags": ["Sex"],
    "startsStance": "",
    "requiresStance": "Sex",
    "unusableIfStance": ["Blowjob"],
    "requiresTargetStance": ["Sex"],
    "unusableIfTarget": [""],
    "removesStance": "None",
    "requiresStatusEffect": "None",
    "requiresStatusPotency": "0",
    "unusableIfStatusEffect": ["None"],
    "power": "80",
    "minRange": "90",
    "maxRange": "110",
    "recoil": "100",
    "targetType": "single",
    "statusEffect": "none",
    "statusChance": "0",
    "statusDuration": "0",
    "statusPotency": "0",
    "statusResistedBy": "",
    "statusText": "",
    "descrip": "",
    "outcome": "{AttackerName} awkwardly moves her hips, grinding against {TargetName}'s cock, her incredible pussy sending shockwaves of divine pleasure through both of you!",
    "miss": "{AttackerName} awkwardly gyrates {AttackerHisOrHer} hips on {TargetName}'s cock, but {TargetYouOrMonsterName} resists the pleasure!",
    "statusOutcome": "",
    "statusMiss": "",
    "restraintStruggle": "",
    "restraintStruggleCharmed": "",
    "restraintEscaped": "",
    "restraintEscapedFail": ""
}
