{
    "name": "Welcome to the Gun Show",
    "cost": "20",
    "costType": "ep",
    "requiredLevel": "15",
    "learningCost": "1000",
    "skillType": "attack",
    "statType": "Power",
    "requiredStat": "30",
    "skillTags": ["Seduction"],
    "fetishTags": [""],
    "startsStance": "",
    "requiresStance": "Any",
    "unusableIfStance": ["Making Out", "Nursing", "Breast Smother"],
    "requiresTargetStance": ["Any"],
    "unusableIfTarget": [""],
    "removesStance": "None",
    "requiresStatusEffect": "None",
    "requiresStatusPotency": "0",
    "unusableIfStatusEffect": ["None"],
    "power": "25",
    "minRange": "85",
    "maxRange": "115",
    "recoil": "0",
    "targetType": "all",
    "statusEffect": "Charm",
    "statusChance": "30",
    "statusDuration": "2",
    "statusPotency": "0",
    "statusResistedBy": "Willpower",
    "statusText": "",
    "descrip": "Astound all enemies nearby with your incredible muscles and odd poses. Can charm.",
    "outcome": "{AttackerName} strikes a variety of poses, their bulging biceps emanating hypnotic frequencies, causing {TargetName}'s body to heat up with pleasure at the show! Oddly, Aztec dubstep starts playing out of nowhere...",
    "miss": "{AttackerName} strikes a variety of poses, but fails to appease {TargetName}.",
    "statusOutcome": "{TargetName} finds herself walking towards you, focused entirely on your incredible musculature, desperate to caress it. {TargetName} has been charmed!",
    "statusMiss": "",
    "restraintStruggle": "",
    "restraintStruggleCharmed": "",
    "restraintEscaped": "",
    "restraintEscapedFail": ""
}
