{
    "name": "Angelic Embrace",
    "cost": "0",
    "costType": "ep",
    "requiredLevel": "0",
    "learningCost": "0",
    "skillType": "attack",
    "statType": "Allure",
    "requiredStat": "0",
    "skillTags": ["Sex", "Mouth", "Holy"],
    "fetishTags": ["Sex", "Kissing"],
    "startsStance": "",
    "requiresStance": "Any",
    "unusableIfStance": ["Blowjob"],
    "requiresTargetStance": ["Sex", "Making Out"],
    "unusableIfTarget": [""],
    "removesStance": "None",
    "requiresStatusEffect": "None",
    "requiresStatusPotency": "0",
    "unusableIfStatusEffect": ["None"],
    "power": "100",
    "minRange": "90",
    "maxRange": "110",
    "recoil": "100",
    "targetType": "single",
    "statusEffect": "Aphrodisiac",
    "statusChance": "150",
    "statusDuration": "5",
    "statusPotency": "60",
    "statusResistedBy": "",
    "statusText": "",
    "descrip": "",
    "outcome": "{AttackerName} slowly gyrates her hips around {TargetName}'s cock, her flawless pussy milking you for everything you're worth, as her tongue wars with yours and magic courses through you! Your mind nearly blanks out from the myriad sensations assaulting you.",
    "miss": "{AttackerName} slowly gyrates her hips around {TargetName}'s cock, but {TargetYouOrMonsterName} resists the pleasure!",
    "statusOutcome": "",
    "statusMiss": "",
    "restraintStruggle": "",
    "restraintStruggleCharmed": "",
    "restraintEscaped": "",
    "restraintEscapedFail": ""
}
