{
    "name": "Aspect of the Destroyer",
    "cost": "1",
    "costType": "sp",
    "requiredLevel": "0",
    "learningCost": "0",
    "skillType": "statusEffect",
    "statType": "Power",
    "requiredStat": "1",
    "skillTags": ["Magic"],
    "fetishTags": [""],
    "startsStance": "",
    "requiresStance": "Any",
    "unusableIfStance": [""],
    "requiresTargetStance": ["Any"],
    "unusableIfTarget": [""],
    "removesStance": "None",
    "requiresStatusEffect": "None",
    "requiresStatusPotency": "0",
    "unusableIfStatusEffect": ["None"],
    "power": "15",
    "minRange": "90",
    "maxRange": "110",
    "recoil": "0",
    "targetType": "single",
    "statusEffect": "",
    "statusChance": "250",
    "statusDuration": "5",
    "statusPotency": "0",
    "statusResistedBy": "Willpower",
    "statusText": "",
    "descrip": "Use Metatron's magic to buff yourself - but beware the strain on your body! Costs 1 spirit and inflicts a powerful aphrodisiac to self, but gain 30% atk/def for remainder of battle.",
    "outcome": "",
    "miss": "",
    "statusOutcome": "|f|CallCombatEventAndScene|/|AspectDestroyer|/|Destroyer",
    "statusMiss": "",
    "restraintStruggle": "",
    "restraintStruggleCharmed": "",
    "restraintEscaped": "",
    "restraintEscapedFail": ""
}
