{
    "name": "Angelic Kissjob",
    "cost": "0",
    "costType": "ep",
    "requiredLevel": "0",
    "learningCost": "0",
    "skillType": "attack",
    "statType": "Allure",
    "requiredStat": "0",
    "skillTags": ["Sex"],
    "fetishTags": ["Oral"],
    "startsStance": "",
    "requiresStance": "Blowjob",
    "unusableIfStance": [""],
    "requiresTargetStance": ["Blowjob"],
    "unusableIfTarget": ["Sex", "Anal"],
    "removesStance": "None",
    "requiresStatusEffect": "None",
    "requiresStatusPotency": "0",
    "unusableIfStatusEffect": ["None"],
    "power": "40",
    "minRange": "90",
    "maxRange": "110",
    "recoil": "0",
    "targetType": "single",
    "statusEffect": "Damage",
    "statusChance": "60",
    "statusDuration": "5",
    "statusPotency": "-30",
    "statusResistedBy": "Willpower",
    "statusText": "",
    "descrip": "tiny tease",
    "outcome": "{AttackerName} kisses the tip of {TargetName}'s cock over and over, the wet sounds of her tender slurping filling the air as she lovingly stares upwards into {TargetHisOrHer} eyes with devoted affection!",
    "miss": "{TargetName} grits his teeth to resist the pleasure from {AttackerName}'s sweet kisses as they assault {TargetHisOrHer} shaft relentlessly!",
    "statusOutcome": "As {AttackerName} tenderly services {TargetName}'s cock with an endless torrent of tender kisses, you find your hands in her hair, guiding her mouth ever further down your shaft rather than focusing on fighting back!",
    "statusMiss": "",
    "restraintStruggle": "",
    "restraintStruggleCharmed": "",
    "restraintEscaped": "",
    "restraintEscapedFail": ""
}
