{
    "name": "Celestial Enchantment II",
    "itemType": "Accessory",
    "cost": "1000",
    "descrip": "A powerful enchantment born of primordial power that wreathes its wielder in flickering wisps of divine High Magic. Boosts all stats by 10 and increases health by 50, but increases your sensitivity to sex and kissing by 10%.",
    "requires": [""],
    "perks": [""],

    "hp": "50",
    "ep": "0",
    "sp": "0",

    "Exp": "0",
    "Power": "10",
    "Technique": "10",
    "Willpower": "10",
    "Allure": "10",
    "Intelligence": "7",
    "Luck": "10",

    "statusEffect": "None",
    "statusChance": "0",
    "statusPotency": "0",

    "BodySensitivity": {"Sex": "10",
              "Ass":"0",
              "Breasts":"0",
              "Mouth":"10",
              "Seduction": "0",
              "Magic": "0",
              "Pain": "0",
              "Holy": "0",
              "Unholy": "0"
    },

    "resistancesStatusEffects": {
              "Stun": "0",
              "Charm":"0",
              "Aphrodisiac":"0",
              "Restraints":"0",
              "Sleep": "0",
              "Trance": "0",
              "Paralysis": "0"
    },

    "useOutcome": "",
    "useMiss": ""

}
