{
    "name": "Angelic Shotgun",
    "cost": "10",
    "costType": "ep",
    "requiredLevel": "0",
    "learningCost": "500",
    "skillType": "attack",
    "statType": "Willpower",
    "requiredStat": "10",
    "skillTags": ["Pain", "Magic"],
    "fetishTags": [""],
    "startsStance": "",
    "requiresStance": "Any",
    "unusableIfStance": ["Sex", "Making Out", "Blowjob", "Anal"],
    "requiresTargetStance": ["Any"],
    "unusableIfTarget": [""],
    "removesStance": "None",
    "requiresStatusEffect": "None",
    "requiresStatusPotency": "0",
    "unusableIfStatusEffect": ["None"],
    "power": "80",
    "minRange": "90",
    "maxRange": "110",
    "recoil": "0",
    "targetType": "single",
    "statusEffect": "Stun",
    "statusChance": "70",
    "statusDuration": "2",
    "statusPotency": "0",
    "statusResistedBy": "Willpower",
    "statusText": "",
    "descrip": "",
    "outcome": "{AttackerName} waves her hand and an explosion of magical energy engulfs {TargetName}'s body and surroundings! The magic of the island dulls its power, but the divine magic coursing through you causes a great deal of arousal...",
    "miss": "{AttackerName} launches a massive blast of energy at {TargetName}'s body but {TargetName} manages to avoid it.",
    "statusOutcome": "The magic leaves {TargetName} senselessly incoherent! They are stunned!",
    "statusMiss": "",
    "restraintStruggle": "",
    "restraintStruggleCharmed": "",
    "restraintEscaped": "",
    "restraintEscapedFail": ""
}
