{
    "name": "Divine Brand I",
    "itemType": "Key",
    "cost": "0",
	"requires": [""],
    "perks": [""],

    "hp": "0",
    "ep": "0",
    "sp": "0",

    "Exp": "0",
    "Power": "0",
    "Technique": "0",
    "Willpower": "0",
    "Allure": "0",
    "Intelligence": "0",
    "Luck": "0",

    "statusEffect": "None",
    "statusChance": "0",
    "statusPotency": "0",

    "BodySensitivity": {"Sex": "0",
              "Ass":"0",
              "Breasts":"0",
              "Mouth":"0",
              "Seduction": "0",
              "Magic": "0",
              "Pain": "0",
              "Holy": "0",
              "Unholy": "0"
    },

    "resistancesStatusEffects": {
              "Stun": "0",
              "Charm":"0",
              "Aphrodisiac":"0",
              "Restraints":"0",
              "Sleep": "0",
			  "Trance": "0",
              "Paralysis": "0"
    },

    "descrip": "A crimson cross on the back of your right hand. Almost microscopic sigils in an unknown tongue appear along each surface.",
    "useOutcome": "",
    "useMiss": ""

}
