{
    "name": "Divine Intervention",
    "CardType": "Event",
    "CardLimit": "1",
    "Description": "You've heard rumors of a celestial visitor that seem worth checking out!",
    "requires": ["Vandal Note"],
    "Speakers": [
                  {
                    "name": "Angry Angel",
					"postName": "",
                    "SpeakerType": "Monster"
                  },
                  {
                    "name": "Archangel Metatron",
					"postName": "",
                    "SpeakerType": "Monster"
                  }
                ],
    "EventText": [
                    {
                        "NameOfScene": "EventStart",
                        "theScene":[  "Time sleeps to slow to a standstill as an electric force fills the air. A drifting feather catches your eye just in time...",
									  "As you look upward, you see a bolt of blinding energy that you manage to dodge, hurling yourself backwards as it leaves a molten crater in the ground you were standing on!",
                                      "DisplayCharacters",
                                        "1",
                                        "EndLoop",
                                      "Descending on crimson wings of pure crackling energy, a woman stares balefully at you, her disapproval almost palpable despite her lack of expression.",
                                      "Her outfit leaves little to the imagination in regards to her lithe body, but the spheres of raging energy she holds in each hand and the attack a moment before keep you on your toes.",
									  "Your hand reflexively goes to your sword - only to remember it's not there. The island dampens combat lethality heavily. But her killing intent is real.",
                                      "Speaks",
									  "...So you are not entirely as hopeless as you appeared. We will see if your luck holds.",
									  "Hoisting one of the crimson orbs upward, it coalesces into a lance of piercing light with a keening crackle, bleeding enormous quantities of raw magic into the clearing.",
                                      "PlayerSpeaks",
									  "Uh, I appreciate that you're not trying to have sex with me, nice change of pace, but can we talk about this?",
									  "Speaks",
									  "No.",
									  "Well, it was worth a try.",
									  "Speaks",
									  "I will not gamble the Goddess's plan on a weakling. Prove your will to me or I will send you home.",
									  "You're not really sure what the hell she's talking about, but it sure looks like you're in for a fight. She doesn't really seem to understand how the island works, though...",
                                      "CombatEncounter",
                                      "Angry Angel",
                                      "StartCombat",
									  "JumpToScene",
                                      "Beat the angel"
                                  ]
                    },
                          {
                              "NameOfScene": "Beat the angel",
                              "theScene":["The angel collapses to the ground, looking almost shellstruck as a look of helpless confusion, almost bordering on fear, spreads across her face.",
							              "Speaks",
										  "W-why can't I control m-my body...?",
										  "Despite the, uh, attempted murder thing, you can't help but feel a bit sorry for her. She is clearly VERY far out of her depth... and really cute.",
										  "PlayerSpeaks",
										  "...Did no one brief you on the whole sex battle thing here?",
										  "Her blank look of utter confusion at you as she squirms is a pretty clear answer in itself.",
										  "Dammit, it's hard to focus when she's squirming like that, her tight body nearly completely on display and dripping wet, almost helpless on the ground before you...",
										  "You'd feel even worse doing much more to her, she looks halfway to crying, but at the same time the heroic thing would probably be to help her out... even if she did try to kill you.",
										  "PlayerSpeaks",
										  "Look, I'll help you a bit if you can chill with the laser shit.",
										  "...Okay yeah partially you just want to fuck her brains out but you also have at least partially good intentions!",
										  "She looks up at you, her overwhelming pride struggling against the equally enormous torrent of lust consuming her, and manages to nod after a few moments.",
										  "Speaks",
										  "I - I accept your offer... hero.",
										  "Heh, that's a little more like it. Maybe not quite the epic battle she was hoping for, but at least she acknowledges you to some degree now.",
										  "You still have no idea what the fuck her name is, though.",
										  "PlayerSpeaks",
										  "I'm {ThePlayerName}. Who exactly are you? Are you some kind of angel?",
										  "She glares at you, though it's not particularly intimidating when she can hardly focus, and forces out a response in a shaky tone.",
										  "Speaks2",
										  "I am the Archangel Metatron, the Watcher. I have seen you before, {ThePlayerName}.",
										  "DisplayCharacters",
                                          "2",
                                          "EndLoop",
										  "...That just raises more questions than it answers, but at this point you're too horny to ask and move toward her with purpose.",
                                          "ChangeProgress",
                                           "1",
									      "JumpToScene",
                                           "Fuck the angel"
                                        ]
                          },
                          {
                              "NameOfScene": "Fuck the angel",
                              "theScene":[ "Metatron looks up at you with a mixture of defiance and lust warring in her eyes as you approach, but makes no further effort to stop you.",
							               "Slightly worried that Venerae will strike you down for blasphemy, you kneel down anyways, wrapping the angel in a gentle embrace as her wings fizzle out.",
										   "Her body stiffens against yours in surprise, then relaxes as you realize that despite her toned nature she is very, very, very soft to the touch.",
										   "You lean in for a kiss, and the angel moans into it, her body betraying her as her discipline frays and crumbles.",
										   "Her tongue is clumsy against yours, but the torrent of magic flowing through her is evident as the excess flows into you, only further accelerating your own desires.",
										   "Unable to hold back any longer, you push her backwards against the grass, hoisting her hips upward as her legs part around your waist.",
										   "Speaks2",
										   "W-what-",
										   "Her question turns into a scream of bone-melting pleasure as you slowly insert yourself into her pussy, trying not to drop her as the almost terrifying pleasure of her body consumes you.",
										   "It's like sticking your dick into a thunderstorm, electrical surges of magic playing across your cock as every inch of her pussy clings greedily to you, almost forcing you further and further in.",
										   "Her back arches as the pleasure overwhelms her, tightening even further as her juices rush over you.",
										   "You start moving slowly, trying not to replicate her immediate orgasm, and the angel's moans and squeals dissolve into an incoherent barrage of sweet noises to your ears.",
										   "She's grabbing tufts of grass like she's worried about falling off the earth, her squirming adding to the pleasure as you thrust inside her, slowly picking up the pace as your own self-control frays.",
										   "Speaks2",
										   "Ahh! AAAAAAAAAH! Yes! YES!",
										   "The first time the angel bucks against you nearly sends you to your knees as an incalculable torrent of sheer sensation overwhelms your entire body.",
										   "It's all you can do to keep thrusting, fucking her with everything you have as she slowly starts to match your movements with her - literally - divine body.",
										   "She twists just the wrong way at one moment, and the unexpected pressure overwhelms you as your battered body unleashes an explosion of cum inside her.",
										   "Metatron's moans turn into screams, with almost painful intensity as she matches the constant blasts of semen with her own orgasms, her body completely slave to pleasure.",
										   "You find yourself on your knees as the third - or maybe it's the 14th - ejaculation rips through you, drowning her pussy with your seed, and the insensate angel moans weakly as she orgasms yet again.",
										   "The sheer magic flowing through both of you is rapidly becoming a health hazard, you can't even think of anything but filling her to overflowing, splashes and spurts of cum escaping her every time you pull back in the least.",
										   "Unable to keep standing, you cum again as you collapse onto her, and she manages to find just enough strength to clasp your face to her chest as she moans through another orgasm, one that wraps both of you completely.",
										   "...",
										   "After a few minutes of lying there, unable to move or think or really do anything but exist in the flow of magic and pleasure, you manage to pull yourself up a bit, though her hips refuse to release you entirely.",
										   "The harsh expression you had witnessed on the angel's face when you first met had been replaced with a gentle, affectionate smile as the very nearly senseless Metatron looks up at you blearily.",
										   "If you hadn't just had a giant fight you would have very much liked to keep going, but right now it's a serious effort to move at all, and she's in no state to be doing much...",
										   "Speaks2",
										   "Ahh... t-thank you... to think, there were such sensations in the Goddess' world...",
										   "Despite the vaguely warm sense pervading the atmosphere, you can't help but ask.",
										   "PlayerSpeaks",
										   "Did you really not know what sex is?",
										   "She looks offended, sort of, but doesn't really have the energy to do much about it.",
										   "Speaks2",
										   "I-I know it's used for procreation. You humans do it so often I - I just thought it was because you were bad at fertilizing each other.",
										   "Aaaand there goes that mood. You can't help but snort, then chuckle, then laugh for a few moments, despite the betrayed look on her face.",
										   "Speaks2",
										   "I think I might... rest... for a time...",
										   "As her eyes flutter closed, the angel goes completely limp almost immediately, betraying the amount of effort it must have taken to stay conscious so far instead of fading out.",
										   "...She doesn't seem to be fading out, though, and you're not sure it's safe to leave an unconscious angel in demon territory.",
										   "Groaning, you pull out with an obscene pop, a veritable river of cum immediately starting to flow out before her unconscious body tightens to hold it in, and start the tedious process of clothing both of you. How the hell did she get that outfit to stay on? Duct tape?",
										   "Eventually, you get the angel slung over your shoulder like a sack of lumpy potatoes and begin the long walk back to the church, hoping Lillian can help out.",
										   "GiveItem",
										   "1",
										   "Angel's Innocence",
										   "QuestComplete",
										   "Lilian blanches in surprise and horror as you show her the unconscious angel, promising to take care of her. You decide not to reveal Metatron's identity to the girl, unsure of how she would handle meeting a divine entity.",
										   "...You should probably check up on Metatron in the church sometime soon, though, before she ruins everything on her own.",
										   "GoToChurch"
                                        ]
                          }

                ]
}