{
    "name": "Clara",
    "IDname": "Clara",
    "species": "Beast",
    "gender": "female",
    "description": "A small girl with deeply tanned brown skin and an almost hypnotically smooth tummy. Short, rough white hair falls to almost shoulder length, but does little to hide the two nubbed horns peeking out of her hair, nor the two large, elongated brown ears hanging from each side of her head roughly where human ears would be, with little puffs of fur poking out of each. Extremely slender and fairly flat to boot, her lithe body is barely covered by a VERY small bikini and panty combo that do little to curb indecency.",
    "encyclopedia": "Holstaurs are generally seen as large bovine women, with enormous breasts that lactate the divine nectar that has made them popular worldwide even in many otherwise monster-hating areas. Known as much for its incredible nutritional properties as well as its aphrodasaic effects, Holstaur milk is generally concerned the premiere sex aid for couples that want to go and go and go and go. Holstaurs are also noted for their ability to rapidly translate nutrition - whether grass or... various fluids - to milk. While they do not get along well with their more feral cousins, the Minotaurs, Holstaurs are in general friendly and fairly trustworthy, with placid dispositions and positive worldviews. Commonly viewed as unintelligent or outright stupid, animals good for nothing but their milk, Holstaurs are still gently proud characters - heavily domesticized but perhaps even closer to human mentally than many of their kin, and woe betide the fool who calls one stupid to her face or underestimates their... appetites. Occasionally, however, some Holstaurs hit their growth spurt late or even never, and the pint-sized ones have their own appeal...",
    "tags": "none",
    "generic": "False",
    "requires": ["Temple Checkpoint Gem"],
    "skillList": ["Clara's Allure", "Tiny Suckle", "Handjob", "Blowjob", "Tiny Teasing Tongue", "Tiny Blowjob", "Tiny Kissjob", "Tiny Tighten", "Tiny Grind", "Tiny Bounce", "Deep Kiss"],
    "perks": ["Undeniable Pleasure"],
    "stats": {"lvl": "25",
              "Exp":"500",
              "max_hp":"600",
              "max_ep":"10",
              "max_sp": "3",
              "Power": "10",
              "Technique": "30",
              "Intelligence": "2",
              "Willpower": "1",
              "Allure": "40",
              "Luck": "3"
    },
    "Fetishes": ["Sex|/|5"],
    "BodySensitivity": {"Sex": "110",
              "Ass":"25",
              "Breasts":"120",
              "Mouth":"100",
              "Seduction": "120",
              "Magic": "75",
              "Pain": "75",
              "Holy": "100",
              "Unholy": "100"
    },
    "resistancesStatusEffects": {
              "Stun": "75",
              "Charm":"50",
              "Aphrodisiac":"85",
              "Restraints":"25",
              "Sleep":"25",
              "Trance": "0",
              "Paralysis": "0"
    },
    "moneyDropped": "600",
    "ItemDropList": [
                      {
                        "name": "Lovers Rune",
                        "dropChance": "25"
                      },
                      {
                        "name": "Elixir",
                        "dropChance": "25"
                      }
                    ],
    "lossScenes": [
                    {
                        "NameOfScene": "Sex Loss",
                        "move": "",
                        "stance": "Sex",
                        "includes": ["Clara"],
                        "theScene":[
									"Still buried deep in Clara's tiny body, you realize you don't even have the strength to pull out anymore, and what little willpower you had left is constantly being sapped as the undersized holstaur slowly milks your cock dry of every drop of cum remaining.",
									"She smiles up at you, a tender gaze as sweetly seductive as it is innately innocent, and plants a small kiss on your chest before burying her face into your chest and hugging you tightly.",
									"Speaks",
									"I-I'm sorry for pushing you so hard, I-I didn't think I'd actually win, but...",
									"She looks up at you, biting her lip as two sides of her war for a moment, lust shining through in her eyes as the decision is made for her.",
									"Speaks",
									"...Please keep me company for a little longer♥ I'll let you go after I'm done, I promise!",
									"Too exhausted to fight back and too horny to disagree, you find your arms wrapping around her slender frame as the miniature cowgirl sighs in blissful happiness before starting to slowly grind against your shaft.",
									"Her tight pussy is incredible at the worst of times, but already overstimulated halfway to the point of unconsciousness, your shaft can hardly take the loving abuse, much less the way she starts to move her hips in various directions, gyrating for a few moments then slowly grinding against you the next.",
									"Her sweet moans war with your grunts in the air around you as the two of you feast on each other's bodies, her movements rapidly picking up speed as she loses control of her desires and begins to ride you fairly roughly, her tiny pussy hardly able to fit the entirety of your meat, much less the glopping mess of semen squirting out each time she pulls up.",
									"It's not like she doesn't have any way to replace it, though, and as she leans back, pulling you to her pert chest to drink deep from the milk leaking out of her bosom, you cum helplessly for her, splattering her insides with rope after rope of cum in an incredibly drawn out orgasm.",
									"Even as it slows, you can feel the strange properties of her fresh milk suffusing your mind, dulling your thoughts but heightening your senses, especially your shaft as she continues to ride you with alternating movements.",
									"Before long, you find yourself cumming almost uncontrollably, each massive spurt of cum leading to another as you flood her pussy and even batter her tiny womb each time the tip slams into her cervix, Clara's gasps and moans only drawing more and more out of you.",
									"Her milk keeps you going; her body drawing you closer and closer to the inevitable end. An endless cycle that seems unlikely to stop anytime soon if she has her way, wrapped in pleasure as she is, but you can feel your consciousness slipping away slowly...",
									"But as your shaft kisses her womb, you can't help but release everything inside her once more, cumming uncontrollably as Clara shakes and moans on your shaft, twitching as she milks you dry until her womb and pussy alike are full to overflowing, and then darkness claims you without warning.",
									"The last thing you can remember is her worried face peering over you as the small cowgirl pats your head, kissing your forehead softly as everything goes black."
                                  ],
                        "picture":""
                    },
					{
                        "NameOfScene": "BJ Loss",
                        "move": "",
                        "stance": "Blowjob",
                        "includes": ["Clara"],
                        "theScene":[
									"Still shaking from your last orgasm, you stumble, finding yourself leaning against a rock outcropping for dear life as Clara scootches closer to you, cum still dripping down her cheeks as she slurps and swallows the remainder of the last load with the kind of half lidded eyes that signal terrible terrible trouble.",
									"As she reaches you, the cowgirl takes your still rigid shaft in both hands, giving the glans a deep kiss with her tongue wetly licking the tip throughout, then pulls back with a cute little giggle and a lopsided grin.",
									"Speaks",
									"Eheh... heheh... that's no good, big sis said that it wasn't healthy for guys to be backed up like this.",
									"She kisses it again, first wrapping her lips around the glans and then pulling off it to leave a trail of wet kisses down its length, nuzzling her soft cheek against it at times.",
									"Speaks",
									"So... you should let me take care of that for you♥",
									"Probably should have called in sick to work this morning.",
									"Still looking a bit punch-drunk, or is it cum-drunk, Clara gives the tip a chaste kiss before wrapping her lips around it and taking a good bit of your length into her mouth, caressing all that she can engulf in her tiny and incredibly warm mouth, her tongue licking the underside as best she can.",
									"You find your hands on her head, perhaps to try to push her off, but for some reason one ends up patting her head gently as the other lightly guides her onto your shaft, and with a happy moan Clara redoubles her affectionate assault!",
									"Her head bobs up and down along as much of the shaft as she can stomach, both small hands wrapped around the base of the shaft as she combines both blowjob and handjob into a full servicing of your shaft, her wet saliva and the remnants of your last ejaculations making the surface wet and slippery, only adding to the sensations.",
									"It doesn't take long for her to rip another ejaculation out of you, but prepared, she barely even budges as load after load of thick cum drenches her mouth and throat, drinking it down with exaggerated gulps and slurps as she locks her eyes with yours for the entire duration and continues jerking you off throughout it.",
									"By the time it finishes it feels like hours have passed, but Clara is still going at it hard, mixing her moans with the occasional gagging noises as her tiny throat struggles to fit your shaft and she has some issues with breathing, but seems to be too horny to stop regardless...",
									"The next ejaculation feels like it was even bigger than the last, and it might have been; even prepared Clara is unable to completely drink it all down as the creamy goo bubbles out of her lips and drips down her chin, dropping to her pert breasts below as she struggles to keep up.",
									"Load after load ends up in her belly, part of each wasted on her face or the ground below.",
									"She loses her grip in the middle of one and gets a faceful of semen for her efforts, forcing her to continue wit one eye closed and ropes of semen streaking her face, but she never gives up and never stops.",
									"You pass out standing up, cumming into her mouth again, and have no idea how long she kept you before the recall stone finally kicked in."
                                  ],
                        "picture":""
                    },
					{
                        "NameOfScene": "Generic Loss",
                        "move": "",
                        "stance": "",
                        "includes": ["Clara"],
                        "theScene":[
									"Still shaking from your last orgasm, you stumble, finding yourself leaning against a rock outcropping for dear life as Clara scootches closer to you.",
									"As she reaches you, the cowgirl takes your still rigid shaft in both hands, giving the glans a deep kiss with her tongue wetly licking the tip throughout, then pulls back with a cute little giggle and a lopsided grin.",
									"Speaks",
									"Eheh... heheh... that's no good, big sis said that it wasn't healthy for guys to be backed up like this.",
									"She kisses it again, first wrapping her lips around the glans and then pulling off it to leave a trail of wet kisses down its length, nuzzling her soft cheek against it at times.",
									"Speaks",
									"So... you should let me take care of that for you♥",
									"Probably should have called in sick to work this morning.",
									"Still looking a bit punch-drunk, or is it cum-drunk, Clara gives the tip a chaste kiss before wrapping her lips around it and taking a good bit of your length into her mouth, caressing all that she can engulf in her tiny and incredibly warm mouth, her tongue licking the underside as best she can.",
									"You find your hands on her head, perhaps to try to push her off, but for some reason one ends up patting her head gently as the other lightly guides her onto your shaft, and with a happy moan Clara redoubles her affectionate assault!",
									"Her head bobs up and down along as much of the shaft as she can stomach, both small hands wrapped around the base of the shaft as she combines both blowjob and handjob into a full servicing of your shaft, her wet saliva and the remnants of your last ejaculations making the surface wet and slippery, only adding to the sensations.",
									"It doesn't take long for her to rip another ejaculation out of you, but prepared, she barely even budges as load after load of thick cum drenches her mouth and throat, drinking it down with exaggerated gulps and slurps as she locks her eyes with yours for the entire duration and continues jerking you off throughout it.",
									"By the time it finishes it feels like hours have passed, but Clara is still going at it hard, mixing her moans with the occasional gagging noises as her tiny throat struggles to fit your shaft and she has some issues with breathing, but seems to be too horny to stop regardless...",
									"The next ejaculation feels like it was even bigger than the last, and it might have been; even prepared Clara is unable to completely drink it all down as the creamy goo bubbles out of her lips and drips down her chin, dropping to her pert breasts below as she struggles to keep up.",
									"Load after load ends up in her belly, part of each wasted on her face or the ground below.",
									"She loses her grip in the middle of one and gets a faceful of semen for her efforts, forcing her to continue wit one eye closed and ropes of semen streaking her face, but she never gives up and never stops.",
									"You pass out standing up, cumming into her mouth again, and have no idea how long she kept you before the recall stone finally kicked in."
                                  ],
                        "picture":""
                    }
                  ],
    "combatDialogue": [
                        {
							"lineTrigger":"AutoCounter",
							"move": "Spank",
							"theText":["|f|CallCombatEventAndScene|/|ClaraCombatEvents|/|No Bulli|n|"]
                        },
                        {
                          "lineTrigger":"HitWith",
                          "move": "Whip",
                          "theText":["|f|CallCombatEventAndScene|/|ClaraCombatEvents|/|No Bulli|n|"]
                        },
                        {
                          "lineTrigger":"HitWith",
                          "move": "Bondage Net",
                          "theText":["'Bluh - w-what is this! I don't like it at all!'"]
                        },
                        {
                          "lineTrigger":"HitWith",
                          "move": "Magical Binding",
                          "theText":["'Is... is this magic? You're so cool! Can you teach me?'"]
                        },
                        {
                          "lineTrigger":"HitWith",
                          "move": "Finger",
                          "theText":["'Mmm... Y-you can do even more, if you want♥'",
                                      "'Mmmnnn... I-I feel funny now...'",
                                      "'Ahhh...'"]
                        },
                        {
                          "lineTrigger":"AutoCounter",
                          "move": "Dildo",
                          "theText":["|f|CallCombatEventAndScene|/|ClaraCombatEvents|/|No Dildo|n|"]
                        },
                        {
                          "lineTrigger":"HitWith",
                          "move": "Arouse",
                          "theText":["'MMM!♥ Wow... I feel strange?'",
                                      "'I-I don't get what's happening, but this isn't so bad?'"
                                    ]
                        },
                        {
                          "lineTrigger":"HitWith",
                          "move": "Arousara",
                          "theText":["'MMM!♥ Wow... I feel strange?'",
                                      "'I-I don't get what's happening, but this isn't so bad?'"]
                        },
                        {
                            "lineTrigger":"AutoCounter",
                            "move": "Electrify",
                            "theText":["|f|CallCombatEventAndScene|/|ClaraCombatEvents|/|No Bulli|n|"]
                        },
                        {
                          "lineTrigger":"HitWith",
                          "move": "Breast Caress",
                          "theText":["She gasps and moans as you play with her breasts.",
                                      "'Hahhh...♥' Y-you can keep going if you want!",
                                      "'Mmmm... I-I don't mind if it's you♥'"]
                        },
                        {
                          "lineTrigger":"HitWith",
                          "move": "Breast Massage",
                          "theText":["She gasps and moans as you play with her breasts.",
                                      "'Hahhh...♥' Y-you can keep going if you want!",
                                      "'Mmmm... I-I don't mind if it's you♥'"]
                        },
                        {
                          "lineTrigger":"HitWith",
                          "move": "Suckle",
                          "theText":["'If it's you... you can have as much milk as you want♥'",
                                      "'AHHH!♥' She trembles in your hands, breasts leaking milk.",
                                      "'Y-you can drink all you want♥'",
                                      "She gasps in pleasure and pulls your face into her small chest."]
                        },
                        {
                          "lineTrigger":"HitWith",
                          "move": "Breast Nuzzle",
                          "theText":["'Mmmm...♥ This is... Nice...'",
                                      "'Hahhh...♥' Y-you can keep going if you want!",
                                      "'Mmmm... I-I don't mind if it's you♥'",
									  "'Hee hee, I feel like a mommy now♥' She caresses the back of your head."]
                        },
                        {
                          "lineTrigger":"AutoCounter",
                          "move": "Pinch Nipples",
                          "theText":["|f|CallCombatEventAndScene|/|ClaraCombatEvents|/|No Bulli|n|"]
                        },
                        {
                          "lineTrigger":"HitWith",
                          "move": "Penetrate",
                          "theText":["'AH! Oh g-gosh, is that thing even going to f-fit?'",
                                      "'If - if it's you, I'll... I'll try it!'",
                                      "'P-please be gentle with me!'"]
                        },
						{
                            "lineTrigger":"AutoCounter",
                            "move": "Anal Penetration",
                            "theText":["|f|CallCombatEventAndScene|/|ClaraCombatEvents|/|No Anal|n|"
                                        ]
                        },
                        {
                          "lineTrigger":"HitWith",
                          "move": "Thrust",
                          "theText":["'Ah! Oh! That... that feels so good!'",
                                      "'Mmmh... please be gentle♥'",
                                      "'Ahhhn, more!'",
                                      "'Hahhh...♥'"]
                        },
                        {
                          "lineTrigger":"HitWith",
                          "move": "Pound",
                          "theText":["'Oh! Ow! It hurts, but it feels good!'",
                                      "'This is kind of hard, but... I like it?♥'",
                                      "'I-I'm a big girl! I can t-take it!♥'"]
                        },
                        {
                          "lineTrigger":"HitWith",
                          "move": "Multi Thrust",
                          "theText":["'Ah! Ah! AH! I-I can't keep upppp!'",
                                      "'I-I'm a big girl! I can t-take it!♥'",
                                      "'M-my head is spinning, I can't...♥ Please keep going!♥'",
                                      "'Don't stop! Please don't stop!'"]
                        },
                        {
                          "lineTrigger":"HitWith",
                          "move": "Empowered Thrust",
                          "theText":["'Oh-oh gosh, my head feels we-weird, what is- ahhhh!'",
                                      "'I-I'm a big girl! I can t-take it!♥'",
                                      "'M-my head is spinning, I can't...♥ Please keep going!♥'",
                                      "'Don't stop! Please don't stop!'"]
                        },
                        {
                          "lineTrigger":"HitWith",
                          "move": "Charm",
                          "theText":["'Oh... ah, m-maybe if it's you, I- I could be your little sister...♥'",
                                      "'Ah... heehee... I'm all yours♥'"]
                        },
                        {
                          "lineTrigger":"HitWith",
                          "move": "Sleep",
                          "theText":["'Is it naptime... already...?'",
                                      "'...Can you tell me a bedtime story first?'"
                                      ]
                        },
                        {
                          "lineTrigger":"HitWith",
                          "move": "Seduce",
                          "theText":["'W-wow, you're even more handsome than I thought!'",
                                      "'I-I must be the luckiest girl on the mountain if you like me that much♥'",
                                      "'Y-you can milk me any day♥'"]
                        },
                        {
                            "lineTrigger":"HitWith",
                            "move": "Ear Tease",
                            "theText":["'This is... weird... but if you like this kind of thing...♥'",
                                        "'I don't really get it... but it's okay if you like it!'"]
                        },
                        {
                            "lineTrigger":"UsesMove",
                            "move": "Handjob",
                            "theText":["'I- I don't really know what I'm doing, but my sister said boys like this, so...'",
                                      "'O-oh wow, it's so big and warm... this is kind of exciting!'",
                                      "'Hmm, is this enough foreplay?'"]
                        },
                        {
                            "lineTrigger":"UsesMove",
                            "move": "Tiny Tighten",
                            "theText":[
										"'Hee hee... you're making such a cute face, do I r-really feel that good?♥'",
                                        "'O-oh gosh, I'm so glad I could fit so much of you...♥'",
                                        "'T-this feels really good... I hope it does for you too♥'",
                                        "'I-I'm turning into a bad girl, but this feels soooo good♥'"]
                        },
						{
                            "lineTrigger":"UsesMove",
                            "move": "Tiny Grind",
                            "theText":[
										"'Wow, I'm hardly moving and you already have such a cute face♥'",
                                        "'Hee hee... you really enjoy this, huh? I'm glad we both can♥'",
                                        "'I-I'm so glad I can do this with you... and only you♥'",
                                        "'I-I'll make you feel really good, s-so you can just relax and let me go!'"]
                        },
                        {
                            "lineTrigger":"UsesMove",
                            "move": "Tiny Bounce",
                            "theText":[
										"'Ah♥! Ah♥ AHHH♥! You're turning me into such a bad girl, you should take responsibility♥'",
                                        "'Oh g-gosh, please, more, MORE, fill me up♥ I can't stop♥'",
                                        "'Hmmm,♥ hehe, you r-really like my body this much, huh? Well... you can have it all♥'",
                                        "'Hehe, t-this is kinda fun, I really like it... and you♥'"]
                        },
                        {
                            "lineTrigger":"UsesMove",
                            "move": "Tiny Blowjob",
                            "theText":["'Mmmh♥ Look, look, I can fit so much in my mouth♥",
                                      "'Eheheh... you taste so good♥'",
                                      "'Ahhhhn... won't you give me some milk?'"]
                        },
                        {
                            "lineTrigger":"UsesMove",
                            "move": "Tiny Kissjob",
                            "theText":["'Mwa♥ Hee hee, you made such a silly face♥'",
                                      "'Don't worry, I just want to kiss it a lot♥'",
                                      "'You can guide my head if you want♥'",
                                      "'Mmmm...♥'"]
                        },
                        {
                            "lineTrigger":"UsesMove",
                            "move": "Tiny Teasing Tongue",
                            "theText":["'I can't lick it all at once, but... isn't this even better♥?'",
                                      "'You don't have to fight anymore, just relax♥'",
                                      "'I may not have magic saliva, but this is pretty good too, right?♥'",
                                      "'Enjoying yourself?♥'"]
                        },
                        {
                            "lineTrigger":"LowHealth",
                            "move": "",
                            "theText":["'MMMMMmmm...♥ Ah, oh no, I- I gotta keep going until you're satisfied!'",
                                      "'Ahhhh?!♥ Y-You're really good at this, big brother...'",
                                      "'MMMmmmhhhhh!♥ D-do you want me to be your little sister... or a mommy?'",
                                      "'Hnnnngh♥ Ahh...♥ I never want this to end♥'"]
                        },
                        {
                            "lineTrigger":"PlayerLowHealth",
                            "move": "",
                            "theText":["'O-oh wow, you're already so close... you should definitely do it i-inside me♥'",
                                        "'Heehee♪ Your face tells me everything, make sure you don't waste any♥'",
                                        "'I-if I make you cum, y-you have to do the same for me, okay?'",
                                        "'Oh no! I-I'm sorry, I promise I'll let you go if I win!'",
                                        "'Wow, t-this is easier than I thought... are you going easy on me just 'cuz I'm small?'"]
                        },
                        {
                            "lineTrigger":"OnPlayerOrgasm",
                            "move": "Sex",
                            "theText":[
										"Clara senses your coming orgasm and works her hips even more intensely, smiling sweetly up at you with lust burning through her seemingly innocent gaze. The relentless gyrating motions and her incredible tightness are too much to resist for long and you flood her pussy with a massive load of semen, spurting rope after rope inside her as she moans in ecstacy.|n||f|CallCombatEventAndScene|/|ClaraCombatEvents|/|OrgasmSex|n|",
                                        "You grit your teeth and try to endure the pleasure of her incredible pussy, but as Clara bounces up and down on your shaft, her small breasts jiggling enticingly and drowning your shaft in mind-melting pleasure as her tiny pussy works every inch, you helplessly cum inside her with a torrent of hot semen. The small cowgirl continues riding you throughout, milking you for every drop.|n||f|CallCombatEventAndScene|/|ClaraCombatEvents|/|OrgasmSex|n|",
                                        "Drunk with pleasure as she grinds against your cock, its bulge barely visible against her belly. You feel your reserve slipping away as she smiles sweetly up at you and grab her hips, impaling her on your cock and ejaculate explosively inside her with a torrential stream of cum!|n||f|CallCombatEventAndScene|/|ClaraCombatEvents|/|OrgasmSex|n|",
                                        "You feel yourself rapidly approaching orgasm as Clara rides your shaft, entwining her fingers with yours as she slowly picks up the pace until she is slamming her hips into yours, almost completely hilting your cock with mind-shattering pleasure that forces you to flood her pussy with load after load of semen.|n||f|CallCombatEventAndScene|/|ClaraCombatEvents|/|OrgasmSex|n|"
                                      ]
                        },
						{
                            "lineTrigger":"OnPlayerOrgasm",
                            "move": "Blowjob",
                            "theText":[
										"Clara continues to lick and suck and kiss your shaft relentlessly, sending wet slurping and kissing noises through your addled mind as you helplessly cum violently for her.|n|She gasps as semen drenches her throat and fills her mouth, but dutifully drinks it all down as best she can, sucking and working the shaft until your orgasm finally wanes.|n||f|CallCombatEventAndScene|/|ClaraCombatEvents|/|OrgasmBJ|n|",
                                        "Sensing you are near your limit, Clara looks up innocently as she leaves a messy trail of saliva-drenched kisses around the tip of your cock, affectionately servicing it relentlessy.|n|It doesn't take long to rip a massive orgasm from your aching shaft, coating her face in strings of cum before she wraps her lips around the glans and drinks the rest down dutifully.|n||f|CallCombatEventAndScene|/|ClaraCombatEvents|/|OrgasmBJ|n|"
                                      ]
                        },
                        {
                            "lineTrigger":"OnPlayerOrgasm",
                            "move": "",
                            "theText":[
										"You grunt with exertion as you helplessly cum, streaking the ground uselessly with wasted cum. Clara looks torn between pride at making you cum, and disappointed that it didn't end up inside her.",
                                        "Clara squeaks in surprise as you cum helplessly, sending spurts of cum outward onto the rocky ground. One string ends up on her hands and she licks it off experimentally, nodding her head and smiling up at you. ...You get the distinct sense she expects more."
                                      ]
                        },
                        {
                            "lineTrigger":"OnOrgasm",
                            "move": "",
                            "theText":["'Ah-AAAAAAAAAH!♥ Oh, ah, th-that was... incredible... hehe♥'",
                                      "'AAAAAHHHHHHH!♥♥♥ Mmmmmmm...♥ Y-You're really good at this♥ I could get used to this...'",
                                      "'MMMMMMMMMMHHHH♥♥♥ Hahhhh...♥ Hahhhh...♥ I feel so tired, but... good...♥",
                                      "'EEEEEE!♥♥♥ Ahhh,♥ hahhh...♥ Y-You really took charge of that.♥'"
                                      ]
                        },
                        {
                            "lineTrigger":"OnSurrender",
                            "move": "",
                            "theText":["'Oh, y-you don't want to fight anymore? Umm... does that mean I win...?' She looks confused but hesitantly happy.",
                                      "'D-don't worry! I won't hurt you or anything!' There is a bit of a dangerous glint in her eyes, though..."]
                        },
                        {
                            "lineTrigger":"StanceStruggle",
                            "move": "Sex",
                            "theText":["{ThePlayerName} tries to pull out of {AttackerName}'s overwhelmingly tight pussy..."]
                        },
                        {
                            "lineTrigger":"stanceStruggleFail",
                            "move": "Sex",
                            "theText":["But Clara's body tightens around your shaft until you can't even remember why you wanted to do something as stupid as pullling out?",
                                        "And manage to get partially out before Clara giggles and slams her hips down, flooding you with overwhelming pleasure!",
                                        "But {AttackerName} hugs you, her small arms barely reaching around your waist, and you lose the desire to lose her warmth...",
                                        "But as she grinds her hips alluringly against yours, pleasuring your shaft endlessly, you find yourself thrusting back into her instead!"]
                        },
                        {
                            "lineTrigger":"StanceStruggleComment",
                            "move": "Sex",
                            "theText":["",
                                      "'Hehe... don't you want to stay inside? You can cum any time♥'",
                                        "'Eheh... I won't let you go without a fight♥'",
                                        "'Aww... is my body not enough for you...?'",
                                        "'M-maybe you could just fill me once or twice first?'"]
                        },
                        {
                            "lineTrigger":"StanceStruggleFree",
                            "move": "Sex",
                            "theText":[
                                      "And free yourself from {AttackerName}'s delectable body!"]
                        },
                        {
                            "lineTrigger":"StanceStruggleFreeComment",
                            "move": "Sex",
                            "theText":["'H-Hey! Aww... maybe I really do need a sexier body...'",
                                      "'Ah, I-I'm sorry, I s-should have known you wouldn't want to do it with me...'",
                                      "'Ehehe... that was fun while it lasted. You can put it back in any time♥'",
                                      "'Ahh... I wish my boobs were big enough to smother you, then you'd definitely want to stay inside♥'"]
                        },
						{
                            "lineTrigger":"StanceStruggle",
                            "move": "Blowjob",
                            "theText":["{ThePlayerName} tries to pull out of {AttackerName}'s wet mouth..."]
                        },
                        {
                            "lineTrigger":"stanceStruggleFail",
                            "move": "Blowjob",
                            "theText":[
										"But Clara giggles and loops her tongue around the glans, the intense pleasure almost taking your legs out from under you!",
                                        "But terrified of losing her meal, Clara loops her small arms around you and pulls you deep into her throat!",
                                        "But as she continues to lick and suck on your shaft, you find your hands guiding her head down it instead!",
                                        "But as she bobs her head up and down on your shaft, her tight tiny mouth sending waves of pleasure down your body, you decide to let her keep going..."]
                        },
                        {
                            "lineTrigger":"StanceStruggleComment",
                            "move": "Blowjob",
                            "theText":["",
                                      "'Mmmmh... You can cum any time♥'",
                                        "'Eheheh... I want to drink your milk this time♥'",
                                        "'Aww... is my mouth not big enough to fill all of you...?'",
                                        "'M-maybe you could just give me a drink first?'"]
                        },
                        {
                            "lineTrigger":"StanceStruggleFree",
                            "move": "Blowjob",
                            "theText":[
                                      "And free yourself from {AttackerName}'s lips!"]
                        },
                        {
                            "lineTrigger":"StanceStruggleFreeComment",
                            "move": "Blowjob",
                            "theText":["'H-Hey! Aww... maybe I should have tried nibbling...'",
                                      "'Ah, m-maybe I got carried away?'",
                                      "'T-that was actually pretty fun while it lasted... thanks, {ThePlayerName}♥'"]
                        },
                        {
                            "lineTrigger":"StanceStruggle",
                            "move": "Suckle",
                            "theText":["{ThePlayerName} tries to pull {TargetHisOrHer} face free from {AttackerName}'s tiny breasts...",
                                        "{ThePlayerName} tries to push away from {AttackerName}'s soft cleavage..."]
                        },
                        {
                            "lineTrigger":"stanceStruggleFail",
                            "move": "Suckle",
                            "theText":["But she tenderly pulls you back into her incredibly soft chest with her small arms!",
                                        "Grabbing {AttackerName}'s smooth tummy to push away, you find your fingers tracing the tender flesh, your face still buried in her chest!",
                                        "But her soft arms are tightly wrapped around the back of your head, keeping your face buried in her delectable chest.",
                                        "But as you start to pull away, {AttackerName} squeezes her soft breasts tightly around your head, their underwhelming volume made up for by the flawless texture."]
                        },
                        {
                            "lineTrigger":"StanceStruggleComment",
                            "move": "Suckle",
                            "theText":[ "'Hehe... I may not be that impressive, but a holstaur is a holstaur!'",
                                        "'Aww, are you trying to fight back? Why not just relax and milk me dry?'",
                                        "'If you milk me, I'll milk you... not a bad trade, right?♥'",
                                        "'A-ah, don't be so rough, they're still tender...'",
                                        "'H-Hey, i-if a girl lets you use her breasts, y-you should be thankful!.'"]
                        },
                        {
                            "lineTrigger":"StanceStruggleFree",
                            "move": "Suckle",
                            "theText":["And manage to free your face from {AttackerName}'s adorable chest!"]
                        },
                        {
                            "lineTrigger":"StanceStruggleFreeComment",
                            "move": "Suckle",
                            "theText":["'Awww... I guess I really do need a bigger chest.'",
                                      "'Geez, y-you could have milked me a bit more first...'",
                                      "'Hmm, maybe I should have tried a sexy pose?"]
                        },
                        {
                            "lineTrigger":"StanceStruggle",
                            "move": "Making Out",
                            "theText":["{ThePlayerName} tries to pull away from {AttackerName}'s lips..."]
                        },
                        {
                            "lineTrigger":"stanceStruggleFail",
                            "move": "Making Out",
                            "theText":["But she keeps her arms wrapped around the back of {ThePlayerName}'s neck, keeping {TargetHimOrHer} in a tender make out session!"]
                        },
                        {
                            "lineTrigger":"StanceStruggleComment",
                            "move": "Making Out",
                            "theText":["",
                                        "'Mmmm, you started this.'",
                                        "'Ehehe... you're handsome and nice♥'",
                                        "'Hey, I bet making out while filling me up inside would be fun♥'"]
                        },
                        {
                            "lineTrigger":"StanceStruggleFree",
                            "move": "Making Out",
                            "theText":["And manage to pull free from {AttackerName}'s mouth!"]
                        },
                        {
                            "lineTrigger":"StanceStruggleFreeComment",
                            "move": "Making Out",
                            "theText":["'O-oh, I was having fun...'",
                                      "'W-was I not good enough at kissing...?'",
                                      "'Eh? Ah! Oh, I got too distracted!'"]
                        }
                      ],
  "victoryScenes": [
          {
              "NameOfScene": "ClaraDefeatedSex",
              "move": "",
              "stance": "Sex",
              "includes": ["Clara"],
              "theScene":[
                            "ClearMonsterEncounter",
                            "JumpToEventThenScene",
                            "Clara Defeated",
                            "SexStart"
                        ],
              "picture":""
          },
          {
              "NameOfScene": "ClaraDefeatedBlowjob",
              "move": "",
              "stance": "Blowjob",
              "includes": ["Clara"],
              "theScene":[
                            "ClearMonsterEncounter",
                            "JumpToEventThenScene",
                            "Clara Defeated",
                            "OralStart"
                        ],
              "picture":""
          },
          {
              "NameOfScene": "ClaraDefeated",
              "move": "",
              "stance": "",
              "includes": [""],
              "theScene":[
                            "ClearMonsterEncounter",
                            "JumpToEventThenScene",
                            "Clara Defeated",
							"GenericStart"
                        ],
              "picture":""
          }
        ],
        "pictures": [
                      {
                          "Name":"Base",
                          "StartOn": "1",
                          "AlwaysOn": "1",
                          "IsScene": "0",
                          "TheBody": "1",
                          "Overlay": "No",
                          "setXalign": "0.0",
                          "setYalign": "0.1",
                          "Images":[
                          {
                              "Name":"Base",
                              "File": "../Mods/Waifupocalypse/Images/Clara/Base.jpg",
                              "setXalign": "0.0",
                              "setYalign": "0.0"
                          },
                          {
                              "Name":"Surprise",
                              "File": "../Mods/Waifupocalypse/Images/Clara/Surprise.jpg",
                              "setXalign": "0.0",
                              "setYalign": "0.0"
                          },
                          {
                              "Name":"Milk",
                              "File": "../Mods/Waifupocalypse/Images/Clara/Milk.jpg",
                              "setXalign": "0.0",
                              "setYalign": "0.0"
                          }

                        ]
                      }
                    ]
}
