{
    "name": "ClaraCombatEvents",
    "CardType": "",
    "CardLimit": "0",
    "Description": "",
    "requires": [""],
    "Speakers": [
                  {
                    "name": "Clara",
                    "postName": "",
                    "SpeakerType": "Monster"
                  }
                ],
    "EventText": [
					{
                        "NameOfScene": "No Bulli",
                        "theScene":[
									"SkipPlayerAttack",
									"But her aura of cuteness makes you feel like a total asshole for even trying to hit her, added to her reaction...",
									"JumpToRandomScene",
									"BulliFlavor1",
									"BulliFlavor2",
									"BulliFlavor3",
									"EndLoop"
                                  ]
                    },
					{
                              "NameOfScene": "BulliFlavor1",
                              "theScene":[
											"Speaks",
											"'Hawawa! What did I do wrong?'"
                                        ]
					},
					{
                              "NameOfScene": "BulliFlavor2",
                              "theScene":[
											"Speaks",
											"'I-I'm sorry! Please don't hit me!'"
                                        ]
					},
					{
                              "NameOfScene": "BulliFlavor3",
                              "theScene":[
											"Speaks",
											"'Ow ow ow ow! Why are you hitting me?'"
                                        ]
					},
					{
                              "NameOfScene": "No Dildo",
                              "theScene":[
											"She eyes your tool with abject horror, slapping it away fervently.",
											"Speaks",
											"'I don't want that! M-m-maybe if it was your... nevermind!'"
                                        ]
					},
					{
                        "NameOfScene": "No Anal",
                        "theScene":[
									"SkipPlayerAttack",
									"But Clara shies away in horror, both hands on her butt protectively.",
									"Speaks",
									"I-I REALLY don't think that will fit, at all! Please!",
									"...You're pretty sure she's right, and besides, when a girl's that much against it, pushing the idea would be a real dick move.",
									"Heh, dick."
                                  ]
                    },
					{
                              "NameOfScene": "Milkman",
                              "theScene":[
											"IfPlayerHasStance",
											"Sex",
											"SexSuckleCheck",
											"JumpToScene",
											"NoSexSuckle"
                                        ]
					},
					{
                              "NameOfScene": "SexSuckleCheck",
                              "theScene":[
											"Clara looks up at you pleadingly, puffing her chest out in an obvious request to milk her, and she's so god damn fucking adorable - especially impaled on your cock - it's hard to say no, even in the midst of battle...",
											"Menu",
											"RequiresStat",
											"Willpower",
											"30",
											"Turn the tables!",
											"RequiresStat",
											"Willpower",
											"20",
											"Resist!",
											"Suckle her",
											"EndLoop"

                                        ]
					},
					{
                              "NameOfScene": "Turn the tables!",
                              "theScene":[
											"HitMonsterWith",
											"Suckle",
											"Your oral assault deals {FinalDamage} arousal to the horny holstaur, but in her distraction you pull back and avoid getting caught!"
                                        ]
					},
					{
                              "NameOfScene": "Resist!",
                              "theScene":[
											"As adorable as she is, you manage to summon the willpower to avoid falling into her trap!"
                                        ]
					},
					{
                              "NameOfScene": "Suckle her",
                              "theScene":[
											"Unable to resist her allure you happily bring your face in, suckling her soft chest with gusto as Clara moans in joy, bringing her hands around your head to lock you in place, all the while milking your cock lovingly!",
											"ApplyStance",
											"Suckle",
											"HitPlayerWith",
											"Tiny Suckle"
                                        ]
					},
					{
                              "NameOfScene": "NoSexSuckle",
                              "theScene":[
											"Clara looks up at you with a glimmer in her eyes, hesitantly blushing but working herself up to talk nonetheless",
											"Speaks",
											"If you want, w-we could, um, you know, m-milk each other... o-or I could milk you... maybe it would be fun?♥",
											"Menu",
											"Accept her offer!",
											"Let her milk you!",
											"RequiresStat",
											"Willpower",
											"20",
											"Resist her offer!",
											"RequiresStat",
											"Willpower",
											"15",
											"Mostly resist her offer...",
											"EndLoop"
                                        ]
					},
					{
                              "NameOfScene": "Accept her offer!",
                              "theScene":[
											"Part of your mind tells you to refuse... but looking at the adorable girl in front of you, fidgeting as she tries to show off her small breasts, you find it very easy to just go with the flow.",
											"She brightens immediately, running up to you and hugging your waist as she kisses your chest.",
											"Speaks",
											"Thank you! I- I promise I'll do my best! You're the best!",
											"JumpToScene",
											"ActuallyStartsSexSuckle"
                                     ]
                    },
					{
                              "NameOfScene": "Let her milk you!",
                              "theScene":[
											"You can't help but imagine her small mouth wrapped around your cock, her tiny tongue working the length as you feed her load after load of milk. Could she drink it all down, or would would it splash out, dripping down her chin and onto her pert little breasts?",
											"Clara takes advantage of your distraction, taking your rigid shaft in her hands and giving the tip a big wet kiss as she looks up at you with unbridled affection and gratitude.",
											"Speaks",
											"Thank you! I promise I'll make you feel good.♥",
											"ApplyStance",
											"Blowjob"
                                     ]
                    },
					{
                              "NameOfScene": "Mostly resist her offer...",
                              "theScene":[
											"It's impossible to ignore her allure entirely, lewd visions of using her body in all kinds of lewd ways flooding your mind; giving her creampie after creampie, flooding her mouth until she can't swallow it anymore, dying her tanned skin white with load after load of cum...",
											"...But you have enough presence of mind to refuse... barely.",
											"ChangeArousal",
											"50"
                                     ]
                    },
					{
                              "NameOfScene": "ActuallyStartsSexSuckle",
                              "theScene":[
											"ApplyStance",
											"Sex",
											"ChangeArousalQuietly",
											"50",
											"You let her push you to the ground, mounting your rigid rod gingerly and drenching it in her juices almost immediately as she strains against its girth; her tight pussy feels utterly divine on your cock.",
											"Though she's grimacing slightly from the pressure, she still smiles tenderly up at you, offering her small chest",
											"Charmed by her cuteness, you willingly move in, beginning to suck on her cute little boobs, thirsty for the milk you know is stored within...",
											"ApplyStance",
											"Suckle",
											"HitPlayerWith",
											"Tiny Suckle",
											"HitMonsterWith",
											"Suckle"
                                     ]
                    },
                    {
                        "NameOfScene": "Resist her offer!",
                        "theScene":[
									"You manage to resist the adorable cowgirl's offer, and even manage to survive a small piece of your soul dying as she looks away, eyes downcast, at the failure of her clumsy attempt at seduction."
                                  ]
                    },
					{
						"NameOfScene": "OrgasmSex",
						"theScene":[
									"As your massive load slows, thick gobs of semen dripping out of her drenched pussy, Clara looks up at you with an almost mischievous air and slams her hips down hard, her unbelievably tight and wet pussy tightening around you as she tries to milk you even more...",
									"Menu",
									"Try to resist!",
									"Give in to your lust!",
									"EndLoop"

								]
					},
					{
                        "NameOfScene": "Try to resist!",
                        "theScene":[
									"StatCheck",
									"Temptation",
									"30",
									"ResistCumAgain",
									"Temptation",
									"15",
									"ResistCumAgainMuch",
									"Fail",
									"IMPREGNATE HER!"
                                  ]
                    },
					{
                        "NameOfScene": "ResistCumAgain",
                        "theScene":[
									"But your iron willpower is too much for the pint-sized holstaurus, and you manage to ignore the intense pleasure!"
                                  ]
                    },
					{
                        "NameOfScene": "ResistCumAgainMuch",
                        "theScene":[
									"PlayerOrgasm",
									"1",
									"You manage to avoid the sudden desperate urge to pin her down and fuck her until her tiny body is drenched in your semen, but the unbelievable pleasure of her small body is too much to ignore, and you grunt as you flood her insides with another wave of cum before you can fully regain control of yourself!"
                                  ]
                    },
					{
                        "NameOfScene": "Give in to your lust!",
                        "theScene":[
									"JumpToScene",
									"IMPREGNATE HER!"
                                  ]
                    },
					{
                        "NameOfScene": "IMPREGNATE HER!",
                        "theScene":[
									"IfPlayerDoesntHaveStance",
									"Suckle",
									"Creampie",
									"PlayerOrgasm",
									"1",
									"It's too much to handle, and her cute little grin sends you over the edge, grabbing the small cowgirl and slamming her down on your cock as you flood her pussy with another gargantuan load of semen; the sense of her tiny body spasming in orgasmic pleasure drives you even wilder!",
									"ApplyStatusEffect",
									"Clara's Milk",
									"HitMonsterWith",
									"Suckle",
									"PlayerOrgasm",
									"1",
									"Maybe it's the delicious milk corkscrewing through your mind, or Clara's mixed expression of pleasurable pain and lidded lust, but your body moves on its own, flooding her tight pussy with yet another load of sticky cum, and you can hear her gasp as some of it splashes inside her womb from the sheer force."
                                  ]
                    },
					{
                        "NameOfScene": "Creampie",
                        "theScene":[
									"PlayerOrgasm",
									"1",
									"It's too much to handle, and her cute little grin sends you over the edge, grabbing the small cowgirl and slamming her down on your cock as you flood her pussy with another gargantuan load of semen; the sense of her tiny body spasming in orgasmic pleasure drives you even wilder and you find yourself suckling her breasts by reflex.",
									"ApplyStance",
									"Suckle",
									"ApplyStatusEffect",
									"Clara's Milk",
									"HitMonsterWith",
									"Suckle",
									"PlayerOrgasm",
									"1",
									"Maybe it's the delicious milk corkscrewing through your mind as you suck hard, or Clara's mixed expression of pleasurable pain and lidded lust, but your body moves on its own, flooding her tight pussy with yet another load of sticky cum, and you can hear her gasp as some of it splashes inside her womb from the sheer force."
                                  ]
                    },
					{
						"NameOfScene": "OrgasmBJ",
						"theScene":[
									"You're left gasping for air with your shaft still partially engulfed in her warm mouth, thick ropes of semen dripping out of her lips as she struggles to swallow the remainder of your load.",
									"But a shockwave of sensation shoots up your shaft as you realize she's already starting to lick and suck it again, staring up at you with loving eyes!",
									"Menu",
									"Try to resist the BJ!",
									"Drench her face!",
									"EndLoop"

								]
					},
					{
                        "NameOfScene": "Try to resist the BJ!",
                        "theScene":[
									"StatCheck",
									"Willpower",
									"30",
									"ResistCumAgainBJ",
									"Willpower",
									"15",
									"ResistCumAgainMuchBJ",
									"Fail",
									"Drench her face!"
                                  ]
                    },
					{
                        "NameOfScene": "ResistCumAgainBJ",
                        "theScene":[
									"But you manage to reign yourself in, and she gives up after one more tender kiss to the tip."
                                  ]
                    },
					{
                        "NameOfScene": "ResistCumAgainMuchBJ",
                        "theScene":[
									"You do your best to resist her teasing tongue and warm mouth, but the sensations emanating through your groan are almost as hard to ignore as the needy look in her eyes as she gazes intently up at you, begging for more.",
									"PlayerOrgasm",
									"1",
									"Before long you find yourself cumming again, sending rope after rope of your milk into her eagerly waiting mouth as she happily drinks every drop of it down!"
                                  ]
                    },
					{
                        "NameOfScene": "Drench her face!",
                        "theScene":[
									"Her oral assault rapidly draws a well of sensations in your groin, a building force of pressure that erupts out as she gives the glans another lick and a naughty look up.",
									"PlayerOrgasm",
									"1",
									"As she looks up you lose control for a moment, staring into her eyes, and coat her face in streams of cum almost immediately. The affectionate cowgirl start in surprise, but happily wraps her lips around the head and drinks the remainder down.",
									"As she finishes, she retreats long enough to run her fingers down her face, wiping off what cum she can into her palms and drinking it down with a joyous expression, repeating the action until her face is almost clean.",
									"The display has left you rock hard already, poking her cheek, and with a tender smile she puts it back into her mouth, caressing the extremely sensitive glans with her tongue.",
									"The mix of overstimulation, the display from before, and the absolute devotion with which she tenderly services your shaft is overwhelming, a nonstop trail of kisses and licks surrounding the shaft before reaching the glans again and sucking deeply on it.",
									"PlayerOrgasm",
									"1",
									"It doesn't take long before you find yourself cumming again, this time into a happily waiting mouth as Clara loudly gulps down every drop, slurping lewdly as she drains your cock dry.",
									"When her wet mouth finally relinquishes its grip, your drained shaft is completely clean aside from the trail of saliva running down it as she smiles up at you, taking one last gulp before showing off her empty mouth... then grabs your shaft again and kisses it lovingly."
                                  ]
                    }
                ]
}
