{
    "name": "MetatronCombatEvents",
    "CardType": "",
    "CardLimit": "0",
    "Description": "",
    "requires": [""],
    "Speakers": [
                  {
                    "name": "Archangel Metatron",
                    "postName": "",
                    "SpeakerType": "Monster"
                  }
                ],
    "EventText": [
					{
                        "NameOfScene": "Randomize",
                        "theScene":["JumpToRandomScene",
									"Roaring Blood",
									"Endless Thirst",
									"Horny as Fuck",
                                    "EndLoop"
                                  ]
                    },
					{
                              "NameOfScene": "Roaring Blood",
                              "theScene":[  "Speaks",
											"Ah, the goddess's blessing is upon me... I can feel my strength growing!",
											"ChangeMonsterMaxSpirit",
											"1"
                                        ]
					},
					{
                              "NameOfScene": "Horny as Fuck",
                              "theScene":[  "Speaks",
											"I- I'm sorry but please FUCK ME I need i- no no I don't - I do - aaaaa! Let's just fight!",
											"GivePerkToMonster",
											"Semen Frenzy",
											"GivePerkToMonster",
											"Semen Eater",
											"GiveSkillToMonster",
											"Sensual Leg Locked Love Making",
											"GiveSkillToMonster",
											"Insert"
                                        ]
					},
					{
                              "NameOfScene": "Endless Thirst",
                              "theScene":[  "Speaks",
											"I met a lovely young lady at an inn who gave me some instructions... in the oral, ah, arts. Please feel free to allow me to practice. I will ensure that you receive a... memorable reward if you do.♥",
											"...Did she just try to flirt with you? And what kind of inn keeper... Oh. Right. Well, you're gonna die.",
											"GiveSkillToMonster",
											"Blowjob",
											"GiveSkillToMonster",
											"Deepthroat",
											"GivePerkToMonster",
											"Semen Frenzy",
											"GivePerkToMonster",
											"Semen Eater"
                                     ]
                    },
                    {
                        "NameOfScene": "CheckStun",
                        "theScene":["IfPlayerHasStatusEffect",
                                    "Stun",
									"CheckStance"
                                  ]
                    },
					{
                        "NameOfScene": "CheckStance",
                        "theScene":["IfPlayerDoesntHaveStance",
                                    "Sex",
									"MountUp"
                                  ]
                    },
					{
                        "NameOfScene": "MountUp",
                        "theScene":["ApplyStance",
									"Sex",
									"As you stagger from the force of her attack, a jet of arcane energy propels the angel forwards, bowling you over as she impales herself on your cock!",
									"ChangeArousalQuietly",
									"30"
                                  ]
                    }
                ]
}