{
    "name": "MountaintronCombatEvents",
    "CardType": "",
    "CardLimit": "0",
    "Description": "",
    "requires": [""],
    "Speakers": [
                  {
                    "name": "Mountaintron",
                    "postName": "",
                    "SpeakerType": "Monster"
                  }
                ],
    "EventText": [
					{
                        "NameOfScene": "Reset",
                        "theScene":[
									"SetProgress",
									"0"
                                  ]
                    },
					{
                        "NameOfScene": "CheckPhase",
                        "theScene":[
									"ProgressEquals",
									"2",
									"Phase 3 Check",
									"ProgressEquals",
									"1",
									"Phase 2"
                                  ]
                    },
					{
                              "NameOfScene": "Phase 2",
                              "theScene":[  
											"The vast quantities of divine energy suffusing the area are affecting your mind and body alike, making your body feel hotter by the minute while inducing vague but overwhelmingly perverse visions of various sexual acts with the angel in your mind!",
											"ChangeArousalQuietly",
											"30"
                                        ]
					},
					{
                              "NameOfScene": "Phase 3 Check",
                              "theScene":[  
											"IfPlayerHasStance",
											"Sex",
											"Phase 3 Sex",
											"Metatron flushes as her own magic betrays her body; while her stance offers great power, she is far from immune to the aphrodisiac effect it always carries.",
											"ChangeMonsterArousal",
											"20"
                                        ]
					},
					{
                              "NameOfScene": "Phase 3 Sex",
                              "theScene":[  
											"The enormous quantity of divine magic the angel is channeling to enhance her body flows through both of you where the two of you are connected, arousing her to no small degree, but also filling you with a desperate need to fuck her senseless!",
											"ChangeMonsterArousal",
											"40",
											"ChangeArousalQuietly",
											"40"
                                        ]
					},
					{
                              "NameOfScene": "EnterNewPhase",
                              "theScene":[  
											"ProgressEquals",
											"1",
											"Enter Phase 3",
											"ProgressEquals",
											"0",
											"Enter Phase 2"
                                        ]
					},
					{
                              "NameOfScene": "Enter Phase 2",
                              "theScene":[  
											"ClearStances",
											"The angel jumps back, a trail of juices running down her thigh as she recovers from her orgasm, but looks to be taking this fight a lot more seriously now!",
											"In fact, you can actually see flickers of magical distortion and even reflections flickering in and out of existence as she exudes an almost horrifying quantity of divine magic, filling the combat area with it, her feminine scent wafting throughout...",
											"Speaks",
											"I - will not be defeated so easily. Perhaps venting excess magic will aid my focus... and give you a taste of my existence. I will accept your surrender at any time if this is too much for you.♥",
											"ChangeProgress",
											"1"
                                        ]
					},
					{
                              "NameOfScene": "Enter Phase 3",
                              "theScene":[  
											"ClearStances",
											"The angel jumps back, a trail of juices running down her thigh as she recovers from her orgasm - but rather than looking overly defeated, she seems more fired up than anything!",
											"Bringing her arms up to her sides, she lets out a kiai shout that echoes down the mountain with magically infused volume, breathing deeply before divine energy crackles to life around her in a dizzying display of rainbow afterimages and golden streaks of light crackling around her, blowing away the standing magic nearby.",
											"As the outburst dissipates, she is surrounded by a visible aura of golden-white light, the intense magic surrounding her crackling with pulses of electricity, her divine core made manifest in the moment.",
											"Speaks",
											"Excellent! I have not been pushed thus in ages! You are a worthy foe, {ThePlayerName}, one worthy of being met with strength rather than cheap tricks.",
											"ApplyStatusEffectToMonster", "Mountaintron's Attack Buff",
											"ApplyStatusEffectToMonster", "Mountaintron's Defense Buff",
											"As the angel enters a combat stance, her movements more precise than before, the magic surrounding her seems to follow her movements, augmenting her attacks!",
											"ChangeProgress",
											"1"
                                        ]
					}
                ]
}