{
    "name": "Dark Mage Valerie",
    "IDname": "Dark Mage Valerie",
    "species": "Elven",
    "gender": "female",
    "description": "A proud, slender woman with pointed ears, hazel eyes, and long blonde hair. She is wearing a simple green tunic made of a combination of foliage and fabrics, covering her modest breasts, but ending in an incredibly short skirt that accentuates her long legs.",
    "encyclopedia": "A proud, all female race that lives in perfect harmony with nature. Elves are usually seen as a cool, distant species of monsters, but often have enormous libidos hidden underneath their calm exterior. Younger elves often have trouble suppressing these emotions, leading to wanton, hedonistic behavior whenever they encounter human men. Highly intelligent when not consumed with lust, they will often use tricks and traps to capture males to satisfy their urges.",
    "tags": "none",
    "generic": "True",
    "requires": [""],
    "skillList": ["Blowjob", "Kiss", "Deepthroat", "Vacuum Blowjob", "Tighten", "Elven Kiss", "Deep Kiss", "Oral Tease", "Grind", "Double Blowjob"],
    "perks": ["Semen Frenzy"],
    "stats": {"lvl": "1",
              "Exp":"1000",
              "max_hp":"125",
              "max_ep":"10",
              "max_sp": "1",
              "Power": "3",
              "Technique": "5",
              "Intelligence": "5",
              "Willpower": "1",
              "Allure": "6",
              "Luck": "4"
    },
    "Fetishes": ["Sex", "Sex", "Sex", "Sex", "Sex"],
    "BodySensitivity": {"Sex": "100",
              "Ass":"100",
              "Breasts":"100",
              "Mouth":"200",
              "Seduction": "200",
              "Magic": "100",
              "Pain": "100",
              "Holy": "100",
              "Unholy": "100"
    },
    "resistancesStatusEffects": {
              "Stun": "0",
              "Charm":"-50",
              "Aphrodisiac":"0",
              "Restraints":"0",
              "Sleep":"0",
              "Trance": "0",
              "Paralysis": "0"
    },
    "moneyDropped": "4000",
    "ItemDropList": [
                      {
                        "name": "Calming Potion",
                        "dropChance": "50"
                      },
                      {
                        "name": "Anaph Herb",
                        "dropChance": "25"
                      },
                      {
                        "name": "Stoic Rune",
                        "dropChance": "5"
                      }
                    ],
    "lossScenes": [
                    {
                        "NameOfScene": "Threesome",
                        "move": "",
                        "stance": "",
                        "includes": ["Elf", "Elf"],
                        "theScene":["JumpToLossEvent",
                                    "ElvenThreesome"
                                  ],
                        "picture":""
                    },
                    {
                        "NameOfScene": "Sex",
                        "move": "",
                        "stance": "Sex",
                        "includes": ["Elf"],
                        "theScene":["You groan as exhaustion overtakes your body, and the elf quickly pushes you down onto the ground while keeping your rigid manhood inside her exquisite pussy.",
                                    "Now in the cowgirl position, the elf lewdly grins down at you while she experimentally grinds her hips against yours and pulls out a small pink vial from a pouch under her clothing.",
                                    "Speaks",
                                    "Mmm,♥ now that I've caught you human, I'm going to make you a slave to elven pussies.♥",
                                    "She upends the vial into her mouth before forcing you into a deep kiss and making you swallow some of the sweet, ambrosia like liquid.",
                                    "As the drug flows down your throat, your body starts to get hotter, your mind starts to spin, and your cock throbs with lustful need.",
                                    "The elf breaks the kiss with a deep flush and a lewd grin.",
                                    "Speaks",
                                    "Now we're going to fuck until I'm your personal elven slut!♥ Ah... I mean, you become my personal sex toy.♥",
                                    "She braces herself on your chest and starts to bounce her hips on your achingly rigid manhood.",
                                    "As she rides your cock, you moan and writhe on the ground in pleasure, barely able to think as whatever she made you drink courses through you.",
                                    "Waves of ecstasy flow over your body with her every movement, making your aching balls tighten and your dick throb uncontrollably.",
                                    "Speaks",
                                    "I can feel it!♥ You're so close!♥ Cum!♥ Knock me up!♥",
                                    "With a rush of primal energy, your hands reach out and grab her hips before slamming her down onto your manhood.",
                                    "Your cock erupts in pleasure as you pump her tight elven pussy full of semen while she shudders and cries out in ecstasy.",
                                    "She grins down at you with a pleasure drunk expression on her face.",
                                    "Speaks",
                                    "C-Come on human, don't stop until I'm pregnant.♥",
                                    "Driven with an unstobbable need to fuck, you lift her hips and start to thrust up into her greedy slit as she moves down in time with your movements.",
                                    "Speaks",
                                    "That's it!♥ Fuck me!♥",
                                    "Her elven pussy clamps tightly around your shaft, eager to take more of your thick seed.",
                                    "Your cock throbs achingly in response, your every thrust bringing you closer to a cataclysmic orgasm.",
                                    "The two of you moan in lust as you slam your hips together, tingles of electric pleasure running over your skin as you feel the orgasm fast approaching.",
                                    "As you spurt load after load of your seed into the lusty elf, she quivers and cries out in her own orgasm as her arms give out and she collapses, panting heavily as she lays on your chest.",
                                    "She pulls you into a deep, loving kiss as the two of you continue to grind your hips together.",
                                    "Your hands move to grope her curved rear while she rubs her soft chest against you.",
                                    "The two of you moan into eachothers mouths as you start to thrust your hips together once more.",
                                    "Her tight elven pussy clings desperately to your erect and throbbing manhood, providing an intensely pleasurable sensation to your groin.",
                                    "The elf breaks the kiss with loud, wet smack and grins at you lewdly, gasping in pleasure.",
                                    "Speaks",
                                    "I think your cock's becoming very obedient to elven pussies now, isn't it?♥",
                                    "Stuck in a pleasure induced haze, you can only nod your head as your dick throbs, aching to give her more cum.",
                                    "Speaks",
                                    "Good human!♥ Now give this elven slut-♥ uhm, your elven {i}mistress{/i} your thick load.♥",
                                    "Much to the elf's delight, you thrust hard and fast into her tight slit, quickly sending you both into the throes of another orgasmic high.",
                                    "Her pussy eagerly accepts your seed, clamping down hard on your shaft as you cum, sending shivers of bliss through you.",
                                    "The two of you shudder with pleasure as orgasmic aftershocks flow through both of you, leaving you both gasping for air.",
                                    "Speaks",
                                    "Well, I'm definitly pregnant now.♥",
                                    "The elf giggles, and you find yourself completely exhausted as your arms fall to your sides.",
                                    "Speaks",
                                    "Mmm,♥ Ah, I should probably get you to the village...",
                                    "She gyrates her hips a little on your still achingly rigid manhood as she pushes herself up on her arms, gasping with lust.",
                                    "Speaks",
                                    "Well...♥  One more time can't hurt.♥",
                                    "The elf quickly begins to ride your overused cock, as if she was hardly tired from all the prior sex.",
                                    "Even delirious from pleasure, you can tell whatever energy the potion gave you has already worn off.",
                                    "She grins at you sluttily as you moan in ecstasy, spurring herself on to fuck you harder even harder.",
                                    "It doesn't take long for her exquisite elven pussy to milk another huge load of cum from your aching balls, leaving you shaking in pleasure.",
                                    "She shudders blissfully as your cum fills her womb, grinding her hips against yours while delighting in her post-orgasmic ecstasy.",
                                    "Speaks",
                                    "Just...♥ Just one more round.♥",
                                    "You moan as she starts to bounce her hips again, and despite her saying 'just one more round', she keeps going and going...",
                                    "Drunk with pleasure, you can't keep track of the number of times she rides your cock to another electrifying orgasm, or the number of times she said it would be the last round.",
                                    "Even as you start to black out from pleasure and exhastion, she keeps fucking you, her seemingly endless libido unable to be sated...",
                                    "ChangeSensitivity",
                                    "Sex",
                                    "3"
                                  ],
                        "picture":""
                    },
                    {
                        "NameOfScene": "Blowjob to sex",
                        "move": "",
                        "stance": "",
                        "includes": ["Elf"],
                        "theScene":["Speaks",
                                    "You look exhausted... I should take you home now and... Mmmm.♥ But I bet you can let out at least one more big {i}thick{/i} load for me, right?♥",
                                    "She quickly envelops your dick with her wet mouth and starts deepthroating your cock while her hazel eyes stare up at your face ecstatically.",
                                    "While bobbing her head with unnaturally grace, her nimble hands start to gently massage your aching balls.",
                                    "Occasionally, her bobbing stops as her tongue swirls around your tip before taking your shaft back to the hilt.",
                                    "Unable to resist her any longer, you quickly reach your limit, but right before release she pulls her mouth off of your cock.",
                                    "Speaks",
                                    "Hehehe. Sorry human, but I've got to train this dick of yours to be obedient to elven sluts!",
                                    "Her face pales momentarily, looking conflicted over what she just said.",
                                    "Speaks",
                                    "Uhm. Ah. I meant to say 'elven mistresses'.",
                                    "You can only moan as she puts your sensitive cock back into her teasing mouth.",
                                    "Again and again, she brings you right to the edge of orgasm, then stops.",
                                    "Your engorged cock twitches and spasms with need as your balls endlessly ache for release.",
                                    "Speaks",
                                    "Weellll, let's not waste this huge load in my mouth.",
                                    "She quickly straddles you, moving aside her undergarments as she aligns her dripping pussy over your overstimulated manhood.",
                                    "Speaks",
                                    "Ahh♥ I'm definitely gonna get pregnant from this!",
                                    "She quickly descends, taking the full length of your shaft in one smooth movement, instantly sending you into a cascading orgasm as you shoot unnatural amounts of cum into her.",
                                    "Speaks",
                                    "Yes! Pump me full of your seed! Knock me up!♥",
                                    "As your orgasm finally starts to subside, she grins lewly and starts to move her hips, forcing out more of your seed as you shudder in ecstasy.",
                                    "Speaks",
                                    "Ah! We're making sure I'm fertilized! Mmmm, and I can cum whenever I want now!",
                                    "She quickly brings herself to orgasm riding your shaft, her orgasmic spasms sending you to new heights of pleasure.",
                                    "Speaks",
                                    "You look completely delirious. Hehehe, I suppose I can give you a break...♥",
                                    "She dismounts your shaft and you let out a sigh of relief, pleasure still racing through your mind.",
                                    "...But your relief is short lived as she grins mischievously, taking your cock back between her soft lips as she starts to edge you all over again.",
                                    "This cycle of sucking you until you can't stand it anymore then milking out your massive loads with her pussy continues for what feels like an eternity, and your manhood refuses to flag under her constant ministrations.",
                                    "You aren't sure how long it takes for you to finally black out from the pleasure, but even as your vision starts to go dark, the lusty elf continues her oral assault...",
                                    "ChangeSensitivity",
                                    "Sex",
                                    "3"
                                  ],
                        "picture":""
                    }

                  ],
    "combatDialogue": [
                        {
                            "lineTrigger":"HitWith",
                            "move": "Spank",
                            "theText":["'KYAA!'",
                                        "'EEP!'",
                                        "'That felt... nice?'"]
                        },
                        {
                          "lineTrigger":"HitWith",
                          "move": "Whip",
                          "theText":["'KYAA!'",
                                      "'A-Are you trying to b-break me?!♥'",
                                      "'That felt... nice?'"]
                        },
                        {
                          "lineTrigger":"HitWith",
                          "move": "Bondage Net",
                          "theText":["'Make the ropes tighter!♥ Ah! I... uhm... I-I mean, untie me you h-horrid human!'",
                                      "'Kya?! Ah...♥ I-I won't lose to some meager human restraints!'",
                                      "'H-How dare you!'"]
                        },
                        {
                          "lineTrigger":"HitWith",
                          "move": "Magical Binding",
                          "theText":["'Make the ropes tighter!♥ Ah! I... uhm... I-I mean, untie me you h-horrid human!'",
                                      "'Kya?! Ah...♥ I-I won't lose to some meager magical restraints!'",
                                      "'H-How dare you!'"]
                        },
                        {
                          "lineTrigger":"HitWith",
                          "move": "Lewd Bottle",
                          "theText":["'Ah?♥ It's getting so hard to think...♥'",
                                      "'Ahhh... Please hurry and make me pregnant!♥'"]
                        },
                        {
                            "lineTrigger":"HitWith",
                            "move": "Electrify",
                            "theText":["'A-Are you trying to b-break me?!♥'",
                                        "'I-I can't th-think!♥'",
                                        "'I-I won't lose to h-human magic!♥'"]
                        },
                        {
                          "lineTrigger":"HitWith",
                          "move": "Finger",
                          "theText":["'Y-You're rather good at this, human...♥'",
                                      "'I-I'm ready for you, you know...'",
                                      "'Mmmnnnn.♥"]
                        },
                        {
                          "lineTrigger":"HitWith",
                          "move": "Breast Caress",
                          "theText":["'Has my perfect elven body captivated you?",
                                      "'Do you like my breasts, human?♥'",
                                      "'Ahhhh...♥'",
                                      "'Far better than any human woman's chest, hmmmm?♥"]
                        },
                        {
                          "lineTrigger":"HitWith",
                          "move": "Breast Massage",
                          "theText":["'Ah♥ Oh,♥ yes!♥ Good human.♥'",
                                      "'T-This is making me so wet.♥'",
                                      "'C-Can I cum from just breast play?♥ W-With a human?♥'",
                                      "'Mmmmm...♥'"]
                        },
                        {
                          "lineTrigger":"HitWith",
                          "move": "Suckle",
                          "theText":["'Ah!♥ I-I'm not p-pregnant, so no milk is g-going to come out, b-but this feels so good!♥'",
                                      "'Hahhh...♥'",
                                      "'Y-You can suck a little harder, human...♥'",
                                      "'A human servicing me like this... is rather cute.♥'"]
                        },
                        {
                          "lineTrigger":"HitWith",
                          "move": "Dildo",
                          "theText":["'W-Wait! D-Don't! I-I won't be able to get pregnant from this!'",
                                      "'Th-This kind of thing won't w-work on a proud elf like me!♥'",
                                      "'I-I won't lose to this!♥'"]
                        },
                        {
                            "lineTrigger":"HitWith",
                            "move": "Penetrate",
                            "theText":["'I-It's so big!'",
                                        "'Y-You won't break me with that... thick... MMM♥ virile cock of yours...'",
                                        "'Y-You're going to impregnate me, right?'"]
                        },
                        {
                          "lineTrigger":"HitWith",
                          "move": "Thrust",
                          "theText":["'Yes! More!♥ Fuck me more!♥'",
                                      "'If I'm not careful, you're going to break me!♥'",
                                      "'I can't stop thinking about your cock!♥"]
                        },
                        {
                          "lineTrigger":"HitWith",
                          "move": "Pound",
                          "theText":["'AAAHH♥♥ This is too much!♥'",
                                      "'I'm gonna break!♥ A human is going to break me!♥♥♥'",
                                      "'More!♥ More!♥ Don't stop!♥'"]
                        },
                        {
                          "lineTrigger":"HitWith",
                          "move": "Multi Thrust",
                          "theText":["'AAAHH♥♥ This is too much!♥'",
                                      "'I'm gonna break!♥ A human is going to break me!♥♥♥'",
                                      "'More!♥ More!♥ Don't stop!♥'"]
                        },
                        {
                          "lineTrigger":"HitWith",
                          "move": "Empowered Thrust",
                          "theText":["'AAAHH♥♥ This is too much!♥'",
                                      "'I'm gonna break!♥ A human is going to break me!♥♥♥'",
                                      "'More!♥ More!♥ Don't stop!♥'"]
                        },
                        {
                            "lineTrigger":"HitWith",
                            "move": "Anal Penetration",
                            "theText":["'Ah?! W-Wait, that's not my pussy! Ahh!♥'",
                                        "'W-Wait! I can't get pregnant there! AAAHH!♥'"]
                        },
                        {
                          "lineTrigger":"HitWithA",
                          "move": "Thrust",
                          "theText":["'Yes! More!♥ This is so good!♥'",
                                      "'Anal isn't that bad...♥ You are going to impregnate me later, right?♥'",
                                      "'If I'm not careful, you're going to break me!♥'",
                                      "'I can't stop thinking about your cock!♥'"]
                        },
                        {
                          "lineTrigger":"HitWithA",
                          "move": "Pound",
                          "theText":["'AAAHH♥♥ This is too much!♥'",
                                      "'My ass is breaking!♥ A human is going to break my ass!♥♥♥'",
                                      "'More!♥ More!♥ Don't stop!♥'"]
                        },
                        {
                          "lineTrigger":"HitWithA",
                          "move": "Multi Thrust",
                          "theText":["'AAAHH♥♥ This is too much!♥'",
                                      "'My ass is breaking!♥ A human is going to break my ass!♥♥♥'",
                                      "'More!♥ More!♥ Don't stop!♥'"]
                        },
                        {
                          "lineTrigger":"HitWithA",
                          "move": "Empowered Thrust",
                          "theText":["'AAAHH♥♥ This is too much!♥'",
                                      "'My ass is breaking!♥ A human is going to break my ass!♥♥♥'",
                                      "'More!♥ More!♥ Don't stop!♥'"]
                        },
                        {
                            "lineTrigger":"HitWith",
                            "move": "Ear Tease",
                            "theText":["'Ah! Wait, don't- Ahhhh!♥ P-Please♥ more,♥ tease my ears more!♥'",
                                        "'Ahhh!♥ H-Human!♥ T-This is ch-cheating!♥'",
                                        "Her eyes cloud over slightly as she shivers in bliss.",
                                        "'M-My brain feels like it's melting!♥'"]
                        },
                        {
                            "lineTrigger":"HitWith",
                            "move": "Face Fuck",
                            "theText":["'MMPH?!♥'",
                                        "She looks up at you with a slutty expression, her face and ears flushed crimson. She's enjoying this a lot.",
                                        "She idly masturbates while her face gets plowed.",
                                      "'MMM♥ Yesh!♥'"]
                        },
                        {
                            "lineTrigger":"HitWith",
                            "move": "Make Out",
                            "theText":["'Ah! W-Wait! I need to mentally prepare myse- mmmhh...♥'",
                                        "'T-This is kinda romantic...'",
                                        "'I-If it's just kissing, then i-it's not lewd...♥'"]
                        },
                        {
                          "lineTrigger":"HitWith",
                          "move": "Charm",
                          "theText":["'Ahhh... Fuck me human!♥ Please?'",
                                      "'Just looking at you makes me feel pregnant!♥'"]
                        },
                        {
                          "lineTrigger":"HitWith",
                          "move": "Sleep",
                          "theText":["'W-What terrible things are you going to do to me once I fall asleep, human?♥'"
                                      ]
                        },
                        {
                          "lineTrigger":"HitWith",
                          "move": "Seduce",
                          "theText":["'Y-You're going to do w-what to me?! Uhm... Y-Yes please!'",
                                      "Her hand drifts to her groin.",
                                      "Her face and ears flush bright red at your words.",
                                      "'Y-Your words won't w-work on me, human!' Pussy juices are clearly leaking down her thighs."]
                        },
                        {
                            "lineTrigger":"UsesMove",
                            "move": "Deep Kiss",
                            "theText":["'Chu. Smooch. Mmm.'",
                                        "'Mmmm, Hehehe.'",
                                        "'Mmmmwah.'",
                                        "'Mmmm, M-Maybe this is a little lewd...'"]
                        },
                        {
                            "lineTrigger":"UsesMove",
                            "move": "Make Out",
                            "theText":["'I bet I can make you cum just by kissing you♥.'",
                                        "'T-This is kinda romantic...'",
                                        "'Hahhh♥ I just want to kiss you all day.'",
                                        "'I-If it's just kissing, then i-it's not lewd...♥'"]
                        },
                        {
                            "lineTrigger":"UsesMove",
                            "move": "Kiss",
                            "theText":["'Th-This is all you're getting... R-Really...'",
                                        "'O-One kiss won't hurt.'",
                                        "'I-I can't believe I just... kissed a human...♥'",
                                        "'So, you wanna do it? N-No! W-Wait! Th-That came out wrong!'"]
                        },
                        {
                            "lineTrigger":"UsesMove",
                            "move": "Blowjob",
                            "theText":["'Ahhh, I just can't hold myself back any longer...♥'",
                                        "'I-I just need to see how thick your load will be.'",
                                        "'I can't believe I'm about to dirty my mouth with this... {i}incredible{/i} cock...♥'",
                                        "'I'm not lewd... I'm not lewd... I'm n-not... Haaahhh.'"]
                        },
                        {
                            "lineTrigger":"UsesMove",
                            "move": "Vacuum Blowjob",
                            "theText":["'Haahhhh. So tasty.♥'",
                                        "'Haaa.' *Slurp* 'Mmmph, Mmm♥'",
                                        "*Suuuucck* 'Mmmphh♥'",
                                        "'Haaa... Haaa... I want more...♥'",
                                        "'Sho Biiggg.'",
                                        "'Mmmm, hehehe.'"]
                        },
                        {
                            "lineTrigger":"UsesMove",
                            "move": "Deepthroat",
                            "theText":["'Mmmmm, I can't wait for you to breed me, a-after you're tamed.'",
                                    "'Mmph. Mmmmm. Haaaa. You're so thick.'",
                                    "'Haahhhh♥ So tasty.'",
                                    "'Haaa♥' *Slurp* 'Mmmph, Mmm.'",
                                    "'Mmmm♥' *Suck* 'Mmmphh.'"]
                        },
                        {
                            "lineTrigger":"UsesMove",
                            "move": "Double Blowjob",
                            "theText":["'Hey, he likes me more.'",
                                      "'Hahhhh, he smells so good.'",
                                      "'Haaa♥' *Slurp* 'Mmmph, Mmm.'",
                                      "'Can you handle a double blowjob?'"]
                        },
                        {
                            "lineTrigger":"UsesMove",
                            "move": "Magical Binding",
                            "theText":["'Don't struggle!'",
                                        "'If you give up, I promise to take good care of you.'",
                                        "'T-This is the elven way t-to court a man. W-We are not perverts!'"]
                        },
                        {
                            "lineTrigger":"UsesMove",
                            "move": "Grind",
                            "theText":["'Hey, fill me up!'",
                                        "'Yes! More! Fuck me more!'",
                                        "'Ahhh, so good!'"]
                        },
                        {
                            "lineTrigger":"UsesMove",
                            "move": "Tighten",
                            "theText":["'Knock me up please!♥'",
                                        "'Fuck me!♥ Fuck me!♥ Ah! W-Wait! H-Hey, m-maybe we should s-slow down.'",
                                        "'You fit so perfectly in me.'"]
                        },
                        {
                            "lineTrigger":"usesMoveA",
                            "move": "Grind",
                            "theText":["'A-After this, you're going to fuck me until I'm pregnant.♥'",
                                        "'Yes! More! Fuck me more!'",
                                        "'Ahhh, so good!'"]
                        },
                        {
                            "lineTrigger":"usesMoveA",
                            "move": "Tighten",
                            "theText":["'Your cock feels so big inside my ass!♥'",
                                        "'Fuck me!♥ Fuck me!♥ Ah! W-Wait! H-Hey, m-maybe we should s-slow down.'",
                                        "'I can't get enough of this!♥'"]
                        },
                        {
                            "lineTrigger":"LowHealth",
                            "move": "",
                            "theText":["'T-To think a human could make me feel so good...'",
                              "'I-I am n-not about to o-orgasm!'",
                              "'A-At least get me pregnant first! W-Wait, that's not what I meant!'"]
                        },
                        {
                            "lineTrigger":"PlayerLowHealth",
                            "move": "",
                            "theText":["'You're about to spurt your load, aren't you?'",
                                      "'You better be as virile is I hope you are.'",
                                      "'Yes! Give me your cum!'"]
                        },
                        {
                            "lineTrigger":"OnPlayerOrgasm",
                            "move": "Sex",
                            "theText":["You moan as the elf's exquisite pussy strokes your throbbing shaft, her hips quickly moving in a frenzy as if eager to be filled with your thick semen. The waves of pleasure hitting your groin quickly overwhelm you, and as your semen is pumped into the elf's womb you both cry out in ecstasy.|n|'Ahhhh!♥ F-Feeling you cum inside me... Was incredible.♥'",
                                        "The elf rides your shaft with a lewd grin, licking her lips as your cock throbs inside of her as if greatly anticipating your thick load.|n|Her elven pussy clamps down tightly as she slams her hips down onto your manhood, sending ripples of orgasmic pleasure through your body, forcing you to fill the horny elf with your cum.|n|'More!♥ I'm not satisfied yet!'",
                                        "The elf's pussy tightens like a silken vice as she gyrates her hips on your aching rod.|n|Your balls twitch with pleasureable need as an intense pressure builds in your groin, and the elf grins lewdly and gives you a wink as she raises her hips and slams them back down onto your, sending orgasmic tingles of pleasure across your body as you cum, releasing all your pent up lust and semen into her waiting womb.",
                                        "Much to the elf's delight, as you get to the edge of orgasm you find yourself overwhelmed with lust and thrust into the elf's tight pussy, trying your best to cum and pump the elven slut full of your thick jizz.|n|With one last thrust into her exquisite orifice, you cry out in ecstasy and spurt load after load directly into her fertile womb.|n|'Mnnn,♥ Yes!♥ Keep going human!♥ Make sure I'm fertilized with your seed!♥'"
                                      ]
                        },
                        {
                            "lineTrigger":"OnPlayerOrgasm",
                            "move": "Anal",
                            "theText":["You moan as the elf's tight ass strokes your throbbing shaft, her hips quickly start to move in a lusful frenzy. The waves of pleasure hitting your groin quickly overwhelm you, and as your semen is pumped into the elf's rear you both cry out in ecstasy.|n|'Ahhhh!♥ F-Feeling you cum inside my ass... Was incredible.♥'",
                                        "The elf rides your shaft with a lewd grin, licking her lips as your cock throbs inside of her as if greatly anticipating your thick load.|n|Her elven rear clamps down tightly as she slams her hips down onto your manhood, sending ripples of orgasmic pleasure through your body, forcing you to fill the horny elf with your cum.|n|'More!♥ I'm not satisfied yet!'",
                                        "The elf's ass tightens like a silken vice as she gyrates her hips on your aching rod.|n|Your balls twitch with pleasureable need as an intense pressure builds in your groin, and the elf grins lewdly and gives you a wink as she raises her hips and slams them back down onto your, sending orgasmic tingles of pleasure across your body as you cum, releasing all your pent up lust and semen into her exquisite rear.",
                                        "Much to the elf's delight, as you get to the edge of orgasm you find yourself overwhelmed with lust and thrust into the elf's tight rear, trying your best to cum and pump the elven slut full of your thick jizz.|n|With one last thrust into her greedy orifice, you cry out in ecstasy and spurt load after load directly into her tight ass.|n|'Mnnn,♥ well, I'm not going to get pregnant from this... But it feels so good!♥"
                                      ]
                        },
                        {
                            "lineTrigger":"OnPlayerOrgasm",
                            "move": "Blowjob",
                            "theText":["You grit your teeth, trying to stop your imminent orgasm as the elf continues to suck on your rigid cock. With one final suck, your resistance crumbles as you unload semen into her waiting mouth. The elf gently gulps down all of your seed with a slutty look on her face.",
                                        "Your shaft throbs as her oral assault on you continues, and as she pulls her wet mouth off of your cock with a satisfying pop you cum, spraying semen all over her lewd face as she tries to catch some in her mouth."
                                      ]
                        },
                        {
                            "lineTrigger":"OnPlayerOrgasm",
                            "move": "",
                            "theText":["Unable to hold back any longer, your shaft throbs as you shoot your load, the elf squealing in delight. 'Look at all that thick seed!♥'",
                                        "'That's it human!♥ Don't hold back!♥' You can't take any more of the pleasant sensations racing through your body and you cum, the horny elf looking delighted as you orgasm."
                                      ]
                        },
                        {
                            "lineTrigger":"OnOrgasm",
                            "move": "Sex",
                            "theText":["'O-Oh!♥ Yes!♥ Human cock is the BESSSTTT!♥'",
                                        "'This cock♥ is too♥ stronNNGGG!♥♥♥'"
                                      ]
                        },
                        {
                            "lineTrigger":"OnOrgasm",
                            "move": "",
                            "theText":["'Ah!♥ Oh no!♥ A-A human i-is going t-to make me cuuUUMMMM!♥'",
                                        "'I-I can't hold out anymore! AAAHH!♥'"
                                      ]
                        },
                        {
                            "lineTrigger":"OnSurrender",
                            "move": "",
                            "theText":["'Y-You're going to let me be your slut? I-I MEAN WIFE!'",
                                        "'Well at least you know your place, human.♥'",
                                        "'You won't regret this, human!'"]
                        },
                        {
                            "lineTrigger":"StanceStruggle",
                            "move": "Sex",
                            "theText":["{ThePlayerName} tries to pull out of the {AttackerName}'s tight pussy..."]
                        },
                        {
                            "lineTrigger":"stanceStruggleFail",
                            "move": "Sex",
                            "theText":["But the elf tightly locks her legs around your waist, preventing you from pulling out!",
                                        "But the elf desperately clings to your chest as she rides your shaft!",
                                        "But with surprising force, the elf slams her hips back into yours!",
                                        "But as you grab her hips to pull out, she looks at you with needy eyes, and you are overcome with the urge to continue fucking her."]
                        },
                        {
                            "lineTrigger":"StanceStruggleComment",
                            "move": "Sex",
                            "theText":["",
                                        "'You're not going anywhere until you get me pregnant!♥'",
                                        "'Fuck me!♥'",
                                        "'I'm going to make you all mine!♥'",
                                        "'Your cock is the best!♥'",
                                        "'Stop struggling and I will be your personal elven cock sleeve!♥ ...I-I mean wife! N-No, wait! I meant mistress!'"]
                        },
                        {
                            "lineTrigger":"StanceStruggleFree",
                            "move": "Sex",
                            "theText":["And manage to pull your cock out of her tight elven slit!"]
                        },
                        {
                            "lineTrigger":"StanceStruggleFreeComment",
                            "move": "Sex",
                            "theText":["'Ah?! W-Why did you stop?!'",
                                      "'Ahhh...♥ I can't keep my mind off that big cock of yours!♥'",
                                      "'...Ah-Uhm... I mean... Thank you for... Uhm... Stopping me... But... We can't just leave your cock so pent up.♥'",
                                      "'Ehehe,♥ was my elven pussy too much for you, human?'",
                                      "'Put it back in!'",
                                      ""]
                        },
                        {
                            "lineTrigger":"StanceStruggle",
                            "move": "Anal",
                            "theText":["{ThePlayerName} tries to pull out of the {AttackerName}'s tight ass..."]
                        },
                        {
                            "lineTrigger":"stanceStruggleFail",
                            "move": "Anal",
                            "theText":["But the elf tightly locks her legs around your waist, preventing you from pulling out!",
                                        "But the elf desperately clings to your chest as she rides your shaft!",
                                        "But with surprising force, the elf slams her hips back into yours!",
                                        "But as you grab her hips to pull out, she looks at you with needy eyes, and you are overcome with the urge to continue fucking her."]
                        },
                        {
                            "lineTrigger":"StanceStruggleComment",
                            "move": "Anal",
                            "theText":["",
                                        "'Fuck me!♥'",
                                        "'I'm going to make you all mine!♥",
                                        "'Your cock is the best!♥'",
                                        "'Stop struggling and I will be your personal elven cock sleeve!♥ ...I-I mean wife! N-No, wait! I meant mistress!'"]
                        },
                        {
                            "lineTrigger":"StanceStruggleFree",
                            "move": "Anal",
                            "theText":["And manage to pull your cock out of her tight elven rear!"]
                        },
                        {
                            "lineTrigger":"StanceStruggleFreeComment",
                            "move": "Anal",
                            "theText":["'Ah?! W-Why did you stop?!'",
                                      "'Ahhh...♥ I can't keep my mind off that big cock of yours!♥'",
                                      "'...Ah-Uhm... I mean... Thank you for... Uhm... Stopping me... But... We can't just leave your cock so pent up.♥'",
                                      ""]
                        },
                        {
                            "lineTrigger":"StanceStruggle",
                            "move": "Blowjob",
                            "theText":["{ThePlayerName} tries to push the {AttackerName}'s mouth away from {TargetHisOrHer} rigid shaft..."]
                        },
                        {
                            "lineTrigger":"stanceStruggleFail",
                            "move": "Blowjob",
                            "theText":["But as she takes your cock's full length into her mouth, you let out a gasp and can't bring yourself to push her away!",
                                        "But as you grab her head to push her away, she lovingly nuzzles into your shaft and looks up at you with pleading eyes, and your heart throbs as you decide a little longer can't hurt...",
                                        "But the elf deftly moves in and starts to lick and suck on your balls, and as she looks up at you submissively, you find yourself stroking her hair instead of pushing her away!"]
                        },
                        {
                            "lineTrigger":"StanceStruggleComment",
                            "move": "Blowjob",
                            "theText":["The elf looks up looks up at you with lust in her eyes as she continues to suck and lick your shaft.",
										"She briefly takes her mouth off your cock to nuzzle lovingly into against manhood before resuming her oral assault.",
										""]
                        },
                        {
                            "lineTrigger":"StanceStruggleFree",
                            "move": "Blowjob",
                            "theText":["And manage to get her wet mouth away from your cock!",
                                      "And as you grab the elf's long ears to push her away, causing her to gasp in pleasure and stop her oral assault long enough for you to pull away."]
                        },
                        {
                            "lineTrigger":"StanceStruggleFreeComment",
                            "move": "Blowjob",
                            "theText":["'Ah?! I just wanted to taste your cum...♥'",
                                      "'Ahhh...♥ I can't keep my mind off that big cock of yours!♥'",
                                      "'...Ah-Uhm... I mean... Thank you for... Uhm... Stopping me... But... We can't just leave your cock so pent up.♥'",
                                      "'Ehehe,♥ was my elven mouth too much for you, human?'",
                                      ""]
                        },
                        {
                            "lineTrigger":"StanceStruggle",
                            "move": "Making Out",
                            "theText":["{ThePlayerName} tries to break the deep kiss with the elf..."]
                        },
                        {
                            "lineTrigger":"stanceStruggleFail",
                            "move": "Making Out",
                            "theText":["But she keeps a tight hold on {ThePlayerName}, and he stays locked in a deep, loving kiss!",
                                        "But as you start to push her away she wraps an arm around the back of your head, deepening the kiss while she gazes lustfully into your eyes."]
                        },
                        {
                            "lineTrigger":"StanceStruggleComment",
                            "move": "Making Out",
                            "theText":["",
                                      "",
                                        "'Mn!♥ W-We're not done making out yet!♥'",
                                        "'I'm not letting you go that easily, human!♥'",
                                        "'Kiss me just a little longer!♥'"]
                        },
                        {
                            "lineTrigger":"StanceStruggleFree",
                            "move": "Making Out",
                            "theText":["And manage to push the kiss needy elf away!",
                                      "And free your mouth from the elf's soft lips!"]
                        },
                        {
                            "lineTrigger":"StanceStruggleFreeComment",
                            "move": "Making Out",
                            "theText":["'Eh?! Y-You don't want to kiss me?!'",
                                      "'Ah? Hmph, I guess I'll have to teach you how to enjoy elven kisses, then.'",
                                      "'A-Ah... T-That WAS getting a bit intense, wasn't it...?'"]
                        }

                      ],
  "victoryScenes": [
            {
                "NameOfScene": "",
                "move": "",
                "stance": "",
                "includes": [""],
                "theScene":[""
                          ],
                "picture":""
            }
        ],
    "pictures": [
                  {
                      "Name":"Base",
                      "File": "../Mods/Waifupocalypse/Images/ValerieDefault.png",
                      "setXalign": "0.0",
                      "setYalign": "-0.4"
                  }
                ]
}
