{
    "name": "Oiled Abs Quiver",
    "cost": "20",
    "costType": "ep",
    "requiredLevel": "15",
    "learningCost": "1000",
    "skillType": "attack",
    "statType": "Allure",
    "requiredStat": "30",
    "skillTags": ["Seduction"],
    "fetishTags": [""],
    "startsStance": "",
    "requiresStance": "Any",
    "unusableIfStance": ["Making Out", "Nursing", "Breast Smother"],
    "requiresTargetStance": ["Any"],
    "unusableIfTarget": [""],
    "removesStance": "None",
    "requiresStatusEffect": "None",
    "requiresStatusPotency": "0",
    "unusableIfStatusEffect": ["None"],
    "power": "25",
    "minRange": "85",
    "maxRange": "115",
    "recoil": "0",
    "targetType": "all",
    "statusEffect": "Defence",
    "statusChance": "30",
    "statusDuration": "2",
    "statusPotency": "-25",
    "statusResistedBy": "Willpower",
    "statusText": "",
    "descrip": "Allure foes with oiled abs and strange contortions.",
    "outcome": "{AttackerName} pours oil over their chest and contorts to make their pecs jiggle and abs jump up and down a bit, causing {TargetName}'s jaw to drop as they watch the show. Oddly, Aztec dubstep starts playing out of nowhere...",
    "miss": "{AttackerName} douses themselves in oil and shows off, but fails to appease {TargetName}.",
    "statusOutcome": "{TargetName} focuses too much on your incredible musculature, and unconsciously lowers her defenses. {TargetName} has lost 25% defense!",
    "statusMiss": "",
    "restraintStruggle": "",
    "restraintStruggleCharmed": "",
    "restraintEscaped": "",
    "restraintEscapedFail": ""
}
