{
    "name": "Visit Lillian",
    "CardType": "Addition",
    "CardLimit": "0",
    "Description": "",
    "requires": [""],
    "Speakers": [
                  {
                    "name": "Lillian",
                    "postName": "",
                    "SpeakerType": ""
                  }

                ],
    "EventText": [
      {
          "NameOfScene": "TalkMenu",
          "theScene":[
                        "Menu",
                          "Talk about the Church and Lillian.",
                          "Talk about other people in town.",
                          "RequiresItem", "Angel's Innocence", "Sneakily ask if there are actually any angels named Metatron",
                          "Done talking.",
                        "EndLoop"
                    ]
      },
      {
          "NameOfScene": "Sneakily ask if there are actually any angels named Metatron",
          "theScene":["ChangeImageFor", "1", "Base",
                        "Speaks",
                        "Hello, {ThePlayerName}! What can I do for you today?",
        "PlayerSpeaks",
        "Hey, do you know if there were any angels named Metatron?",
        "Sneak 100 right here, folks.",
        "ChangeImageFor", "1", "Surprised",
        "Speaks",
        "Whoa, I didn't realize you were so well educated, {ThePlayerName}!",
        "ChangeImageFor", "1", "Happy",
        "Speaks",
        "I'm impressed, not many people even in the church know about lore that old! It's been a while since I got to talk about this stuff, most of the girls at the convent were too busy with...",
        "ChangeImageFor", "1", "Nervous",
        "Speaks",
        "Other stuff.",
                        "ChangeImageFor", "1", "Happy",
                        "Speaks",
                        "BUT! I'd be happy to tell you everything I know! I'll have you know that I am actually quite knowledgeable about even the deuterocanonical and non-canonical works of the holy scriptures!",
                        "ChangeImageFor", "1", "Upset",
                        "Speaks",
        "'Oh, no one will ever need to know what Adrammalech's third son was named', huh Deacon Frost? Well I say that there's nothing not worth knowing about the goddess!",
        "ChangeImageFor", "1", "Base",
        "Speaks",
        "A-anyways.",
        "ChangeImageFor", "1", "Nervous",
        "Speaks",
        "I... actually had to go searching, 'cuz for some reason Metatron - our Metatron, I mean, obviously, not the angel, was asking me about it too. Weird, huh?",
        "It's a mystery to everybody!",
        "ChangeImageFor", "1", "Base",
        "Speaks",
        "There actually isn't that much info about him, he, um, he doesn't really feature in the modern scriptures that everyone knows and reads aside from one or two minor mentions.",
        "You feel like she might be slightly overestimating how seriously most people take religion, but roll a natural 20 on your Socializing roll and avoid saying anything.",
        "ChangeImageFor", "1", "Happy",
        "Speaks",
        "But there are a number of mentions in some esoteric tests, especially the Shi'ur Qomah and the Nag Hammadi Libraries!",
        "Speaks",
        "I always thought it was kind of interesting, actually. There are two main portrayals that I know of.",
        "Speaks",
        "In one, the archangel's name is מטרא, which, um, translates to the 'keeper of the watch. He was supposedly the eyes of the goddess, watching and recording everything for all eternity.",
        "Speaks",
        "BUT! There's also another version, though it's... oddly hard to find much information about, just the name and a few scattered mentions in other texts.",
        "Speaks",
        "In this version, his name is based off of the word ממטר, which is a verb roughly translates to guarding or protecting someone. ...The goddess, obviously.",
        "Speaks",
        "The main thing I could find was something about a city of evildoers being purged, but it wasn't really clear on how many angels were there or who did what, it's just a really old story about how you shouldn't mess with the goddess of you get the horns! Uh... wings.",
        "ChangeImageFor", "1", "Upset",
        "Speaks",
        "It's - kind of hard to find more. This is seriously old school lore, you know? Like, back in the days when the Goddess supposedly guided the world directly, or had angels do it.",
        "ChangeImageFor", "1", "Surprised",
        "Speaks",
        "Whoa! I totally forgot to make the next batch of holy water in case anyone wants some tonight!",
        "ChangeImageFor", "1", "Nervous",
        "Speaks",
        "Not that anyone did last night, or the night before, but... as a cleric I have to always be prepared to help people in the Goddess's name!",
        "ChangeImageFor", "1", "Base",
        "Speaks",
        "Thanks for showing some interest in that old stuff, {ThePlayerName}! And for, uh, listening to me talk this long.",
        "That was... a hell of an info dump, to be sure. Most of it roughly lines up with what Metatron told you, with the whole 'watcher' deal, but that old-school crusading stuff also sounds suspiciously familiar given how the two of you met.",
        "But even incomplete information is useful, and it confirms that she is PROBABLY actually an angel, maybe, rather than just a crazy vagrant. Hopefully.",
        "PlayerSpeaks",
        "Thanks Lillian, you were a huge help. I'm glad I could count on you. Speaking of Metatrons, try to get along with ours, alright?",
        "ChangeImageFor", "1", "Blush",
        "Speaks",
        "Huh? Oh, y-yeah, definitely! I'm glad I could help, um, {ThePlayerName}, I - I should probably get going on that, uh, the holy - water! Right!",
        "...Trying not to think too hard about what looked kind of like a blush and the revelations about your new angelic friend(?), you get back to work(?) with a lot to process.",
        "ChangeImageFor", "1", "Base"
                      ]
        }



                ]
}
