{
    "name": "TalkToTrisha",
    "CardType": "Guild",
    "CardLimit": "0",
    "Description": "",
    "requires": ["Symbol of Bonds"],
    "Speakers": [
                  {
                    "name": "Trisha",
                    "postName": "",
                    "SpeakerType": "Monster"
                  }

                ],
    "EventText": [
      {
          "NameOfScene": "Enter",
          "theScene":[  "DisplayCharacters",
                        "1",
                        "EndLoop",
                        "IfChoice", "1", "", "MeetTrisha",
                        "Trisha immediately brightens up with a smile as she greets you.",
                        "JumpToScene", "VisitMenu"
                    ]
      },
      {
          "NameOfScene": "MeetTrisha",
          "theScene":[ "SetChoice", "1", "MetTrisha",
      "As you enter the guild inn, a familiar mess of reddish-brown hair comes into view, attached to a slim young woman sitting alone in the lobby who is looking around listlessly.",
      "PlayerSpeaks",
      "Trisha?",
      "No sooner have the words left your mouth than her head jerks sideways, angled toward you as she looks in your direction.",
      "Her expression is reminiscent of the rising sun and nearly as blinding as she nearly visibly lights up at the realization of her new guest.",
      "She's up and off the chair in a heartbeat and bounds toward you a little more eagerly than you had quite expected from the shy-ish former? innkeep.",
      "Wait, is she going in for a hug or-",
      "Your questions are answered as she hits you with the furious force of a falling leaf, looking up at you with eyes that seem to have a slight... glow... to them, something that has never ended well before.",
      "True to character, the rest of her greeting is pulling your head down with one hand and locking you in a fierce french kiss as her other hand pulls you against her, the sudden rush of sensation overwhelmed by a burst of emotion as her emotions spill into you.",
      "Well, it's mostly emotion, singular, because she's pretty blatantly horny as hell and you can't help but feel it too remembering the last few nights you had spent with her.",
      "As she pulls away, to the accompaniment of a whistle from a nearby adventurer, you realize a little belatedly that there was a LOT of saliva in that kiss.",
      "...Well, at least you know it's definitely Trisha and not an imposter.",
      "Speaks",
      "Ahh, {ThePlayerName}! I was hoping I'd find you here!",
      "You can't help but chuckle at her enthusiasm, the dichotomy between normal Trisha and one consumed by lust is pretty major.",
      "PlayerSpeaks",
      "Glad to see you made it to town safely, what have you been up to?",
      "She brightens even more, if that's possible.",
      "Speaks",
      "Mmmhmm! Still waiting on the merchant permits but I got a shop planned that will blow your socks off! And uh, the rest of your- nevermind.",
      "You give her the evil eye and she wilts a bit.",
      "Speaks",
      "I don't remember you complaining - yeah yeah, fine, not in public.",
      "You have to catch yourself as your hand slips lower, to her pert derriere, and you remember that you're not in an abandoned inn but the middle of a relatively densely populated one",
      "She flushes and looks about ready to fuck you into a puddle here and now, but similarly subdues herself.",
      "JumpToScene", "VisitMenu"
      ]
      },
      {
          "NameOfScene": "VisitMenu",
          "theScene":[
                        "Menu",
                        "RequiresChoice", "2", "", "Ask about her.. ideas.",
                        "RequiresChoice", "2", "IdeasAsked", "So what's the deal with this bond thing?",
                        "RequiresChoice", "2", "BondAsked", "u want sum fuk?",
                        "RequiresChoice", "2", "fukAsked", "Quickie?",
                        "Done spending time with Trisha.",
                        "EndLoop"
                    ]
      },
      {
          "NameOfScene": "Ask about her.. ideas.",
          "theScene":["SetChoice", "2", "IdeasAsked",
                      "Speaks",
                      "Oh! I was thinking either a maid cafe or a bakery. Maybe a sexy bakery. I TOTALLY know the name if I do the maid thing though.",
                      "You already suspect you're going to regret listening to this... Trisha ignores your suspicious look and pirouettes in places, overjoyed to finally reveal her genius.",
                      "Speaks",
                      "Maid. To. Serve. ♥",
                      "...She even makes the shape with her hands, posing proudly.",
                      "She looks defensive at your dumbfounded stare.",
                      "Speaks",
                      "What?",
                      "Cmon brain ol' buddy ol' pal, just help out this one time and you'll never ask it for help again.",
                      "...Well, it's not like the head driving most of your decisions has a brain... hmm.",
                      "PlayerSpeaks",
                      "Heh. I get it. That's pretty clever.",
                      "As she brightens up, you silently sigh in relief. She will NOT give up on these damn sexy food puns apparently.",
                      "JumpToScene",
                      "VisitMenu"

                    ]
      },
      {
          "NameOfScene": "So what's the deal with this bond thing?",
          "theScene":["SetChoice", "2", "BondAsked",
            "Speaks",
                      "Oh! Yeah. Um. That.",
                      "She has the decency to look a little embarrassed and you have a feeling that you're not going to like the answer.",
                      "Speaks",
                      "Welllllll I mmmmmmayyyy have accidentally, er, bent the space-time continuum and gotten carried away and accidentallylinkedoursoulswithanunbreakablebond.",
      "...You're not sure whether to be more impressed that she manages to say all of that in one breath, or slightly... {i}worried{/i} about what you can make sense of that last compound word.",
      "She wilts under your gaze and it occurs to you that you were REALLY lucky it was just Trisha running the inn and not, say, a competent succubus.",
      "Speaks",
      "Succubus magic is best known for sexy, yea, but I'll have you know we-I mean, they, can do dream... stuff... and, er, well, spiritual stuff too.",
      "PlayerSpeaks",
      "Like some monk stuff?",
      "Speaks",
      "No, no, like, er, well, you know how so-called monster girls can get energy from your, you know...",
      "It's interesting that for some reason she seems a little hesitant with sex terms in her human form. You're not sure if there's an actual reason for it or just habit.",
      "PlayerSpeaks",
      "Trust me, I noticed. Seems as soon as I leave town it's an all you can fuck buffet.",
      "Speaks",
      "Right. S-semen is extremely conductive to spirit energy, like - like lightning in a bottle, you know?",
      "You don't know, but you know better than to say anything. How you you even store lightning? Maybe the wizards of the future would be able to store and conduct it.",
      "Speaks",
      "Well, normally your soul is well protected, but at the moment of, uh, orgasm, your soul is at its most vulnerable - and a demon or god forbid a true succubus that was really mean could... yeah.",
      "Huh, So it might actually be possible to cum your soul out. You'll try to keep that the next time you're balls deep in the Demon Queen.",
      "Speaks",
      "But the - the thing is, it, uh, works both ways. Succubi are, literally, creatures of magic and spirit, souls that form a shell of crystallized magic if you really want to get technical.",
      "Speaks",
      "So... I guess in that, uh, moment, we both apparently... w-wanted each other enough that we kinda drained each other, and the two souls sorta... got stuck in the process.",
      "You can think of about a million and one words that would better describe the situation, ALL of them better than 'stuck', but it does make sense... sort of.",
      "You're not sure if you should ask for a refund on your soul or hope the Goddess doesn't get too pissy about it if she notices, but at least it explains the emotional stuff.",
      "PlayerSpeaks",
      "So some of those emotions...",
      "Speaks",
      "Yeah. It, um, it kinda turned into a feedback loop. So we should probably try not to feel anything strong when near each other.",
      "Yeah that should be absolutely no problem at all, what could fucking possibly go wrong with that plan?",
      "You decide not to say as much and settled for a quick hug.",
      "JumpToScene", "VisitMenu"
                    ]
},
{
    "NameOfScene": "u want sum fuk?",
    "theScene":[  "SetChoice", "2", "fukAsked",
                  "RefreshPlayer",
							      "Speaks",
                                  "GODS I thought you'd never ask. I got some time before my next meeting and let me tell you, wandering around all day takes a lot of energy!",
                                  "Completely confident that this will end fantastically, you lead her to your room steeling yourself for a good old fashioned romp.",
								  "No sooner have you closed the door than she's already hanging off of you, one hand on your pants as she force feeds you another dose of saliva.",
								  "Speaks",
                                  "Mmmmmmmmmh. ♥",
								  "The familiar heat builds in your body as your thoughts fuzz slightly, but she's already dropped down, nuzzling your almost painfully erect penis with an almost dazed look of desire.",
								  "Speaks",
								  "Boner appetit!",
								  "PlayerSpeaks",
								  "Oh for-",
								  "Whatever it was you were about to say catches in your throat as she takes your entire dick into hers, deepthroating you without the least bit of warning.",
								  "As strength leaves your body you sag against the doorframe, trying to retain your mental fortitude against the assault as she fondles your balls, licking and sucking almost frantically at the same time.",
								  "You manage to steady yourself with one hand on her head, feeling for the nubby horns that aren't there for some reason, but it's hard to exert any real control when it's all you can do to stand.",
								  "Trisha enthusiastically throatfucks herself on your mythical mast, almost worshiping it as her tongue traces it, SOMEHOW magically finding the most sensitive spots with every motion.",
								  "Wow it's almost like she's a succubus who is intimately familiar with your dick or something, crazy right?",
								  "The cycle continues for some time, as you try desperately to hold in your desire to cum and she does her best to make you rethink that decision.",
								  "Then she pulls away with a wet pop and a sensual slurp, grinning up at your befuddled face while leaving you with the worst case of blue balls in human history.",
								  "Speaks",
								  "What? Gotta keep these clothes clean.",
								  "Blatantly taking pleasure in your discomfiture, the succubus disrobes in one fluid motion, guiding you towards the bed with gentle ease",
								  "Speaks",
								  "And besides...",
								  "As she straddles your prone body, looking down at you with decidedly demonic glee despite the lack of horns and tail, she smiles wickedly.",
								  "Speaks",
								  "I don't want to waste a single♥ drop♥ of your cum♥",
								  "The succubus lowers herself onto you to the accompaniment of obscene wet noises, her body taking you in effortlessly within the all too familiar confines of her insides.",
								  "You can't help but let out a grown at the throbbing pressure as her muscles set to work, massaging you even more intensely than the last time you did it with her.",
								  "One of her hands is nowhere to be seen, but you suddenly feel a cold heat building in your balls, and as her grin intensifies it occurs to you that you should probably have suggested she set an alarm first.",
								  "Then she impales herself on you, dropping low in one fluid movement as the entirety of your cock is bathed in her juices and consumed by her body, and any thought of restraint fades into the pervasive lust taking you both.",
								  "Your hands find her hips but she pulls up, almost off of you, a teasing glint to her eyes as you faintly try to pull her back.",
								  "But she allows you to guide her back down as waves of pleasure roll across her face and a shudder crosses her body, matched by the rapidly growing intensity of the pressure on your member.",
								  "The room is soon filled with the wet slapping of body against body, every penetration seemingly deeper than the last, and she falls on top of you as her hips give way for a moment, meeting your lips with hers.",
								  "The two of you quickly find a rhythm, your thoughts dominated by the need to fuck her brains out, controlling the pace of the sex as you pump in and out with furious fervor.",
								  "Trisha adds her own chorus of gasps and moans to accentuate the moment, but her lips trail from yours to your neck, nibbling and kissing as she goes, and the myriad sensations flowing through you rise and fall, barely bearable.",
								  "Speaks",
								  "AhhhnnnNNNNNNNNNNNN!",
								  "Trisha smashes down on you as her self control evaporates completely, wrapped in an explosive orgasm with little warning, and her wild bucking and the intense magic pouring onto your dick ruins any chance of you holding up.",
								  "Secretly grateful, you have no issues with unleashing a jet, then a torrent of cum inside her, pumping fervently as you drink in her delirious expressions with each movement, her body milking you almost as hard as you are intent on giving her that milk.",
								  "Her hands find yours, and that moment of intimacy is matched and exceeded an instant later as her feelings flow into you, and as your spirits touch for a moment it feels like the two of you are floating in empty space, a world made just for the two of you.",
								  "The succubus rears up, her eyes glazed over, and the moment is over as she grabs your head in both hands and falls back down, kissing you fiercely and vying for complete control.",
								  "You manage to time a particularly potent thrust with motion, flipping her over onto her back and rolling onto her, and despite the defiance on her face she doesn't look to displeased with the development as you start thrusting again.",
								  "Neither of you are willing to take the risk of actually pulling out, far too wrapped up in your shared lust as each set of emotions clash, mingle, and return stronger than before, a feedback loop of limitless lust.",
								  "So you just pound her with relentless smaller thrusts, reveling in her gasps and moans and squeals with each movement, occasionally forced back into the confines of her mouth, something that you are in no position to deny.",
								  "It's just a small shift in her loving grasp on your dick that throws off your rhythm, and the next barely passes your resolve, drawing another flood of semen as your desire to hold it in crumbles before the need to fill her again.",
								  "And fill her you do, a flood of lust that explodes inside her and fills every nook and cranny of her vagina, though you have only a few moments to relish your victory before she pulls you in even further.",
								  "The tip of your other head lands in her womb and without any further ado your body goes limp, the entirety of its function dedicated to loosing EVERYTHING you have inside her.",
								  "You rapidly lose count of how many orgasms grip either of your bodies, sex temporarily replaced by just mindless ejaculation as she massages you, and her pleasure mingles with yours in blissful happiness.",
								  "It's pretty clear that the two of you lost track of time, too, because the next time you look up it's already dusk, going on night.",
								  "PlayerSpeaks",
								  "...Didn't you have a meeting?",
								  "Trisha looks vaguely uninterested.",
								  "Speaks",
								  "Had. Now you going to bitch or are you going to be a real hero and make this little demon cum until she can't think anymore?",
								  "...Well, you probably weren't going to get much of value done today, anyways.",
								  "The night fades into an inchoate mass of lust, of slapping and squelching and grunts and moans. Strong things and weak things, the roles reversing every so often.",
								  "You lose track of how many times you came, and have a feeling that the answer would be slightly concerning.",
								  "The two of you awaken to the bright light of mid-morning, incredibly sore but even more satisfied.",
								  "Grumbling, she pushes you off of her with obvious exertion, though as you roll off your still-coupled bodies force the two of you to stay together on your sides.",
								  "Speaks",
								  "Gawd, you weigh more than a minotaur. What do they feed you adventurers anyways?",
								  "PlayerSpeaks",
								  "Oh, I dunno. Succubus milk I guess?",
								  "Your 'innocent' answer brings a flush to her face as she remembers that particular incident and harrumphs cutely as she caresses your face.",
								  "Speaks",
								  "You're lucky you're cute or I'd force feed you a knuckle sandwich!",
								  "PlayerSpeaks",
								  "...Wait is that supposed to be a euphemism or-",
								  "Trisha chortles in undisguised amusement, a not especially ladylike snort escaping her.",
								  "Speaks",
								  "No, you dweeb, it means you made me miss a verrrrry important meeting, and so you should make it up to me.",
								  "You eye her with a mixture of suspicion and resignation, already knowing where this is going, and she meets your appalled look with a grin as she pushes you over and rolls over onto you.",
								  "Speaks",
								  "In fact, I can think of a few things riiiight now♥",
								  "Honestly, it's a miracle this hasn't happened the last few times you fucked, so you grin and bear it.",
								  "...",
								  "An hour and a half later she walks unsteadily out the door, looking a little punch-drunk and having some trouble with coordination, but you have a newfound appreciation for the risks of death by snu-snu and can't actually move to help her.",
								  "It takes another twenty minutes to find the strength of will to get your rebellious body moving as well, and clean a bit of the caked on sweat off. She's nowhere to be found, but you have a feeling that it won't be hard to find her at the inn again...",
								  "GoToTown"
                                ]
					},
          {
              "NameOfScene": "Quickie?",
              "theScene":["SetChoice", "2", "QuickieAsked",
                "Speaks",
                                  "Oh! {ThePlayerName}! Hello!",
                                  "Goddess dammit you haven't been able to get her out of your head today and at this point if you leave town you're just going to end up fucking the first thing that looks like it might have a hole.",
								  "PlayerSpeaks",
                                  "Uh, hey, Trisha, what's up?",
								  "Her brow furrows as she looks at you, and you can sense her for a moment as she senses you.",
								  "Something plays along her face as she struggles with something internally, then looks up at you with realization, a mixture of surprise, worry, and lust.",
								  "Speaks",
								  "Oh - oh my. You missed me that much, mm? That's... really fucking hot honestly. Shit. Now I'm-",
								  "The stealth succubus stops, looking at you as she tries to keep herself in check.",
								  "PlayerSpeaks",
								  "Ha ha... yeah. Are you uh - are you busy or-",
								  "Trisha's reserve crumbles almost immediately, and after a hesitant look around she motions you towers a corner.",
								  "It's barely out of sight of the rest of the guild, and she's already got her skirt hiked up, revealing her pert ass and the already dripping prize beneath.",
								  "Now, you're an upstanding gentleman and pride yourself on your self restraint.",
								  "Which is exactly why you smash that ass like Thor's hammer, plunging your full length into her dripping pussy without so much as a how do you do.",
								  "Trisha begins to moan, losing track of her surroundings, and you cover her mouth with your free hand as you grasp her pliable ass with the other.",
								  "She looks up at you gratefully, bucking back into your dick a bit further, and a mischievous glint comes over her eyes...",
								  "A sudden wetness tickles your palm as she begins to adjust her vaginal muscles, a two-pronged attack on your person!",
								  "Trying not to focus on how unnervingly fucking sexy her tongue is you start pumping in and out, trying to restrain your urges in order to keep it quit and stealthy ish.",
								  "The risk of exposure should be worrying you, but it only really makes this feel even more intimate and sexy, and Trisha's muffled gasps aren't helping.",
								  "You cum before you realize it, flooding her body with an explosion of baby batter and a couple extra thrusts for good measure.",
								  "Her legs tremble but she stays upright, and still locking you with her eyes she pushes back, continuing to milk your cock for all it's worth.",
								  "You start as one of your fingers disappears into her mouth, the sensations rapidly intensifying until it's hard to believe it's not your dick she's sucking on and licking with barely repressed lust.",
								  "Unable to control yourself you buck your hips and thrust inside her again, over and over, already hard as hell again and almost uncaring of the possibility of anyone finding you.",
								  "The second ejaculation dwarfs the first and you have to move your hand from her ass to loop it around her as her legs give out entirely, the orgasm destroying her fine motor control.",
								  "After a few moments of intense closeness, the trembling succubus pulls off your member with a slurp and a few drops of cum that splatter on the floor before she manages to contain herself.",
								  "Still flushed, she looks at you with affection and a bit of exasperation as the two of you rapidly re-clothe yourselves.",
								  "-Barely in time, as an adventurer walks past, starting as he realizes you're there before grinning wickedly.",
								  "'Heh, don't mind me.'",
								  "He makes kissy noises as he walks off, and as you look down at the blushing Trisha she looks up at you, her gaze almost as wicked as it is lewd. He doesn't know the half of it!",
								  "That was close enough that you decide not to push your luck, and you ARE feeling like you got enough out to focus on your work...",
								  "Trisha gives you a small peck on the cheek as she heads out, and you take a moment to compose yourself...",
								  "GoToTown"
                                ]
					},
          {
              "NameOfScene": "Done spending time with Trisha.",
              "theScene":["Trisha gives you a parting hug before you leave."
                        ]
          }

                ]
}
