{
    "name": "Archangel Metatron",
    "IDname": "Mountaintron",
    "species": "High Celestial",
    "gender": "female",
    "description": "A slender, silver-haired woman who seems to have chilled the fuck out significantly from your first meeting, but is nonetheless surrounded by an aura of bravura and confidence alike, to say nothing of the crackling arcs of divine energy occasionally flickering around her svelte form.",
    "encyclopedia": "????",
    "tags": "none",
    "generic": "False",
    "requires": "",
    "skillList": ["Blowjob", "Angelic Blowjob", "Angelic Kissjob", "Metatron's Makeout", "Metatron's Tender Kiss", "Angelic Rushdown", "Insert", "Metatron's Embrace", "Angelic Tighten", "Angelic Grind", "Angelic Bounce"],
    "perks": [""],
    "stats": {"lvl": "40",
              "Exp":"1500",
              "max_hp":"2000",
              "max_ep":"250",
              "max_sp": "3",
              "Power": "50",
              "Technique": "40",
              "Intelligence": "25",
              "Willpower": "25",
              "Allure": "10",
              "Luck": "5"
    },
    "Fetishes": ["Cock|/|5"],
    "BodySensitivity": {"Sex": "140",
              "Ass":"100",
              "Breasts":"110",
              "Mouth":"150",
              "Seduction": "130",
              "Magic": "10",
              "Pain": "25",
              "Holy": "10",
              "Unholy": "150"
    },
    "resistancesStatusEffects": {
              "Stun": "75",
              "Charm":"30",
              "Aphrodisiac":"40",
              "Restraints":"80",
              "Sleep":"60",
			  "Trance": "0",
              "Paralysis": "0"
    },
    "moneyDropped": "3000",
    "ItemDropList": [
                      {
                        "name": "Celestial Enchantment II",
                        "dropChance": "25"
                      }
                    ],
    "lossScenes": [
                    {
                        "NameOfScene": "victory",
                        "move": "",
                        "stance": "",
                        "includes": ["Archangel Metatron"],
                        "theScene":[
									"The ground comes up to meet you as the last bits of fight evaporate, but softness envelopes you as your opponent helps you off the ground, her victorious smugness replaced by a mixture of concern and guilt. Wrestling with her obvious lust and apparent concern for your well being.",
									"Speaks",
									"I - I will not overdo it, b-but you - you clearly need some release, and I - I mean - we should not copulate with you in this state or I may overdo it, but...",
									"Coming close to stuttering as she struggles to get out her thoughts, the angel hems and haws for a bit, but her own obvious lust and your still rigid cock are enough to overcome her resistance, and she compromises by getting on all fours and letting you rub your cock between her thighs.",
									"Normally it'd be a great opportunity to fuck her, but you end up flopping onto her back as the horny angel braces her hips and cautiously begins to rub the glans with one hand while supporting herself with the other, offering an awkward handjob while she slowly rubs your cock between her thighs.",
									"While admittedly a bit awkward, Metatron clearly out of her depth, it's not a bad feelign at all, her thighs are not especially thick but surprisingly soft and fleshy for how fit she is, and having her dripping pussy rubbing against the top of your cock certainly doesn't hurt, her juices dripping down onto it and lubricating it quite thoroughly as her handjob ensures it is stimulated in its entirety.",
									"Before long, the angel is moaning quietly into her arm, trying to hide her arousal and failing badly, and your cock is only getting harder and harder as her thighjob rapidly improves at an almost concerning speed. She's no succubus, but a soft body and a very clear desire to please you go a long way, and her juices are like fire on your dick, her sweet moans having just as strong an aphrodisiac effect on your mind.",
									"You can feel an ejaculation coming, but try to hold back, struggling weakly but unable to escape her thighs as the angel REALLY gets into it.",
									"Speaks",
									"You - you may cum as you-",
									"Everything comes to a head even as she speaks, and the first jet of cum splatters down, you can't see her chest but the surprised gulp as she stops speaking suggests at least some of it shot directly into her mouth, and the angel keeps caressing your cock as you shoot rope after rope beneath her thighs and to the ground below...",
									"She drinks down whatever ended up in her mouth, but doesn't stop her thighjob, too turned on to stop even after she squirts messily all over your cock, and before long the two of you settle into a pattern - her pussy juices and orgasmic fluids alike drenching your cock, flickers of her magic slowly healing you, as you splatter her with cum over and over, her thighs incredibly sticky but even easier to thrust between.",
									"She's probably orgasmed more times than you have and is too out of it to stop even when you incoherently beg for mercy, giving up on the handjob somewhere along the way as she desperately tries to keep herself upright, but her arms keep giving out, and going by the slurping sounds she makes every time you cum you're pretty sure she has gotten good enough at aiming it that she can just drink down much of your cum.",
									"Eventually when her legs give out you end up flopping off of her, spurting out the remains of your last ejaculation onto the ground as she struggles to pick herself up.",
									"-And realize that her chest is COVERED in your semen, thick rivulets streaming down her medium breasts, drooling out of both corners of her mouth, splattered across her face, her expression pleasure-drunk and incoherent as she looks at you with unfocused happiness, and you look at her with... rapidly fading consciousness.",
									"Still, not a bad sight to pass out to..."
									],
                        "picture":""
                    },
                    {
                        "NameOfScene": "victory",
                        "move": "",
                        "stance": "Sex",
                        "includes": ["Archangel Metatron"],
                        "theScene":[
									"The angel quivers in ecstasy as she orgasms violently in the wake of your final ejaculation, her willpower chipping in the moment of her victory, and douses your cock in a frankly unsafe quantity of her juices.",
									"The blast of magic flowing through you knocks the last shreds of fight from your mind, but rather than blissful unconsciousness you feel your cock hardening even more inside the angel's tight slit, overstimulated but unsated.",
									"Metatron looks down at you, her expression painted with desire mixed with fading self restraint, but manages to NOT immediately fuck you to death in favor of propping you up against a rock, which is an improvement over her approach in the forest if nothing else.",
									"Still, her smug look is a solid 8.7 on the Tanya scale of smugness, and after the victorious angel gets you comfortable-ish, she gets herself comfortable as well, turning around to sit in your lap, moaning as she slowly lowers herself back onto your rigid cock, enveloping it in the heat and wetness of her pussy as she takes its length in one tortuously slow movement and gets comfortable on your lap.",
									"Speaks",
									"Mmmmmmh... you may do as you please if you yet have the strength to fight back, hero, but fear not. Even if you do not, I will♥",
									"The lusty angel 'helps' your hands find a place on her medium breasts, and too exhausted and horny to really fight back all you can really think to do is fondle them, marveling at the incredibly soft texture as she starts moving, grinding on your cock slowly with shaky hips as she tries to keep going despite her own crippling arousal.",
									"The sheer quantity of magic and her rapidly improving skills are enough to rapidly rip enough ejaculation out of you, and Metatron groans in approving ecstacy as you flood her pussy with yet another load of semen, never ceasing to grind on it, side to side, back and forth, her internal muscles smoothly milking you dry the entire time as you shoot rope after rope of cum into her.",
									"As your orgasm wanes, she starts moving a little more, lacking the strength to really ride you but still bouncing up and down on it a bit with measured movements while continuing to grind on it. Not with the skill of a succubus perhaps, but when she actually focuses on it Metatron isn't bad at all, and between her delectable breasts and dominant sex it isn't long before you find yourself cumming again, groaning with pleasure and exhaustion alike.",
									"But she doesn't stop, leaning her head back against yours, filling your world with her body and scent, her short silver-white hair soft against your face; when animal instinct takes over and you start nibbling on your neck she does nothing to stop you, moaning loudly and leaning further against you as she continues to ride you, welcoming every drop of seed that you offer her.",
									"Thinking went out the window long ago, but it's slowly getting harder to even separate the myriad sensations overwhelming your mind and body, and you find yourself almost feverishly kneading her breasts, playing with the nipples in desperate need for the sweet moans and gasps she offers you in return. Trying to buck your hips to match her movements, too weak to really fuck her brains out but enough that she offers approving sounds.",
									"How many times she has drenched your cock in her orgasmic juices, squirted on the ground in front of her, you have no idea, and you can't even remember the last time you WEREN'T cumming in her, each ejaculation just flowing into the next, your body healed by powerful divine magic but mind and body alike fraying at the seams as she pushes you far past the limits of human durability.",
									"Metatron's movements are only getting sloppier and sloppier, the tiny bit of your brain that still works helpfully supplies that this would be a perfect moment to turn the tables, but the rest of your brain can only comprehend the idea of fucking her more and more, drenching her insides and marking her body with your seed. Bestial lust given flesh, the lonely mountainside polluted by lewd sounds and moans endlessly from both of you.",
									"The longer it goes the harder she brings her hips crashing down onto your aching cock, the obscene sounds of semen slurping out every time she manages to rise herself enough to expose your cock to the cool mountain air - then engulfing it in her perfect warmth again, as intend on leaving you addicted to her body as simply pleasuring herself.",
									"But her legs give out at the apex of one bounce and the angel SCREAMS as her pussy lips kiss the base of your cock, glans slamming into her cervix hard enough that she loses understanding of the divide between pain and pleasure, and her pussy tightens around you like a vice even as a massive torrent of magic short circuits your entire body.",
									"The last thing you consciously understand is a sudden need for her as you hold her breasts tightly, pulling her body against yours, and then all you can do is cum for her - your balls refilled even faster than they can be emptied, rope after stream after river after tsunami of cum exploding inside her, the angel's incoherent mewling noises of pleasure and the endless, obscene noises of your ejaculation seemingly endless.",
									"Minutes, hours, days; time loses all meaning as you fill her womb with your seed, as desperate to keep going as you are to reach the blissful escape of unconsciousness, her belly slowly bloating from the sheer volume.",
									"And then - nothing."
									],
                        "picture":""
                    }
                  ],
    "combatDialogue": [
						{
							"lineTrigger":"StartOfCombat",
							"move": "",
							"theText":["|f|CallCombatEventAndScene|/|MountaintronCombatEvents|/|Reset"]
						},
						{
							"lineTrigger":"EndOfRound",
							"move": "",
							"theText":["|f|CallCombatEventAndScene|/|MountaintronCombatEvents|/|CheckPhase"]
						},
						{
                          "lineTrigger":"HitWith",
                          "move": "Whip",
                          "theText":["The angel flushes lightly, but doesn't seem overly affected physically. Her temper, however...",
									"'Spare the rod, spoil the child... perhaps I have been too gentle with you.'"]
                        },
						{
                          "lineTrigger":"HitWith",
                          "move": "Demon Layer",
                          "theText":["'Is... that supposed to do something...?'",
                                      "'Odd, I sense some faint holy power from that relic... well, back to the fight.'"]
                        },
						{
                          "lineTrigger":"HitWith",
                          "move": "Bondage Net",
                          "theText":["'What the-' Less than enthusiastic about her new bindings, Metatron glares at you.",
									"'I have been bound by far worse - this will take but a - what in Heaven is this material MADE of?!'"]
                        },
                        {
                          "lineTrigger":"HitWith",
                          "move": "Magical Binding",
                          "theText":["'Magic...' The angel stares up at you, almost as cocky as she is fired up. 'Two can play at that game.'",
									"{ThePlayerName}. I say this not unkindly, but... this is not an act I recommend you repeat.'"]
                        },
                        {
                          "lineTrigger":"HitWith",
                          "move": "Finger",
                          "theText":["'Mmm... are you sure there isn't anything else you want to stick in here?'",
                                      "'Mmmnnn... you continue to teach me the joy of new experiences. Thank you, {ThePlayerName}.'",
                                      "'Ahhh...' her intense expression lightens as she comes close to giving in to the pleasure."]
                        },
						{
                          "lineTrigger":"HitWith",
                          "move": "Breast Caress",
                          "theText":["'Hm? Ah... they are not as... large as Raphael's, but... you may do as you please♥'",
                                      "'Of course, this body is forged by the goddess, why wouldn't you be tempted~?'"]
                        },
                        {
                          "lineTrigger":"HitWith",
                          "move": "Breast Massage",
                          "theText":["'Ah♥ Oh,♥ yes!♥ Much more pleasant than when I do it...'",
                                      "'Mmmmm...♥' You are quite skilled at this, hero.",
									  "You may continue as long as you like♥"]
                        },
                        {
                          "lineTrigger":"HitWith",
                          "move": "Suckle",
                          "theText":["'Ah!♥ O-oh my, this is strange, b-but  feels so good♥'",
                                      "She cradles your head in her arms and looks down at you tenderly as you suckle her.",
                                      "'T-this is unexpectedly nice, you may suck harder if you would like♥'"]
                        },
						{
                            "lineTrigger":"HitWith",
                            "move": "Penetrate",
                            "theText":["Her expression changes to momentary ecstasy; unable to resist her urges, her body greedily clamps onto yours!",
                                        "'Her momentary struggling is replaced by an expression of mind-melting pleasure as you impale the angel on your cock!",
                                        "'T-this...♥' The normal controlled look fades from her face, replaced by mindless affection for a moment before she regains control."]
                        },
                        {
                          "lineTrigger":"HitWith",
                          "move": "Thrust",
                          "theText":["'Hahhh♥ This, this is, such sensation...'",
                                      "'MmmmmMMMMMNah!' Breathing heavily she stares longingly at you through lidded eyes, unable to keep control of her voice.",
                                      "'Ah! AH! {ThePlayerName}! Harder!"]
                        },
						{
                          "lineTrigger":"HitWith",
                          "move": "Pound",
                          "theText":["'Hahhh♥ This, this is, such sensation...'",
                                      "'MmmmmMMMMMNah!' Breathing heavily she stares longingly at you through lidded eyes, unable to keep control of her voice.",
                                      "'Ah! AH! {ThePlayerName}! Harder!"]
                        },
						{
                          "lineTrigger":"HitWith",
                          "move": "Empowered Thrust",
                          "theText":["'Hahhh♥ This, this is, such sensation...'",
                                      "'MmmmmMMMMMNah!' Breathing heavily she stares longingly at you through lidded eyes, unable to keep control of her voice.",
                                      "'Ah! AH! {ThePlayerName}! Harder! Faster!'"]
                        },
						{
                          "lineTrigger":"HitWith",
                          "move": "Tantric Thrust",
                          "theText":["'Hahhh♥ This, this is, such sensation...'",
                                      "'MmmmmMMMMMNah!' Breathing heavily she stares longingly at you through lidded eyes, unable to keep control of her voice.",
                                      "'Ah! AH! {ThePlayerName}! Harder! Faster!'"]
                        },
						{
                            "lineTrigger":"HitWith",
                            "move": "Face Fuck",
                            "theText":["'MMPH?!♥'",
                                        "She looks up at you with a slutty expression, her face flushed crimson. She's enjoying this a lot.",
                                        "Two fingers disappear inside her slit as she seems to enjoy the feeling of her face getting plowed.",
										"'MMM♥ Yesh!♥'"]
                        },
                        {
                            "lineTrigger":"UsesMove",
                            "move": "Angelic Tighten",
                            "theText":[
										"'AAAAHAhhhhh... {ThePlayerName}! Please hold out a little longer...♥' Metatron spasms with pleasure as she looks down at you tenderly, her softness tightening around you!",
                                        "'To drown in such pleasure together♥' The angel tries to keep a straight face as she milks you with almost flawless technique.",
                                        "'Ahnnnnn!♥' She doesn't seem able to form a coherent word anymore, drowning in bliss as her precise movements drive you wild."]
                        },
						{
                            "lineTrigger":"UsesMove",
                            "move": "Angelic Grind",
                            "theText":[
										"'AAAAHAhhhhh... oh, goddess, this f-feels so good...' The angel shakes with pleasure as she slowly gyrates on your cock!",
                                        "'This... I am glad we can bring each other such pleasure♥' She smiles down at you happily as the angel slowly grinds on your captured shaft.",
                                        "'Ahnnnnn!♥' She doesn't seem able to form a coherent word anymore, drowning in bliss as her precise movements drive you wild."]
                        },
						{
                            "lineTrigger":"UsesMove",
                            "move": "Angelic Bounce",
                            "theText":[
										"'AAAAHAhhhhh... oh, goddess, this f-feels so good...' The angel shakes with pleasure as she rides you relentlessly!",
                                        "'This... this is what the goddess wished me to learn, isn't it?' Metatron bounces on your captured shaft with relentless lust, her medium breasts jiggling enticingly.",
                                        "'Ahnnnnn!♥' the usually controlled angel's movements slur into almost savage lust as she rides you for all you're worth!"]
                        },
						{
                            "lineTrigger":"UsesMove",
                            "move": "Metatron's Embrace",
                            "theText":[
										"'AAAAHAhhhhh... oh, goddess, this f-feels so good...' The angel shakes with pleasure as she rides you lovingly, her legs wrapped around you and her arms around your neck pulling you into another deep kiss!",
                                        "'J-just a little... more...?' Metatron smiles tenderly at you as she slowly milks you, her body wrapped around yours, leaving a trail of kisses down your neck!",
                                        "'Ahnnnnn!♥' She doesn't seem able to form a coherent word anymore, completely enraptured by your body as her own body dominates yours with endless overwhelming sensations in turn.",
										"'Mmmmmmmh♥ Haaa... aaaaah...' Breaking the deep kiss just long enough to smile at you with naked affection breaking through her emotional barrier, her hips slowly rising and falling against yours, she leans back in with a smile for more.",
                                        "'Is this... what the Goddess wished for me to understand...?' The angel rubs her thighs against yours, a veritable rainbow of overwhelming sensations flowing through your body as her perfect pussy milks you, looping one arm behind your head to pull you in for a yet deeper kiss."]
                        },
                        {
                            "lineTrigger":"UsesMove",
                            "move": "Metatron's Makeout",
                            "theText":["'Mmmmmhhhh... mmmm...' she pulls back, smiling, her guard down, but a worrying degree of lust in her eyes.",
                                       "'Mmmmmmh... I believe I need more... practice.' She leans back in for more with a glint in her eyes.",
									   "'Your taste is delectable. I believe I will require another sample.' She doesn't stop at one."]
                        },
						{
                            "lineTrigger":"UsesMove",
                            "move": "Metatron's Tender Kiss",
                            "theText":[
										"'Mmmmmhhhh... mmmm...' The angel's soft tongue dominates your mouth as she fervently kisses you, drowning you in her scent and saliva alike.",
                                        "'Mmmmmmh...' She pulls back for a moment, her eyes glittering. 'I believe I need more... practice.' She leans back in for more, redoubling her efforts."]
                        },
						{
                            "lineTrigger":"UsesMove",
                            "move": "Blowjob",
                            "theText":["'You do seem to enjoy it when I... use my mouth, do you not?'",
                                       "'I must practice all aspects of offense to master this form of combat. I hope you will be a worthy opponent♥'",
									   "'This is surprisingly enjoyable. And it is gratifying to see it has such an effect on you♥"]
                        },
						{
                            "lineTrigger":"UsesMove",
                            "move": "Angelic Blowjob",
                            "theText":["'Mmmh♥' She looks up at you smugly as her lips and tongue entwine into one endless storm of sensation.",
                                       "'Mmmmh... delicious.' Metatron gives your cock a quick kiss before resuming an overwhelming oral assault.",
                                       "'You may fill my mouth with your seed at your pleasure, hero.'"]
                        },
						{
                            "lineTrigger":"UsesMove",
                            "move": "Angelic Kissjob",
                            "theText":["'Mwa♥ Hmmhmm, you seem quite vulnerable here.'",
                                      "'Don't worry, I will accept your seed in my mouth or all over my face♥'",
                                      "'You may guide my head if you like, oh hero, but I won't stop♥'",
                                      "'Mmmm...♥'"]
                        },
						{
                            "lineTrigger":"UsesMove",
                            "move": "Angelic Rushdown",
                            "theText":["'You cannot flee from me!'",
                                       "'May the Goddess grant me victory!'",
                                       "'Prepare yourself, {ThePlayerName}!'"]
                        },
                        {
                            "lineTrigger":"LowHealth",
                            "move": "",
                            "theText":["'You are a worthy opponent indeed. Truly a hero blessed by the goddess!'"]
                        },
                        {
                            "lineTrigger":"PlayerLowHealth",
                            "move": "",
                            "theText":["'I will happily accept your seed anywhere inside or on me. Please do not waste it elsewhere.'"]
                        },
                        {
                            "lineTrigger":"OnPlayerOrgasm",
                            "move": "Sex",
                            "theText":[
										"The mixture of potent magic coursing through your body and enveloping your penis is too much, and as the sex-starved angel brings her hips crashing down on yours everything goes white as a calamitous quantity of cum explodes inside her, bleaching her vagina with your seed as thick spurts dribble out of her.",
                                        "The angel's pussy is literally divine, despite her lack of skill you can hold out no longer and fill her with thick bursts of semen, over and over, an endless torrent of debauchery as she clings to you, shaking, from the pleasure!",
                                        "'W-what? Ah! AAAAAAAAAHhhhhhHHHHH!' The angel shakes in orgasmic bliss as you cum, constricting ever tighter around your rod as you helplessly fill her to overflowing with your seed."]
                        },
						{
                            "lineTrigger":"OnPlayerOrgasm",
                            "move": "Anal",
                            "theText":[
										"The mixture of potent magic coursing through your body and enveloping your penis is too much, and as the sex-starved angel brings her hips crashing down on yours everything goes white as a calamitous quantity of cum explodes inside her, filling her ass with your seed as thick spurts dribble out of her.",
                                        "The angel's ass is incredible, despite her amateur skills you can hold out no longer and fill her with thick bursts of semen, over and over; an endless torrent of debauchery as she clings to you, shaking, from the pleasure!",
                                        "'W-what? Ah! AAAAAAAAAHhhhhhHHHHH!' The angel shakes in orgasmic bliss as you cum, constricting ever tighter around your rod as you helplessly fill her to overflowing with your seed."]
                        },
						{
                            "lineTrigger":"OnPlayerOrgasm",
                            "move": "Blowjob",
                            "theText":[
										"The undeniable pleasure brought by her dexterous tongue and the magic running through you, mixed with the pleading look in her eyes as she stares up at you, is too much to bear and you cum for close to a minute. The angel drinks down each spurt in a blissful reverie, not wasting a single drop.",
                                        "'Please...' She barely manages the word around your shaft, but the desperate request bears fruit as your remaining self control frays and you blow a colossal load inside her mouth, the surprised angel spilling gobs of the thick goo that drip down her face and into her hands, but she licks it all up after you finish."]
                        },
						{
                            "lineTrigger":"OnPlayerOrgasm",
                            "move": "Making Out",
                            "theText":[
										"The mixture of oral pleasure as her tongue dominates your mouth and the magic flowing through you is too much stimulation, and you find yourself cumming hard, splattering her thighs with thick ropes of semen as the angel moans appreciatively.",
                                        "The combination of her tongue against yours and her hand on your shaft overwhelms your restraint, and Metatron directs your shaft as her hands squeeze shot after shot of cum from your cock, drenching her thighs and legs."]
                        },
                        {
                            "lineTrigger":"OnPlayerOrgasm",
                            "move": "",
                            "theText":["Unable to restrain your lust you blow your load on the ground. Metatron looks personally attacked that it isn't inside her."]
                        },
                        {
                            "lineTrigger":"OnOrgasm",
                            "move": "",
                            "theText":[
										"'Goddess, YES!' As Metatron orgasms violently, leaving trails of juices streaking down her thigh, she looks at you with an lustful expression that could only be described as... concerning in its intensity.|n||f|CallCombatEventAndScene|/|MountaintronCombatEvents|/|EnterNewPhase|n|",
                                        "'Yes! YES! This feeling...♥' The angel's head lolls backward as her back arches, her roaring orgasm robbing her of any resemblance of sense in the moment!|n||f|CallCombatEventAndScene|/|MountaintronCombatEvents|/|EnterNewPhase|n|"]
                        },
						{
                            "lineTrigger":"OnOrgasm",
                            "move": "Sex",
                            "theText":["'Ahhh - AAAHHnnnnnNNNN!♥' Her screams of pleasure fill the clearing.|n||f|CallCombatEventAndScene|/|MountaintronCombatEvents|/|EnterNewPhase|n|",
                                        "'You r-really are a hero!♥ My hero!♥ MMMMMMNNNN!♥'|n||f|CallCombatEventAndScene|/|MountaintronCombatEvents|/|EnterNewPhase|n|",
                                        "'Yes! YES! AAHHHhhh!♥'|n||f|CallCombatEventAndScene|/|MountaintronCombatEvents|/|EnterNewPhase|n|"]
                        },
						{
                            "lineTrigger":"OnOrgasm",
                            "move": "Anal",
                            "theText":["'Ahhh - AAAHHnnnnnNNNN!♥' Her screams of pleasure fill the clearing.|n||f|CallCombatEventAndScene|/|MountaintronCombatEvents|/|EnterNewPhase|n|",
                                        "'You r-really are a hero!♥ My hero!♥ MMMMMMNNNN!♥'|n||f|CallCombatEventAndScene|/|MountaintronCombatEvents|/|EnterNewPhase|n|",
                                        "'Yes! YES! AAHHHhhh!♥'|n||f|CallCombatEventAndScene|/|MountaintronCombatEvents|/|EnterNewPhase|n|"]
                        },
                        {
                            "lineTrigger":"OnSurrender",
                            "move": "",
                            "theText":["'...I feel like we need to discuss what training means. However, if you wish to allow me to practice my techniques unopposed...♥'"]
                        },
                        {
                            "lineTrigger":"StanceStruggle",
                            "move": "Sex",
                            "theText":["{ThePlayerName} tries to pull out of the {AttackerName}'s tight pussy..."]
                        },
                        {
                            "lineTrigger":"stanceStruggleFail",
                            "move": "Sex",
                            "theText":["But the angel tightly locks her legs around your waist, preventing you from pulling out!",
                                        "But the angel desperately clings to your chest as she rides your shaft!",
                                        "But with surprising force, the angel slams her hips back into yours!",
                                        "But as you grab her hips to pull out, she looks at you with needy eyes, and you are overcome with the urge to continue fucking her."]
                        },
                        {
                            "lineTrigger":"StanceStruggleComment",
                            "move": "Sex",
                            "theText":["",
                                        "'I may not bear the might of Michael, but you cannot escape me nonetheless♥'",
                                        "'Surely you can allow me to practice a little more, {ThePlayerName}♥'",
                                        "'You are mine, hero; it can be no other way♥'",
                                        "'STOP. RESISTING. Or don't. Dousing the fire in your eyes will be such sweet succor♥'"]
                        },
                        {
                            "lineTrigger":"StanceStruggleFree",
                            "move": "Sex",
                            "theText":["And manage to pull your cock out of her incredible pussy, though flickers of her magic still run through you!"]
                        },
                        {
                            "lineTrigger":"StanceStruggleFreeComment",
                            "move": "Sex",
                            "theText":["'Ah?! W-Why did you stop?!'",
                                      "'Ahhh...♥ That was quite pleasurable. Thank you, hero♥'",
                                      "'I understand. You desire victory as much as I. But... We can't just leave your cock so pent up, can we now♥'",
                                      "'I will have your seed sooner or later. It would be easier on you if you stopped struggling.'",
                                      "'To think I would crave you so... ah, no, nothing!'"]
                        },
                        {
                            "lineTrigger":"StanceStruggle",
                            "move": "Anal",
                            "theText":["{ThePlayerName} tries to pull out of the {AttackerName}'s tight ass..."]
                        },
                        {
                            "lineTrigger":"stanceStruggleFail",
                            "move": "Anal",
                            "theText":["But the angel tightly locks her legs around your waist, preventing you from pulling out!",
                                        "But the angel desperately clings to your chest as she rides your shaft!",
                                        "But with surprising force, the angel slams her hips back into yours!",
                                        "But as you grab her hips to pull out, she looks at you with needy eyes, and you are overcome with the urge to continue fucking her."]
                        },
                        {
                            "lineTrigger":"StanceStruggleComment",
                            "move": "Anal",
                            "theText":["",
                                        "'Fuck me!♥'",
                                        "'I'm going to make you all mine!' You get the sense that was more of a promise than a threat...",
                                        "'This is so dirty... and yet so pleasurable♥'",
                                        "'Stop struggling and I will allow you to sate your unholy lusts on my body as long as you like, o hero♥'"]
                        },
                        {
                            "lineTrigger":"StanceStruggleFree",
                            "move": "Anal",
                            "theText":["And manage to pull your cock out of her angelic booty!"]
                        },
                        {
                            "lineTrigger":"StanceStruggleFreeComment",
                            "move": "Anal",
                            "theText":["'Ah?! W-Why did you stop?!'",
                                      "'Ahhh...♥ That was quite pleasurable. Thank you, hero♥'",
                                      "'I understand. You desire victory as much as I. But... We can't just leave your cock so pent up, can we now♥'",
                                      "'I will have your seed sooner or later. It would be easier on you if you stopped struggling.'",
                                      "'To think I would crave you so... ah, no, nothing!'"]
                        },
                        {
                            "lineTrigger":"StanceStruggle",
                            "move": "Blowjob",
                            "theText":["{ThePlayerName} tries to push the {AttackerName}'s mouth away from {TargetHisOrHer} rigid shaft..."]
                        },
                        {
                            "lineTrigger":"stanceStruggleFail",
                            "move": "Blowjob",
                            "theText":["But as she takes your cock's full length into her mouth, you let out a gasp and can't bring yourself to push her away!",
                                        "But as you grab her head to push her away, she lovingly nuzzles into your shaft and looks up at you with pleading eyes, and your heart throbs as you decide a little longer can't hurt...",
                                        "But the angel deftly moves in and starts to lick and suck on your balls, and as she looks up at you submissively, you find yourself stroking her hair instead of pushing her away!"]
                        },
                        {
                            "lineTrigger":"StanceStruggleComment",
                            "move": "Blowjob",
                            "theText":["The angel looks up looks up at you with lust in her eyes as she continues to suck and lick your shaft.",
										"She briefly takes her mouth off your cock to nuzzle lovingly into against manhood before resuming her oral assault.",
										""]
                        },
                        {
                            "lineTrigger":"StanceStruggleFree",
                            "move": "Blowjob",
                            "theText":["And manage to get her wet mouth away from your cock!",
                                      "And you grab the angel's short hair to push her away, causing her to gasp in pain and pleasure and stop her oral assault long enough for you to pull away."]
                        },
                        {
                            "lineTrigger":"StanceStruggleFreeComment",
                            "move": "Blowjob",
                            "theText":["'Ah?! W-Why did you stop?!'",
                                      "'Ahhh...♥ That was quite pleasurable. Thank you, hero♥'",
                                      "'I understand. You desire victory as much as I. But... We can't just leave your cock so pent up, can we now♥'",
                                      "'I will have your seed sooner or later. It would be easier on you if you stopped struggling.'",
                                      "'To think I would crave you so... ah, no, nothing!'"]
                        },
                        {
                            "lineTrigger":"StanceStruggle",
                            "move": "Making Out",
                            "theText":["{ThePlayerName} tries to break the deep kiss with the angel..."]
                        },
                        {
                            "lineTrigger":"stanceStruggleFail",
                            "move": "Making Out",
                            "theText":["But she keeps a tight hold on {ThePlayerName}, and he stays locked in a deep, loving kiss!",
                                        "But as you start to push her away she wraps an arm around the back of your head, deepening the kiss while she gazes lustfully into your eyes.",
										"But the surprise and sorrow in her eyes distracts you, and she pulls you back in for another breathless kiss before you can recover!"]
                        },
                        {
                            "lineTrigger":"StanceStruggleComment",
                            "move": "Making Out",
                            "theText":["",
                                      "",
                                        "'Mn!♥ W-We're not done making out yet!♥'",
                                        "'I'm not letting you go that easily, mortal!♥'",
                                        "'Kiss me just a little longer♥'",
										"'T-this may not be training, but... you taste so sweet♥"]
                        },
                        {
                            "lineTrigger":"StanceStruggleFree",
                            "move": "Making Out",
                            "theText":["And manage to push the nympho angel away!",
                                      "And free your mouth from the angel's soft lips!"]
                        },
                        {
                            "lineTrigger":"StanceStruggleFreeComment",
                            "move": "Making Out",
                            "theText":["'Eh?! Y-You don't want to kiss me?!'",
                                      "'Ah? Hmph, I will simply have to practice more... FAR more.'",
                                      "'A-Ah... T-That WAS getting a bit intense, wasn't it...?'"]
                        }
                      ],
	"victoryScenes": [
          {
              "NameOfScene": "MetatronDefeated",
              "move": "",
              "stance": "",
              "includes": ["Archangel Metatron"],
              "theScene":[
                            "ClearMonsterEncounter",
                            "JumpToEvent",
                            "Mountaintron Defeated",
							"Choice"
                        ],
              "picture":""
          }
        ],
        "pictures": [
                      {
                          "Name":"Base",
                          "StartOn": "1",
                          "AlwaysOn": "1",
                          "IsScene": "0",
                          "TheBody": "1",
                          "Overlay": "No",
                          "setXalign": "0.0",
                          "setYalign": "0.1",
                          "Images":[
                          {
                              "Name":"Base",
                              "File": "../Mods/Waifupocalypse/Images/Metatron/Metatron.png",
                              "setXalign": "0.0",
                              "setYalign": "0.0"
                          }
                        ]
                      }
                    ]
}
