{
    "name": "Samantha",
    "IDname": "Samantha",
    "species": "Imp",
    "gender": "female",
    "description": "A young looking woman with small demonic horns sprouting from the sides of her head and an almost evil looking grin on her face, but these features are contrasted by her pale pink hair and bright blue mischievous eyes, making her look like a trickster than anything else. Small bat wings sprout from her back and a thick spaded tail sways from her rear. Her breasts are rather small, a pert B cup that are barely covered by a few straps of frilly pink cloth. Her very short skirt is made of an identical material, showing off far more than they conceal, and a tight black choker is around her neck.",
    "encyclopedia": "",
    "tags": "none",
    "generic": "False",
    "requires": [""],
    "skillList": [""],
    "perks": [""],
    "stats": {"lvl": "1",
              "Exp":"10",
              "max_hp":"100",
              "max_ep":"10",
              "max_sp": "1",
              "Power": "5",
              "Technique": "5",
              "Intelligence": "5",
              "Willpower": "5",
              "Allure": "5",
              "Luck": "5"
    },
    "Fetishes": [""],
    "BodySensitivity": {"Sex": "100",
              "Ass":"100",
              "Breasts":"100",
              "Mouth":"100",
              "Seduction": "100",
              "Magic": "100",
              "Pain": "100",
              "Holy": "100",
              "Unholy": "100"
    },
    "resistancesStatusEffects": {
              "Stun": "0",
              "Charm":"0",
              "Aphrodisiac":"0",
              "Restraints":"0",
              "Sleep":"0",
              "Trance": "0",
              "Paralysis": "0"
    },
    "moneyDropped": "0",
    "ItemDropList": [
                      {
                        "name": "Anaph Herb",
                        "dropChance": "75"
                      }
                    ],
    "lossScenes": [
                    {
                        "NameOfScene": "",
                        "move": "",
                        "stance": "",
                        "includes": [""],
                        "theScene":[""
                                  ],
                        "picture":""
                    }
                  ],
    "combatDialogue": [
                        {
                            "lineTrigger":"HitWith",
                            "move": "Spank",
                            "theText":[""
                                        ]
                        },
                        {
                            "lineTrigger":"UsesMove",
                            "move": "",
                            "theText":["''"]
                        },
                        {
                            "lineTrigger":"LowHealth",
                            "move": "",
                            "theText":["''"]
                        },
                        {
                            "lineTrigger":"PlayerLowHealth",
                            "move": "",
                            "theText":["''"]
                        },
                        {
                            "lineTrigger":"OnPlayerOrgasm",
                            "move": "",
                            "theText":[""
                                      ]
                        },
                        {
                            "lineTrigger":"OnOrgasm",
                            "move": "",
                            "theText":[""
                                      ]
                        },
                        {
                            "lineTrigger":"OnSurrender",
                            "move": "",
                            "theText":[""]
                        }
                      ],
  "victoryScenes": [
            {
                "NameOfScene": "",
                "move": "",
                "stance": "",
                "includes": [""],
                "theScene":[""
                          ],
                "picture":""
            }
        ],
        "pictures": [
                      {
                          "Name":"Base",
                          "StartOn": "1",
                          "AlwaysOn": "1",
                          "IsScene": "0",
                          "TheBody": "1",
                          "Overlay": "No",
                          "setXalign": "0.0",
                          "setYalign": "0.15",
                          "Images":[
                            {
                                "Name":"Base",
                                "File": "Monsters/Imp/Imp_cheerfull.png",
                                "setXalign": "0.0",
                                "setYalign": "0.0"
                            },
                            {
                                "Name":"Tease",
                                "File": "Monsters/Imp/Imp_dominant.png",
                                "setXalign": "0.0",
                                "setYalign": "0.0"
                            },
                            {
                                "Name":"Panic",
                                "File": "Monsters/Imp/Imp_panic.png",
                                "setXalign": "0.0",
                                "setYalign": "0.0"
                            },
                            {
                                "Name":"Smug",
                                "File": "Monsters/Imp/Imp_smug.png",
                                "setXalign": "0.0",
                                "setYalign": "0.0"
                            },
                            {
                                "Name":"Submissive",
                                "File": "Monsters/Imp/Imp_submissive.png",
                                "setXalign": "0.0",
                                "setYalign": "0.0"
                            }
                        ]
                      }
                    ]
}
