{
    "name": "FootjobImp",
    "CardType": "Event",
    "CardLimit": "1",
    "Description": "",
    "requires": [""],
    "Speakers": [
                  {
                    "name": "Emilia",
                    "postName": "",
                    "SpeakerType": "Monster"
                  },
				  {
                    "name": "Imp",
                    "postName": "",
                    "SpeakerType": "Monster"
                  }

                ],
    "EventText": [
                    {
                        "NameOfScene": "Return",
                        "theScene":[  
									"ProgressEqualsOrGreater",
									"3",
									"Return2",
									"DisplayCharacters", "1", "EndLoop",
									"ChangeImageFor", "1", "Base",
									"You enter the barracks to find a lone imp sitting on a bed halfway down the line, putting her stockings on with a listless expression that rapidly brightens when she realizes who just entered the room.",
									"Speaks2",
									"Hey! It's you!",
									"PlayerSpeaks",
									"Yes, it is me.",
									"She rolls her eyes and hops off the bed as you approach her, giving you a nice glimpse of her thighs, and the absolute territory between her very short skirt and silky black thighhighs.",
									"ChangeImageFor", "1", "Smug",
									"...And look up to see her grinning like the little shit she is. Busted.",
									"Her victorious smugness almost immediately washes off into what looks suspiciously like genuine gratitude and a touch of affection, which would be totally out of character for an imp obviously.",
									"ChangeImageFor", "1", "Base",
									"Speaks",
									"Hey, seriously though, thanks. She didn't believe me the first time but even that slut couldn't argue with me stuffing the damn used stockings in her fat mouth.I'm Emilia, by the way.",
									"PlayerSpeaks",
									"...Wait, did you clean them off first or-",
									"ChangeImageFor", "1", "Smug",
									"Speaks",
									"Obviously not, but it's not the first time she's drunk some dude's baby batter down like a bottle of tequila.",
									"Oh well that makes everything better.",
									"ChangeImageFor", "1", "Base",
									"Speaks",
									"I owe you one so you can just pass through if you want, or...",
									"She runs her left hand down her thigh and legs, hooking the fabric of her stockings with the thumb, and hooks the other around your shoulder as looks at you with a grin.",
									"ChangeImageFor", "1", "Tease",
									"Speaks",
									"We could do something fun~",
									"JumpToScene",
									"Choices"
                                  ]
                    },
					{
                        "NameOfScene": "Return2",
                        "theScene":[  
									"DisplayCharacters", "1", "EndLoop",
									"ChangeImageFor", "1", "Base",
									"Reentering the barracks you find an all too familiar imp wandering around with a VERY familiar pair of stockings. For her part, she looks pretty happy to see you as well, and not just in the 'about to fuck you into a coma' way.",
									"Speaks",
									"Hey there cowboy, fancy seeing you 'round these parts. Just passing through or here for a bit of... fun?",
									"The twang in her voice is oddly familiar for some reason. Probably a coincidence.",
									"JumpToScene",
									"Choices"
                                  ]
                    },
					{
                        "NameOfScene": "Choices",
                        "theScene":[  
									"Menu",
										"Endurance footjob!",
										"Thighjob!",
										"Sex",
										"Talk",
										"Spend time with",
										"Leave",
									"EndLoop"
                                  ]
                    },
					{
                                  "NameOfScene": "Endurance footjob!",
                                  "theScene":[ 
												"Ah what the hell. You nod in agreement and she grins.",
												"ChangeImageFor", "1", "Tease",
												"Speaks",
												"Hey, thanks... hero♥ Now sit your happy little ass down over here and let me work my magic!",
												"She lightly pulls you down to the bed as you sit down, your cock exposed, and she brings her silk-clad legs up to you with a devious smile.",
												"You can't help but start at the incredibly softness of her stockings as one foot brushes your shaft, and she looks even more smug at your reaction.",
												"ChangeArousalQuietly",
												"20",
												"ChangeImageFor", "1", "Smug",
												"Speaks",
												"Don't worry, I won't get mad if you want to soak these in your cum, I bet that sticky white stuff would look real nice contrasted on the black, don't you?",
												"ChangeArousalQuietly",
												"40",
												"Even as the imp speaks, her foot is rubbing your shaft up and down, the silky sensation difficult to ignore, but layered together with her honeyed words making for an oddly appealing situation.",
												"Speaks",
												"Hehe, look, it twitches each time I rub it... does it feel that good? What if I use both feet? Ooh, your little guy sure liked that, look, it's kinda like a sandwich, a soft black stocking rubbing your dick from each side♥",
												"ChangeArousalQuietly",
												"40",
												"She continues to rub it, but switches the position a bit, her right foot mostly circling the glans with a swirling silky sensation as her left foot works the bottom of your shaft lengthwide, occasionally dropping to your balls to rub against them",
												"ChangeArousalQuietly",
												"40",
												"Speaks",
												"Oh wow, you're a real perv, huh? Bet you want to just drench me in your cum, maybe pin me down and fuck me until I'm leaking cum like a broken faucet, right? Breeding and seeding me, filling my womb with your sticky white stuff... but we can have lots of fun later, for now, maybe my stockings will do?",
												"ChangeArousalQuietly",
												"40",
												"Her voice has a questioning tone to it, as if the choice is yours, but the way her feet keep moving on your rock hard shaft is impossible to ignore and even harder to deny. Her voice corkscrews through your head, and part of your mind WANTS to do it.",
												"ChangeArousalQuietly",
												"20",
												"Soaking her in your seed... and all the other scenarios she keeps describing, making her yours, fucking her until you can't remember how to think; it's starting to get difficult to remember which is real and which should happen, er, could happen, or maybe you really do want to do them?",
												"ChangeImageFor", "1", "Tease",
												"Speaks",
												"Now... cum for me♥",
												"ChangeArousalQuietly",
												"80",
												"Her voice filled with an almost absolute command, you instantly feel an overwhelming urge to do exactly that, but this time you have a little control left over how...",
												"Menu",
												"Cum all over her stockings!",
												"Cum all over her!",
												"EndLoop"
                                    ]
                            },
							{
                                  "NameOfScene": "Cum all over her stockings!",
                                  "theScene":[ 
												"PlayerOrgasm",
												"1",
												"ChangeImageFor", "1", "Panic",
												"Entranced by her voice and the incredible sensations emanating from your groin, you cum on command, launching jets of semen that splatter against the bed next to her, the floor - and her stockings, pearly white cum sinking into the silky ebon fabric as she gasps in surprise.",
												"She continues fondling your balls from beneath with one foot as she guides your spurting shaft with the other, wasting little further cum as she directs them to coat both leggings and even grins as a few more ropes land on her skirt, midriff, and one even makes it to her open mouth.",
												"She licks it up with a warm smile and teases you for a few more spurts before letting your flagging shaft fall, withdrawing her cum-stained feet with a victorious and more than slightly smug smile.",
												"ChangeImageFor", "1", "Smug",
												"Speaks",
												"You're lucky you're cute or I'd give you even more shit about being such a perv.",
												"Still grinning, she gives you a chaste(ish) peck on the cheek and helps you up, pushing you towards the door before anyone else shows up",
												"ChangeImageFor", "1", "Base",
												"JumpToScene",
												"Progression"
                                    ]
                            },
							{
                                  "NameOfScene": "Cum all over her!",
                                  "theScene":[ 
												"PlayerOrgasm",
												"1",
												"Her dirty talk keeps ping-ponging around in your head, the lurid descriptions of cum splattering her inside and out in an unending stream, and rather than follow her instructions you find yourself taking control of the situation instead!",
												"ChangeImageFor", "1", "Panic",
												"She barely has time to gasp as you grab your cock, a long rope of cum spraying down the length of her leg as her feet  continues massaging your spasming shaft with their silky softness; the next rope of cum splatters across her chest, dripping down her bare midriff as she giggles in joy.",
												"ChangeImageFor", "1", "Submissive",
												"Grunting hard at the force of the release, the third rope hits her in the face, the surprised imp barely able to close her left eye before it takes a messy shot, and another string starts slowly dripping down her cheek. With her one good eye open and looking at you, she runs a finger across her cheek, wiping off most of that stream, and keeps her eyes locked with yours as she loudly licks her finger clean.",
												"ChangeImageFor", "1", "Base",
												"Speaks",
												"...You're pretty good at making me feel like a proper succubus you know~ Come back anytime!",
												"JumpToScene",
												"Progression"
                                    ]
                            },
							{
                                  "NameOfScene": "Thighjob!",
                                  "theScene":[ 
												"ChangeImageFor", "1", "Submissive",
												"The imp looks genuinely surprised at the request, clearly unprepared for the idea, but rubs her chin for a moment as she thinks about it before nodding decisively - for your benefit, or for her own? Maybe both.",
												"Speaks",
												"...Alright, sure, never tried that before but I get the basics. Just be sure to get as much cum on me as possible. It's not as efficient of a way to absorb spirit energy, but it gets the job done.",
												"The two of you undress quickly and after she gets you into a comfortable sitting position on the bed, she slips into your lap, her soft but small ass fitting easily into your lap as her pussy lips brush up against your rapidly hardening shaft, then scootches a bit further back so her thighs can both touch your shaft at their thickest.",
												"ChangeImageFor", "1", "Smug",
												"The imps grins up at you teasingly as she rubs her back against your chest, the softness and warmth of her slightly bony back pleasant enough but paling in comparison to the delectable softness of her thighs, and the occasional brush of her stockings as she tries to pull them up far enough to help give the massage.",
												"She bastes your shaft with her lower lips, leaving her juices coating your shaft as lubricant,  finding a comfortable position and then starts rubbing in earnest.",
												"The combination of her juices, the silky stockings, and soft thighs is incredible, way more than you had bargained for. She might not have much experience with thighjobs but it's clear she's a natural, and a fast learner to boot; her early awkward movements quickly draw to an exact science as she learns how to tease you best.",
												"Her flesh squishes to caress your shaft ever tighter, almost starting to feel like an actual pussy thanks to her lubrication; every so often she rubs her pussy lips down the length to add more lubrication, intensifying the sensation and leaving your shaft burning hot with the aphrodisiac effect of her body fluids.",
												"Soon your head is lolling back as the seemingly teenage girl in your lap works the shaft for everything she's worth, moaning loudly as your cock rubs against her pussy and clit, her thighs keeping the pressure tight.",
												"PlayerOrgasm",
												"1",
												"ChangeImageFor", "1", "Panic",
												"The ejaculation comes suddenly as she shifts and grinds, everything going white for a moment as a shotgun blast of semen sprays up onto her chest to the accompaniment of a cute little squeak.",
												"ChangeImageFor", "1", "Base",
												"After that it's all the way back in her territory though, and the imp happily milks your tortured shaft for every drop it's worth, completely unconcerned by the thick loads of cum splattering her small breasts and dripping down onto her tummy, or the creamy white goop drenching her thighs, even as her own messy orgasm drenches your shaft with a serious spray of orgasmic juices.",
												"She keeps at it until you stop spurting, gasping for breath while the far less exhausted imp  concentrates on absorbing the energy from her meal, licking off bits of cum that splattered her face but looking pretty satisfied overall.",
												"Speaks",
												"Hey... not bad, hero. That was pretty fun. I'll uh... let you collect yourself, my shift is starting and I gotta clean up a bit first. Feel free to come back anytime though~~",
												"JumpToScene",
												"Progression"
                                    ]
                            },
							{
                                  "NameOfScene": "Sex",
                                  "theScene":[ 
												"ChangeImageFor", "1", "Smug",
												"The imp giggles at your brazen answer, pulling you into a surprise kiss, her tongue playing against yours for a moment, before she breaks the kiss and lets herself fall back to the bed, pulling you with her until you can feel her small but pert breasts squishing under your chest, her warmth against your body.",
												"ChangeImageFor", "1", "Submissive",
												"Speaks",
												"Well then stud... make me yours♥",
												"It doesn't take long for the both of you to get your clothes off, animated by animal lust, and her welcoming body allows your shaft in with little resistance, drowning it in the intense heat and drenched wetness of her pussy even as her already tight body tightens further around you.",
												"The imp pulls you down into another kiss as lust consumes your existence, beginning to move inside her as her inner folds massage you with expert skill. This kiss is messier, sustained; the deliriously delicious taste of her saliva corkscrewing through your mind even as the intense heat around your shaft rows as her juices soaks into you, her tongue dancing with yours as her sweet moans caress your senses.",
												"Wrapping your arms under her slender body you find yourself pulling her up to you as you slam into her over and over, dominating her body but keenly aware that she has already dominated your mind; all you can think about is her body, her scent, her sweet sounds.",
												"She shudders and shakes beneath you, whether drowning in the depths of pleasure or playing it up for your benefit. Bitch and mistress all in one, wringing you mercilessly even as you use her to slake your lust. You can feel the pleasure building and warping your senses as the orgasm comes, but addicted to this sensation try to keep it in a bit longer.",
												"ChangeImageFor", "1", "Smug",
												"But you can feel something incredibly soft on your back, the imp grinning shamelessly up at you as her silk-clad legs wrap around your waist, locking down like the jaws of a vice as she pulls you deep into her.",
												"PlayerOrgasm",
												"1",
												"Everything goes white as the orgasm hits you, loosing load after load of semen into her incredibly tight pussy, as the imp screams and shudders and orgasms beneath you, cumming her brains out at least as hard as the massive loads of cum you find yourself endlessly pouring into the intense heat of her infernal pussy.",
												"PlayerOrgasm",
												"1",
												"You feel her gently patting the back of your head as your overwhelming ejaculation finally ebbs, your head sliding down besides hers as the remainder of your strength leaves the body, and then - nothing.",
												"Awakening to the sound of muffled tittering and whispers reveals a gaggle of imps surrounding the two of you, your partner's legs no longer wrapped tight around you as she stares up blearily with a half-smile, far too weak to push you off of her and not particularly eager to do so in the first place.",
												"ChangeImageFor", "1", "Submissive",
												"Speaks",
												"M-morning... heh.",
												"RefreshPlayer",
												"She manages to slur it out, her insides shuddering as with some concern you realize you are hard again, but also surrounded by fucking imps. Figuratively and soon to be literally.",
												"Speaks",
												"I promised - to let him - go if he won, guys.",
												"She did?",
												"The imp winks up at you and you realize she's trying to cover for you, though not all of the imps nearby look entirely convinced and you're pretty sure that if you stick around longer than absolutely necessary they're going to jump you on the spot",
												"Getting off and out of her is hard enough, but thankfully the other imps help you get dressed, though not without a few wandering fingers and kisses, and regretfully push you out the door with a few jokes about following you.",
												"...They ARE jokes, right...?",
												"ChangeImageFor", "1", "Base",
												"JumpToScene",
												"Progression"
                                    ]
                            },
							{
                                  "NameOfScene": "Spend time with",
                                  "theScene":[ 
												"ChangeImageFor", "1", "Base",
												"Not feeling particularly heroic or horny today, you suggest just relaxing with the imp for a while, since apparently her shift doesn't start for a while yet.",
												"She agrees, and the two of you spend a good half hour trading stories - she almost fawns over your tales of exploits in the Academy and some of your more interesting fights since coming to the island, and shares a few small stories of her own.",
												"She seems to feel like hers don't match up very well though, and offers to show you around the dungeon a bit, almost dragging you out of the room and interceding to keep you out of trouble with the various bands of imps roaming the halls.",
												"The imp turns out to be an excellent guide and a surprisingly good storyteller, regaling you with bits of history among the stony halls and reveling in stories of tragecomedy regarding the plight of unfortunate adventurers and imps alike. Quickshot Alley, Quickshit Alley (you don't ask about that one), the Pillow Graveyard; she even takes you to another imp barracks for show and tell, though that adventurer ends... poorly.",
												"After the two of you finally outrun the pursuing imps, still laughing, she apologizes for havng to dip on you but explains her shift is coming soon and she doesn't want to get mattress'd so the two of you part ways.",
												"After the two of you part, you realize that for most of that adventure she really came off as just a normal teenage girl, albeit one far more comfortable with sex than most humans. Not so much a demon or a denizen of the dark as just... a person. It's been less than a century since the last brutal war between humans and monsters, but it's still not hard to marvel how small the differences really are sometimes.",
												"JumpToScene",
												"Progression"
                                    ]
                            },
							{
                                  "NameOfScene": "Talk",
                                  "theScene":[ 
												"ChangeImageFor", "1", "Base",
												"The imp looks at you blankly for a few moments before shrugging and sitting down.",
												"Speaks",
												"I guess that's an option too, but I'm not that interesting. No tragic backstory, mom isn't the Demon Queen - I think - I mean, with all the secrecy it's hard to know for sure - and I don't really have any fancy life plans like becoming the hokage, believe it. Just kinda, you know, boring average imp with a mediocre chest.",
												"She looks furtively at the door before looking back to you.",
												"Speaks",
												"And, yanno, more imps are bound to show up any time. So I don't mind talking, but... about what?",
												"JumpToScene",
												"ConvoChoices"
                                    ]
                            },
							{
                                  "NameOfScene": "ConvoChoices",
                                  "theScene":[ 
												"Menu",
												"Backstory",
												"Job",
												"Imps",
												"Friends",
												"Done talking",
									"EndLoop"
                                    ]
                            },
							{
                                  "NameOfScene": "Backstory",
                                  "theScene":[ 
												"ChangeImageFor", "1", "Panic",
												"The imp grimaces a bit at the question, but nods her head nonetheless.",
												"ChangeImageFor", "1", "Base",
												"Speaks",
												"I WISH I had a fucking backstory. Parents dying in some big war, blessed to be the chosen one, secret powers, mysterious criminal organisation trying to keep me from becoming the hokage, whatever.",
												"She raises both hands in concern, pausing for a moment before stammering onwards.",
												"Speaks",
												"N-not that I want anything bad to happen to my mom or anything. She's alright. Never even met my dad, probably some dumbass adventurer who dropped a fat load of baby batter straight up mom's cooch and peaced out. But it's pretty basic. Imps are pretty weak and grow up fast - demon army footsoldiers and all - so I learned how to fuck dudes, 'cuz of course demons aint good for shit else, and... ended up joining the army.",
												"She grins at you mirthlessly, though it doesn't reach her eyes.",
												"Speaks",
												"Was hoping to find some direction in life, I guess, but so far you're about the only good thing that's happened to me since I got assigned here.",
												"JumpToScene",
												"ConvoChoices"
                                    ]
                            },
							{
                                  "NameOfScene": "Job",
                                  "theScene":[ 
												"PlayerSpeaks",
												"So what exactly are you supposed to do around here?",
												"ChangeImageFor", "1", "Base",
												"Speaks",
												"Stop adventurers, mostly. And maintenance. Ancilla does the important stuff but we keep stuff clean around here - sweeping the halls, plugging leaks, making sure the torches are lit for ~setting~ as boss lady calls it, cleaning up spooge after adventurers lose... not that much exciting.",
												"That sounds... slightly horrifying.",
												"She shrugs, either used to it or not particularly minding, it's hard to tell.",
												"Speaks",
												"It's not much, but it's honest work. And let's be real here, that fat cat isn't going to do anything useful, and boss lady is usually asleep, so it's up to us and Ancilla to make sure this place doesn't turn into a shithole within a week.",
												"...You suddenly feel a little less annoyed by all the imps you find roaming around. Stepping in a puddle of spooge WOULD ruin the mood.",
												"JumpToScene",
												"ConvoChoices"
                                    ]
                            },
							{
                                  "NameOfScene": "Imps",
                                  "theScene":[ 
												"ChangeImageFor", "1", "Base",
												"Speaks",
												"Imps...",
												"She looks away, muttering something darkly in frustration, but after a moment looks up at you with resignation.",
												"Speaks",
												"We're basically just shitty succubi. It's like... goblins to orcs, or harpies to griffons, or adventurers to knights I guess is a more human centric version. We breed and grow faster than succubi, but most imps will never even be as powerful as a normal succubus much less something like an Arch Succubus.",
												"The good ol' glass ceiling, eh?",
												"Speaks",
												"Arch Imps exist, I guess, but they're pretty rare and even then they're nowhere near a full on Arch Succubus, or Venerae forbid a True Succubus. I was kidding about the hokage crap earlier, but most imps do dream of eventually becoming an Arch Imp and getting treated like a person instead of a nuisance.",
												"Speaks",
												"The one thing we have going for us over a normal succubus is teamwork - being weak means we learn young that taking down adventurers or fighting off monsters takes a group, so we have a, I dunno, sorta a sixth sense for that kinda thing. We're not psychic or anything but it just - comes naturally, you know? I see another imp going for the face and based on the situation, I kinda know if she needs backup up there or if I should go south.",
												"Speaks",
												"It's kinda... grating though. Even if I left here I couldn't just go be an adventurer. I mean, you alone fucked pretty much the whole barracks docile, and no offense to you but there are WAY stronger adventurers out there. I heard the guild lady could straight up friggin' murder an arch succubus if she was serious. Iunno if that part was true, but... yeah.",
												"...Elena can be kinda scary, true, but you're not sure if she's quite THAT bad.",
												"JumpToScene",
												"ConvoChoices"
                                    ]
                            },
							{
                                  "NameOfScene": "Friends",
                                  "theScene":[ 
												"ChangeImageFor", "1", "Panic",
												"She grimaces, pretty much answering the question then and there, and looks even surlier for a minute when she realizes that as well.",
												"ChangeImageFor", "1", "Base",
												"Speaks",
												"Look, I'm not antisocial, okay? I just... don't get along with some of the others. They're either too mean or too bitchy. Or both. Fucking Stacy.",
												"She looks aggravated for a bit, viciously kicking the bed across from hers, but swallows her anger after a few moments and looks back up.",
												"Speaks",
												"Ok, no, honestly she's not a bad person and I shouldn't have said that. She and I just... don't get along. It's, like, you know, oil and water, cats and dogs, monster girls and consent.",
												"She grins at you expectantly, clearly proud of that one, and for her sake you give it a chuckle which seems to satiate her.",
												"Speaks",
												"I just - I don't know. I don't want to be just another imp, I guess? I want to be able to accomplish stuff myself. So I'm kind of the weird one out for a race that has teamwork built into it. I don't dislike them and I don't get bullied or anything, I'd rip a slut's tail off if she tried. And I work with them fine. I just kinda do my own thing on my time off. Reading usually. Or exploring.",
												"JumpToScene",
												"ConvoChoices"
                                    ]
                            },
							{
                                  "NameOfScene": "Done talking",
                                  "theScene":[ 
												"She shrugs and accedes readily to the request. What else do you want to do with the imp?",
												"JumpToScene",
												"Choices"
                                    ]
                            },
							{
                                  "NameOfScene": "Leave",
                                  "theScene":[ 
												"You leave the room without further issue.",
												"ChangeImageFor", "1", "Base"
                                    ]
                            },
							{
                                  "NameOfScene": "Progression",
                                  "theScene":[ 
												"ProgressEqualsOrGreater",
												"3",
												"Leave",
												"ChangeProgress",
												"1"
                                    ]
                            }
                ]
}