{
    "name": "ImpHarem",
    "CardType": "Event",
    "CardLimit": "1",
    "Description": "",
    "requires": [""],
    "Speakers": [
                  {
                    "name": "Samantha",
                    "postName": "",
                    "SpeakerType": "Monster"
                  },
                  {
                    "name": "Kimberly",
                    "postName": "",
                    "SpeakerType": "Monster"
                  },
                  {
                    "name": "Nicole",
                    "postName": "",
                    "SpeakerType": "Monster"
                  },
				  {
                    "name": "Imp",
                    "postName": " 1",
                    "SpeakerType": "Monster"
                  },
                  {
                    "name": "Imp",
                    "postName": " 2",
                    "SpeakerType": "Monster"
                  },
                  {
                    "name": "Imp",
                    "postName": " 3",
                    "SpeakerType": "Monster"
                  }

                ],
    "EventText": [
                    {
                        "NameOfScene": "Return",
                        "theScene":[  
									"DisplayCharacters",
									"1",
									"2",
									"3",
									"EndLoop",
									"ProgressEqualsOrGreater",
									"3",
									"Return2",
									"As you enter a familiar barracks, several imp heads swivel to face you, and for a moment you worry the whole crew is there and this is going to be a long fight before it turns out there's only three, in various states of dress, none of them looking particularly combat ready.",
									"...You're not sure whether to be relieved or disappointed, but the imps decide for you, two of them waving you over as if you're all the best of friends and they didn't try to fuck your brains out recently.",
									"Speaks4",
									"HEY! Don't act like you didn't see us!",
									"Speaks5",
									"Oh my goddess can you not reign in your ego for two minutes so we can seduce him?",
									"Speaks4",
									"You're just jelly he gave me a creampie and you only got sloppy seconds, slut. ...Heh, that rhymed. Surely such sedition should sour and succumb to-",
									"Speaks6",
									"I'm telling you, if you keep playing those moving picture games it'll rot your brain.",
									"Speaks4",
									"Fuck off Dad I'll do what I want.",
									"Speaks6",
									"That's MOM to you, and don't make me tell Ancilla what you do during your shift!",
									"Speaks4",
									"Y-you wouldn't dare... would you?",
									"...It really feels like Ancilla is the actual mom of the group, but while they argue the uninvolved imp sashays on over to you having barely enough decency to look vaguely ashamed.",
									"Speaks",
									"Yeah just ignore them, they really just need to fuck and make out. Up. Whatever. I'm Samantha, but you can call me Sam. We met during that last orgy... and the one before that... and the one bef-look the point is we've already done it like filthy animals a few times.",
									"One of the arguing imps looks up and blanches in unrelenting horror as she realizes the vicious trickery just unleashed upon the world, running up to you and grabbing your arm while glaring at the other imp. You feel her tail slide along your back...",
									"Speaks5",
									"Hey! No fair! You can't just make a move without us!",
									"Speaks6",
									"Y-yeah! What kind of self respecting imp would do something so shameless?",
									"The third imp looks pretty nervous as she speaks, approaching the group, her tail twitching, and you realize she probably had the same idea in mind.",
									"Speaks5",
									"And telling him your NAME like some kind of... of... hussy!",
									"Speaks",
									"I swear to fucking Venerae I hope the Destroyer is real and kills us all where we stand.",
									"Speaks6",
									"Yeah right, the Metatron is just a story moms tell their kids to scare them to sleep, no way that's real.",
									"SwapLineIf",
									"OtherEventsProgress",
									"Training with Metatron I",
									"5",
									"You consider mentioning that 'the Metatron' is your sparring partner and lover but decide against it. Partially because she seems to want to stay pretty low key about it, partially because the imps would neither not believe you or believe you, and you're not sure which is worse.",
									"1",
									"...Is Metatron really that scary? You know. Aside from the thing where she tried to kill y- hmm.",
									"0",
									"Well that doesn't seem ominous at all.",
									"EndLoop",
									"The imps continue to bicker for a few moments before turning back to you after agreeing that there is no such thing as a murder angel, and even if there ever had been, they would definitely be dead by now.",
									"Speaks2",
									"I'm Kimberly! But you can call me Kim... or mommy♥",
									"Speaks6",
									"I thought we were trying to flirt, not threaten him.",
									"Speaks2",
									"Don't threaten me with a good time~!",
									"Speaks3",
									"Oh. My. God. Whatever. I'm Nicole. And it doesn't break down into a cutesy nickname, what about it?",
									"Speaks",
									"Don't worry about them, they're idiots, but they mean well. So hey, hot stuff, what're you doing in this neck of the woods?",
									"Speaks2",
									"...We're underground, Samantha. In the forest dungeon. Not the actual forest.",
									"Speaks",
									"Don't fucking 'Samantha' me you salacious slut, it's a figure of speech. You're the one who likes to read, I'd think you'd know that.",
									"Speaks3",
									"Savaaaaaage!",
									"Speaks2",
									"Ah, mine scandalous figure sways suddenly in the seve-",
									"Speaks",
									"Our clothing is about the most scandalous thing about us. Who the fuck made imps anyways? Why are we all so damn flat? Pretty sure whoever made us is a damn lolicon.",
									"You clear your throat, feeling a little forgotten about.",
									"Speaks",
									"Oh yeah, as I was saying to the handsome adventure before you reres opened your pie holes, you're {ThePlayerName}, right? Just passing through, or want to spend a little time with us? We don't bite♥",
									"Speaks2",
									"She totally does, but it's, like, more of a gay little nibble thing than really biting hard.",
									"Speaks",
									"How the fuck is bite strength determinant of someone's sexuality?!",
									"Speaks2",
									"It isn't, but you eating out Nicole totally is.",
									"Speaks",
									"It's called bisexual, and I'll fuck it into you if I have to. ANYWAYS. {ThePlayerName}, what were you thinking?",
									"Speaks2",
									"Yeah, {TPN}-dawg, what's up in the hizzle?",
									"Speaks3",
									"...Please never talk again.",
									"JumpToScene",
									"Choices"
                                  ]
                    },
					{
                        "NameOfScene": "Return2",
                        "theScene":[  
									"DisplayCharacters",
									"1",
									"2",
									"3",
									"EndLoop",
									"A familiar trio of imps are lounging about as you enter, though all three quickly brighten up and approach you as soon as they realize who came to join in the fun.",
									"JumpToScene",
									"Choices"
                                  ]
                    },
					{
                        "NameOfScene": "Choices",
                        "theScene":[  
									"Menu",
										"Foursome!",
										"Your call",
										"Talk",
										"Spend time with",
										"Leave",
									"EndLoop"
                                  ]
                    },
										{
                        "NameOfScene": "Talk",
                        "theScene":[  
									"ChangeImageFor", "1", "Base",
									"ChangeImageFor", "2", "Base",
									"ChangeImageFor", "3", "Base",
									"Speaks",
									"You want to... talk... to the three horny imps who keep propositioning you for sex.",
									"Speaks2",
									"When you put it like that, anything can sound bad. Really what's so bad about a little intellectual stimulation?",
									"Speaks3",
									"Kimberly, you wouldn't know intellectual stimulation if he fucked it into you",
									"Speaks2",
									"Hey fuck you Niccy, SOME of us are capable of being honest with our feelings.",
									"Speaks",
									"Anyways, while they're flirting, what did you want to ask about?",
									"ChangeImageFor", "2", "Submissive",
									"ChangeImageFor", "3", "Submissive",
									"Speaks2",
									"WE'RE NOT-",
									"Speaks3",
									"-FLIRTING!",
									"...Man, that was perfectly synchronized.",
									"Speaks",
									"Methinks the slut doth protest too much.",
									"JumpToScene",
									"ConvoChoices"
                                  ]
                    },
					{
                        "NameOfScene": "ConvoChoices",
                        "theScene":[  
									"ChangeImageFor", "1", "Base",
									"ChangeImageFor", "2", "Base",
									"ChangeImageFor", "3", "Base",
									"Menu",
										"Hobbies",
										"Work",
										"Relationship",
										"Done talking",
									"EndLoop"
                                  ]
                    },
					{
                        "NameOfScene": "Hobbies",
                        "theScene":[  
									"ChangeImageFor", "1", "Base",
									"ChangeImageFor", "2", "Base",
									"ChangeImageFor", "3", "Base",
									"Speaks",
									"I like reading. And cute boys.",
									"Speaks2",
									"I like looking up dank maymays on 9fag. ...And cute boys.",
									"Speaks3",
									"W-well I for one enjoy-",
									"Speaks",
									"She's a generic tsundere, introductions done.",
									"Speaks3",
									"I am NOT a generic - what the fuck even IS a soon-daray? I swear Kimberly said something like that the other day too.",
									"Speaks2",
									"MY SPECIALTY! Actually, a tsundere is a classical trope in weeb culture that translates to disgust and love, referring to a girl who can be very reserved or outright hostile toward the character initially, but also has a warm and sweet side that eventually comes out over the course of her development!",
									"Speaks",
									"Most are just complete bitches though.",
									"Nicole actually looks hurt rather than firing back, and Sam quickly continues...",
									"Speaks",
									"N-not that you are, just a general statement. We love you. Some homo.",
									"Speaks3",
									"I-I'm NOT a tsundere but... as long as we're clear.",
									"Speaks",
									"Since there isn't really much need for an actual demon army these days, and no one ever cared much about imps in the first place, we mostly just end up tuning into reasonably affordable hobbies. Reading is somewhat common; card games, gossip, pranks, and the like are a lot more common though. Some get REALLY into sex, even by imp standards, while others struggle with existential crises.",
									"Speaks2",
									"I read manga!",
									"Speaks",
									"Yeah, we know you do, and that shit is expensive to keep importing.",
									"Speaks3",
									"I... like makeup and hair stuff...",
									"Speaks",
									"Yeah, Nicole wants to be a hair stylist, we're pretty sure she has a fetish for hair.",
									"Speaks3",
									"I - am not even going to take that bait. But yes, I like hair, dammit. N-not sexually! But most people take so little care of it and a different hairdo can make a girl much prettier, or a guy even more handsome. And no one likes lice or dandruff! Not even a horny succubus! What's wrong with thinking people should take care of themselves, huh?",
									"Speaks2",
									"Nothing, Niccy, and I love it when you do my hair, we just give you shit 'cuz you react to it.",
									"Speaks3",
									"...SOMEONE is getting bubblegum in their curls if they don't watch out.",
									"The way she puffed up a bit there, though, you get the distinct impression Nicole is in a pretty good mood after that.",
									"JumpToScene",
									"ConvoChoices"
                                  ]
                    },
					{
                        "NameOfScene": "Work",
                        "theScene":[  
									"ChangeImageFor", "1", "Base",
									"ChangeImageFor", "2", "Base",
									"ChangeImageFor", "3", "Base",
									"Speaks2",
									"We're BASICALLY, like, the final bosses of the dungeon!",
									"Speaks3",
									"I hope Sofia hears you say that someday.",
									"Speaks",
									"Ancilla noticed we worked together pretty well so she assigned us to be an ambush team - none of us are especially strong individually but the whole is greater than the sum of its parts and all that. So when you run into a trio of horny imps while wandering the dungeon, that might be us♥",
									"Speaks2",
									"And boy howdy, once Nicole goes on the warpath she can fuck her way through a concrete wall!",
									"ChangeImageFor", "3", "Submissive",
									"Speaks3",
									"T-that's... horrifying to even think about.",
									"Speaks",
									"Classic tsundere, am I right?",
									"ChangeImageFor", "3", "Base",
									"Speaks3",
									"Next time I won't stop licking until you stop twitching. Just so you know.",
									"Sam actually looks a bit intimidated and stops talking immediately, which... raises a lot of questions, but answers others. VERY thoroughly.",
									"JumpToScene",
									"ConvoChoices"
                                  ]
                    },
					{
                        "NameOfScene": "Relationship",
                        "theScene":[  
									"ChangeImageFor", "1", "Base",
									"ChangeImageFor", "2", "Base",
									"ChangeImageFor", "3", "Base",
									"Speaks2",
									"Co-workers with benefits!",
									"Nicole tosses her hair impatiently and interjects.",
									"Speaks3",
									"What Kimberly means is that since most imps have... very active libidos and... the supply of male adventurers is relatively low, and the supply of male adventurers we can overcome is even lower, w-we-",
									"Speaks",
									"We're all bi as fuck, baby!",
									"Speaks3",
									"Not ALL imps are bisexual, but yes, it is fairly common since we spend so much time together and already see each other naked regularly when fighting adventurers.",
									"Speaks2",
									"Plus, a lot of guys get hard watching two cute girls going at it, so it's part practicality, part pussy-lovin'!",
									"Speaks",
									"That was a REALLY weird way of wording that, just so you know.",
									"Speaks3",
									"Don't remind me. She was otherwise correct though. Due to our nature there are very few genuinely lesbian imps, but most are at least tolerant of same-sex relationships and threesomes, harems, sharing, and similar concepts. But there are a number of imps who, either for of romantic or personal reasons, would prefer to be the sole mate of whatever man they manage to lock down.",
									"Speaks",
									"Especially imps who want to become Arch Imps, since supposedly the more spirit energy you collect the more likely you are to get there, and well, having a dude pour all his baby batter into just you is a lot more efficient than him spreading it across like 18 other hoes, right?",
									"Speaks2",
									"Me and Sam read manga together, she reads boring fancy books with that one girl who hates Stacy, Nicole mostly broods about wanting a proper husband but we're pretty sure she'd be willing to share...",
									"ChangeImageFor", "1", "Panic",
									"Speaks3",
									"W-w-w-w-what the- I do NOT daydream about... well... sometimes but - no! That's not the point! Why would you even tell him that?! Don't listen to her she's making it up.",
									"Speaks",
									"Hey, some guys like a romantic.",
									"JumpToScene",
									"ConvoChoices"
                                  ]
                    },
					{
                        "NameOfScene": "Done Talking",
                        "theScene":[  
									"ChangeImageFor", "1", "Base",
									"ChangeImageFor", "2", "Base",
									"ChangeImageFor", "3", "Base",
									"JumpToScene",
									"Choices"
                                  ]
                    },
					{
                        "NameOfScene": "Spend time with",
                        "theScene":[  
									"ChangeImageFor", "1", "Base",
									"ChangeImageFor", "2", "Base",
									"ChangeImageFor", "3", "Base",
									"Speaks",
									"Nice!",
									"Speaks2",
									"Nice!",
									"...",
									"......",
									"Speaks3",
									"What? I'm not doing your stupid little routine.",
									"Speaks",
									"Whatever.",
									"Speaks2",
									"So... wanna watch Dragon's Balls X?",
									"Speaks",
									"Obviously we should have a book reading circle! ...Wait, what the hell is that?",
									"Speaks2",
									"I'M GLAD YOU ASKED! It's a totally awesome anniemay I watch, where Cocku collects all seven of the Dragon's Balls to wish for, uh, we don't know yet I guess.",
									"Speaks",
									"Eh... I dunno man, sounds kinda gay.",
									"Speaks3",
									"I'm serious, Kimberly, you will rot your brains out watching that garbage. And where did you even GET that damn player? Magiscreens are EXTREMELY expensive experimental technology and I know your income is nowhere near enough to afford that.",
									"Speaks2",
									"Stole it from some big titted bitch back in the capital.",
									"Speaks",
									"That's our Kim!",
									"Speaks3",
									"...Don't encourage her Samantha. Pissing off... anyone in the capital is unwise, but if that had been an arch succubus you could very well have gotten a fate worse than death!",
									"Speaks",
									"What, like being Sofia's body pillow or something?",
									"Speaks3",
									"I'm not kidding. The war is over but Soulsteel forges still exist, and no one would miss an imp or two if they pissed off the wrong people.",
									"Speaks",
									"...You ever wonder what it woulda been like to actually live during one of the twelve million wars? Humans and monsters just... I guess hacking at each other? Back before it was illegal for a succubus to legit just eat a dude, when just one dragon girl was an unstoppable force that could wipe out half an army?",
									"Speaks3",
									"Yes. They had a word for our kind. It was 'fodder'. The elite monster girls could easily take on dozens of humans, but there were thousands of them and weaker monster girls like us were used in human wave tactics just to slow down human advances and occasionally kill a few, or if lucky, drag them off to be raped and slaughtered to succubi.",
									"Speaks",
									"You know... it's kinda fucked up if you think about it. We don't really know all that happened back then. Each side has reasons to play up the atrocities of the other side after all. All we have are the older monster girls that were alive then, and books, and both can lie. Not that most of those who lived through it are even willing to talk about it. Sofia won't even tell us war stories! I heard she sucked a hundred dudes dry in one night.",
									"Speaks2",
									"Yeah, and she'd probably do worse to {ThePlayerName} if he pissed her off. Word of advice - don't piss her off. I heard rumors that she used to be a True Succubus, and that she got sent here 'cuz she couldn't turn off the crazy from back in the war.",
									"Speaks",
									"Sofia can pretty scary, but she doesn't seem that evil to me... it's hard to tell what she's really thinking though.",
									"Speaks3",
									"It is interesting to speculate, though. Sometimes it feels like Sofia and us imps alike were sent to this dungeon to rot, or at least until we could truly leave the war behind. And yet - we still live in barracks, still function in squads, still fight to protect our commander. Imps were bred for war, it's in our blood, but... what do you do when there is no war? Are we just existing, and if so... why?",
									"Both Sam and Kim are staring at her as the fun-averse imp trails off, glaring at them, and they bicker for a bit. How much of what they said is actually true is HIGHLY questionable, but the exchange really drives home how lucky you are to live in the modern age rather than the savage wars of the past. In the grand scheme of history, it hasn't even been that long since the last great war, and yet here you are, casually making friends in demon territory"
                                  ]
                    },
					{
                        "NameOfScene": "Foursome!",
                        "theScene":[  
									"ChangeImageFor", "1", "Base",
									"ChangeImageFor", "2", "Base",
									"ChangeImageFor", "3", "Base",
									"Speaks2",
									"This is just like one of my Chinese cartoons!",
									"Speaks",
									"...What the fuck is a-",
									"Nicole's top wraps around Kim's face like a fuzzy projectile, cutting off Sam's commentary as both imps turn to look at the already mostly naked imp.",
									"Speaks3",
									"...What? You can do that stupid Three Stooges routine all you want, I want some dick.",
									"Speaks2",
									"But how are we supposed to show off our zany personalities if we don't do the routine?",
									"Someone pushes you down onto the bed, and you get a glimpse of Sam's grinning face before her panties land on your face - none too dry, to say the least; her feminine scent strong on them.",
									"Speaks2",
									"Oi! Wait for me you filthy degenerates!",
									"As you remove your new treasure and regain your vision, you see Kimberly hurriedly stripping as Nicole drops your drawers with expert ease, and then your world is Sam for a moment as the eager imp captures you in a deep kiss - her tongue invading your mouth, her saliva as delicious as her scent; a sense of warmth interrupted a few moments later by a wet sensation spreading across your cock.",
									"Sam pulls back, grinning, revealing Kim already working on the glans, grinning up at you shamelessly as her tongue traces a trail around the top before engulfing much of the shaft in her wet lips. Sam pulling back, pulling your right hand; guiding the fingers into her drenched pussy with a cute little squeak that obliterates all sense of restrain as you find yourself willingly fingering her without ever consciously making the decision to.",
									"Nicole gently(?) pushes Kim aside, regaling you with a sweet smile that hints of horror as you gaze into her eyes and see how deep the hunger goes - and everything goes white for a moment as she sets to work, her tongue caressing the shaft with expert skill for a brief moment before taking you to the hilt without warning, gagging loudly for your benefit more than hers as she pulls off without looking in the least discomfited.",
									"As Sam starts nibbling on your neck, leaving wet kisses along the collarbone, Kim shoves her way back in, fondling one ball as she leaves a long trail of saliva down the underside of your cock - looking up at you with mischievous eyes even as Nicole starts licking again, quick, unpredictable little bursts of sensation as she takes the head between her soft lips.",
									"Kim moves back down the length, kissing it each movement before settling at the balls as Nicole takes more of your shaft into her mouth; one starts suckling your balls strongly even as the other's oral assault rapidly intensifies, swirling her tongue around your cock relentlessly - both slurping loudly, having fun with your reactions.",
									"-And then they aren't; pushing you to your back on the bed, Sam leaning in for another distracting kiss as Kim wins the shove-off and mounts you with a victorious grin. Her dripping juices already slathering your cock, sending sensation of pure heat down its length even before she lowers herself onto it teasingly slowly, her overwhelmingly tight pussy clamping down on your cock like a molten vice as she takes much of it in in rapid succession.",
									"Nicole slides up and licks the base of the shaft before lifting her head to meet Kim's falling body, her tongue tracing the contour of the impaled imp's lips before finding the clit - earning a quick shriek and a messy orgasm as Kim, overwhelmed by the dual assault, orgasms hard. Bad for her, worse for you; you can feel her orgasmic juices coursing down your cock, intensifying the heat even further.",
									"It doesn't take long before you find yourself cumming like a fire hose inside the spasming imp, your grunts mixing with her screams as pleasure consumes her. An intense ejaculation on your part, but as Nicole continues to work her clit, Kim flits from one orgasm to the next in relentless succession; by the time she slumps down, still helplessly impaled on your cock, it's questionable if she's even conscious.",
									"Nicole helps herself to a mouthful of the cum-and juice mixtures, approving of the taste as she smiles down at you disconcertingly, then 'helps' the broken imp off of your cock, a stream of cum and juices rushing out as her tight pussy frees your cock with a dull pop, and Nicole spends a few moments eating out the insensate imp before turning back to you and Sam, who is looking on in a mixture of horror and really, REALLY obvious arousal.",
									"Speaks3",
									"I believe it's your turn, Samantha~",
									"The scarified imp nods her head somewhat hesitantly, though when she looks down at you there's a degree of hunger in her eyes that belies her desires as well, and she doesn't argue as she moves around you, teasing your still rigid cock with her own dripping pussy before Nicole crawls on up, smiles sweetly at you, turns in place, and slaps her own pussy down onto your face as a none too subtle 'request'",
									"Drunk on pleasure and juices, your body obliges long before your muddled mind can think about the results of just how much aphrodisiac a dripping imp pussy could secrete.",
									"The sweetly salty taste removes all doubt, and you find yourself lapping at it, almost desperately, eliciting sweet moans from the tsundere-ish imp as she leans forward - you can't see what's happening but Sam's surprised gasp followed by the wet sound of the two imps making out answers the question rather effectively, as does the thick mix of fluids dripping to your stomach as Nicole force-feeds Sam some of what she lapped up earlier.",
									"Though as the distracted Sam's body drops onto yours, her pussy wrapping around your cock as she instinctively starts slowly grinding against it, it's all you can do to focus on eating Nicole out, VERY messily as the horny imp eagerly provides all the juices you could want. Moaning loudly into Sam's mouth as she orgasms, splashing your mouth with her orgasmic juices, but rather than giving you a moment to relax she just starts grinding harder.",
									"Sam rapidly picks up the pace, alternating between grinding, gyrating, and bouncing on your cock as she intuitively learns how best to torture you with pleasure, but despite her repeated orgasms Nicole seems to have the other imp in a death grip as they make out loudly - how much is a show for you and how much is real is unclear, but they're both audibly way too into it to be faking it by this point.",
									"Between the carnal carnival of sound around you and Samantha's relentless riding, it doesn't take long before you fill her pussy up with an even larger load of cum, unable to control your spasming body as you helplessly drink down one imp's fluids while flooding her friend's womb with a constant stream of semen until you forget what it's like to think.",
									"Nicole slowly pulls herself off your face, and you're treated to a bleary, but deliriously happy Sam as she slowly extricates herself from your cock, flopping over onto the bed next to you facefirst as a victorious Nicole clambers unsteadily over to your shaft, still dripping copious quantities of her juices but not yet satisfied.",
									"She tries to lower herself down carefully, but her legs give out a third of the way in and the imp impales herself on your cock in one motion - her orgasm hitting violently as you ejaculate in reaction to the sudden stimulus. And then Sam crawls on top of you, offering her admittedly less than impressive chest, even by B-cup standards. But at this point your sanity has been on vacation for some time and they look good enough to eat.",
									"Sam moans loudly as you attack her breasts, experimentally nibbling and then sucking the perky nipple as she wraps her arms around your head, cooing incoherently. And soon enough you realize your saliva and Nicole's juices are not the only fluids in presence; Sam is... lactating, or somehow excreting an unknown fluid from her chest, happily trying to breastfeed you.",
									"Nicole starts slowly riding your overstimulated cock with her own chorus of moans, and it doesn't take long - minutes at best - before you blow another load inside her, moaning helplessly into Sam's welcoming chest as she babbles sweet nothings - flooding Nicole's womb with spurt after spurt of hot cum as the imp moans sexily. Dimly aware that they've been drugging you up enough that you may not be able to stop, but unable to care.",
									"Eventually Nicole flops off your penis, giving you a bit of a show as a torrent of semen splashes out of her, and guides Sam back on for another ride - another creampie, or maybe five, it's getting harder to tell where one ends and the next begins; whether it's the island's magic, the various imp fluids, just your raw desire, or all of the above, your stamina is well beyond human at this point, though each ejaculation leaves you feeling weaker.",
									"At one point the two cock-addicted imps heft the unconscious Kim to your cock, putting it in her mouth to elicit a half hearted but quite effective blowjob, and you find yourself filling the insensate imp's mouth with a thick load of cum before the impatient imps reclaim your cock in the name of even more sex.",
									"What shreds are left of your mind suggest it may have been hours before the blessed release of unconsciousness finally claims you, still cumming helplessly into a voracious imp's pussy - one is lying beside you on the bed, clinging tightly to your arm, the other whispering into your other ear, and the last thing you see is the imp on your cock collapsing onto your chest in the wake of yet another orgasm before everything fades to black.",
									"...",
									"......",
									"Conscious comes part and parcel with a splitting headache, undesired light filtering through your eyelids alongside a level of bone tiredness and soreness that tastes like the mother of all hangovers.",
									"...Well, you WERE pretty much drunk, just... not on alcohol. Ugh. As the memories of the previous night come flooding back you manage to scrunch open your eyes, realizing that the pressure on you is due to a small horde of imps - three in particular, two attached to your arms and one still out of it lying on top of you, though there are several more throughout the barracks who are pretending not to pay too much attention to you.",
									"...If you passed out before them but woke up before they did, does that count as victory? Your head is still full of mush, but not quite trusting the other imps of the crew to leave you alone for too long you force yourself to disentangle yourself from the trio strewn across you, and eventually get yourself clothed and the fuck out of Dodge before they wake up for round 2."
                                  ]
                    },
					{
                        "NameOfScene": "Your call",
                        "theScene":[  
									"ChangeImageFor", "1", "Base",
									"ChangeImageFor", "2", "Base",
									"ChangeImageFor", "3", "Submissive",
									"Speaks3",
									"Wait... you're just going to let some imps decide what they want to do with you?",
									"ChangeImageFor", "1", "Panic",
									"Speaks",
									"...I mean, I'm down, I just... it feels cheap to suggest an orgy at this point, you know? But I don't really know what else to do with all four of us...",
									"ChangeImageFor", "2", "Smug",
									"Speaks2",
									"I HAVE A PLAN!",
									"ChangeImageFor", "3", "Base",
									"Speaks3",
									"Oh this should be good.",
									"Speaks2",
									"Fuck you, I'm like the Sam Zoo of stratageries. ...Well, she's Sam, so more like Sam Two I guess?",
									"ChangeImageFor", "1", "Base",
									"Speaks",
									"...At this point I actually can't tell if you're pronouncing that wrong on purpose just to fuck with me or not.",
									"ChangeImageFor", "2", "Base",
									"Speaks2",
									"Yeah whatever. ANYWAYS, unlike you two dumb sluts, I came prepared. Heh, came. Anyways, feast your eyes on-",
									"Kim dives onto her bed, rifling around in what is presumably her drawer and comes out with three... small cylindrical tubes? They don't LOOK especially meaningful, but with these buffoons you never know.",
									"Speaks2",
									"...Ok they don't look that impressive yeah, BUT, I'll have you know, this lipstick is a genuine Elven ware, sold to me by an extremely trustworthy, uh, look it doesn't matter where I got them from but they're definitely 100% legit.",
									"She doesn't quite meet anyone's eyes and you get the distinct sense you should probably be running.",
									"Speaks2",
									"ANYWAYS, supposedly these lipstick... things... have aphrodisiac effects, and obviously I got different colors so we can all be special and unique together!",
									"Speaks3",
									"...If we're all unique does that mean no one is?",
									"Speaks",
									"Oh look, someone just passed freshmen psych~",
									"Speaks3",
									"Fuck off.",
									"Speaks2",
									"AS I WAS SAYING, we should totally have a rainbow party!",
									"Speaks3",
									"...A what?",
									"Speaks",
									"Yeah I'm with stupid here, what in the who now?",
									"Kim puffs up, looking almost proud to know something the other two don't, but also uncharacteristically serious...",
									"Speaks2",
									"A rainbow party is where girls all wear different colors of lipstick and take turns blowing a dude! And... I think when humans do it they compare color rings to see who could deepthroat better, but...",
									"Speaks",
									"...I'm pretty sure we've all deepthroated him to the hilt by this point. Or will. Whatever.",
									"Speaks3",
									"Well, why not take turns and see who can make him cum first then?",
									"Speaks",
									"And second! Loser doesn't even get a load~",
									"Speaks",
									"Then it's settled. Don't forget {ThePlayerName}, you already agreed to this, so sit your happy little ass down and - hey Kim what colors are there anyways? I swear to god if you got me orange or some gaudy garbage like that...",
									"The imps bicker for a few moments as they hash out who gets the blue, red, or purple lipstick, but decide surprisingly quickly and apply it without further issue, with Nicole being the first to finish, and she quickly sets to ripping off your pants and giving you a bit of a handjob to get you prepared while the others joke around before all turning to you very seriously.",
									"Speaks",
									"...So who goes first?",
									"Speaks2",
									"My plan, my dick~ smell ya later losers!",
									"Ignoring Sam's sputtered protests, Kim kneels in front of you, smiling innocently with what looks suspiciously like genuine joy or goddess forbid like a girl who just looks happy to be spending time with her friends and boyfriend.",
									"The innocent thing doesn't last long though, as she slams her head down on your cock like a snake, her now cherry-red lips kissing the base of your shaft warmly as you helplessly let out a restrained grunt at the sudden assault, and she grins up at you cheekily before pulling off.",
									"There's a very clear red line at the base of your shaft where her lips came to rest, but it's hard to focus on it over the strange heat starting to spread through your cock, your already rigid shaft hardening almost painfully, and very visibly, over the next few seconds.",
									"Speaks",
									"...No way... get the fuck out of the way, I want to try!",
									"Nicole, holding onto your arm, giggles coquettishly as Sam drops to her knees and gives your glans a friendly lick before wrapping her soft and oddly cool lips around your shaft; the mixture of warm saliva and tongue compared to the almost chilling lips is incredibly distracting and Kim claps as Sam goes about halfway down the shaft, licking carefully as she goes, before clamping down with a cool kiss and then pulls off with a wet pop.",
									"The cold air feels warm compared to the oddly chilly temperature of the lipstick left behind, but arousal seems to radiate from both rings all the same, the contrasting heat and cold equally distracting; as Nicole detaches herself from you and slinks down to kneel before you, you find yourself wondering - hoping - what the next sensation could be.",
									"Her now-purple lips curl into a very NOT-innocent smile before she kisses the tip with affection, wrapping her lips around the glans thoroughly as she brings her tongue to bear - making out with your shaft. The sensation is incredible, like every nerve ending in your glans is about to burn out at once, and by the time Kim pulls her off you realize that Sam is holding you up, looking equal parts concerned and aroused.",
									"The heat and cold are still spreading, mixed with the oversensitivity at the tip, and as Kim's burning lips engulf your cock once more you find yourself moaning from the mingling sensations, heat and cold and sensitivity already starting to blur together.",
									"No sooner has Kim finished a few moments of her work than Sam pulls her off, this time deepthroating you from the start, and everything goes white for a second as hot meets cold directly, you can't even think of words to begin to describe the combined sensation as she looks up at you flirtatiously - and Nicole pushes her head in, forcing the imp to deepthroat the entire shaft, making out with the very base of your cock as the tip fills her throat.",
									"As soon as Nicole lets her, the imp pulls back, gagging, but is replaced immediately by the former, her wet lips leaving a tingling trail of what your tortured mind can only describe as sexy agony, the imp taking your cock to the hilt without the slightest hint of gagging and wasting no time in making out with it as her tongue gets to work on your cock, starting to smear the color lines even further together.",
									"It feels like your dick is on fire, frozen, and being electrified all at once, and the imps rapidly start blurring together, not that you can see which is which after you lose motor functions and realize you're lying on your back - each wet mouth replaced with another as the three imps take turns that begin to go longer and longer; they already had their fun, now they want your cum.",
									"After a point you realize you CAN tell them apart now; Nicole is the best with her tongue by far, finding your most sensitive spots and assaulting them relentlessly, her electrifying lips almost secondary to the oral torture she offers with a caliber of blowjob that could probably make some succubi blush.",
									"Sam is the least methodical of the three, and the least experienced; while the deep crimson lipstick she wears burns with a heat that seems to suffuse your entire body by this point, her blowjob isn't a whole lot more than some experimental licking and sucking, still better than most human women but to some degree propped up by the aphrodisiac lipstick she's wearing.",
									"Kimberly doesn't have Nicole's silken tongue, but does a surprising amount of work with her lips, caressing your saliva-soaked shaft to ensure every square millimeter is drenched in her lipstick, almost making out with your cock as she takes varying lengths into her mouth; her love tender but relentless as she take you apart. An almost perfect balance of animate and affectionate.",
									"PlayerOrgasm",
									"3",
									"Still, you manage to hold on until lightning strikes - an overwhelming explosion of light and heat in your balls as Sam tries to deepthroat you again, and it isn't until your orgasm starts to wind down that you realize you've been cumming for - you don't even know how long, a grinning Kim holding your head up as Nicole looks up impishly from beneath your sack, and the overwhelmed Samantha struggles and fails to drink down the endless ejaculation.",
									"By the time the flow ebbs, she looks almost shellshocked, a thick stream of cum drooling out of both corners of her mouth despite her haphazard attempts to swallow the huge load still in her mouth, and a smug Nicole helps get her up onto the bed beside you to res. Samantha doesn't fight it, but latches onto your arm and nuzzles into your side immediately, helping prop you up a bit but pretty much out of the fight entirely.",
									"With your shaft temporarily free you can see the countless concentric rings of where impish lips rested, kissed the flesh, and so many smears and mixed colors that you're sporting a proper rainboner. And it's at least as hard as it was at the start... hoo boy.",
									"With Sam out of the picture, Kim and Nicole give up on the whole competition thing, instead working together to ruinous effect. When they start making out with each other with the glans in the way, you realize things are NOT looking up for you at all, they were probably holding back for Sam's sake.",
									"Samantha hugs you tightly as moans echo through the room - mostly yours, whimpering sounds as what's left of your mental control evaporate into the fire and lightning consuming you.",
									"Kim is clearly faking her very vocal gags as she deepthroats you, and when Nicole takes her turn mostly focusing on the glans, the other imp just keeps going on the underside of the shaft, leaving a trail of kisses up and down the length interspersed with little licks. Pulling down to smear her aphrodisiac lipstick across your balls with a thousand quick kisses when Nicole starts deepthroating.",
									"All three imps are fingering themselves feverishly at this point, drenched fingers pumping in and out, and Nicole's other hand seems firmly attached to Kim's ass as she gropes the other imp shamelessly. The whole scene is profane, all three drowning in their sexuality even as the remaining two do their best to ensure you're enjoying it at least as much as they are.",
									"PlayerOrgasm",
									"2",
									"You find yourself hitting the edge unexpectedly as Nicole's tongue reaches a spot where all three lipsticks converged just right, and fill the surprised imp's mouth up with wave after wave of semen, and she makes locks eyes with you and takes every drop in her mouth, swallowing as needed to keep it from overflowing but continuing to lick and suck in between showing off her growing mouthful of cum even as she swallows down the extra.",
									"PlayerOrgasm",
									"1",
									"It just keeps coming, the effects of all three sets of aphrodisiacs and Imp shenanigans turning into a frankly horrifying ejaculation, and you can feel yourself getting weaker with each thick rope of cum that splatters in Nicole's mouth, each load she loudly and happily gulps down.",
									"PlayerOrgasm",
									"1",
									"As the endless ejaculation finally slows down, the imp wraps her lips firmly around the tip and just mercilessly works the head, while sucking out every drop you can give her, and despite the mind melted haze you can feel the flow intensify for a bit as she sucks your dick dry like a black hole.",
									"PlayerOrgasm",
									"1",
									"But all good things come to an end eventually, and the imp eventually slips her now multicolored lips off your cock with a wet slurp, showing a COMPLETELY full mouth of cum, her tongue barely visible as she sticks it out teasingly, and then shuts her lips again - this time without your cock between them - closing her eyes and tilting her head upwards as she blissfully gulps down load after load.",
									"It takes some time, but when she opens her mouth again not a single trace of your countless loads remains as she smiles sweetly up at you, the only proof she ever blew you a single sticky strand of semen on her shirt, probably from when you gave Sam your first ejaculation.",
									"...You're pretty sure she's marriage material, or an Arch Imp, or both. Definitely both.",
									"ChangeImageFor", "2", "Panic",
									"Speaks2",
									"Hold up, this is BULLSHIT!",
									"Kimberly's cry of discontent breaks the moment, and as Nicole tunes back in to reality you see a guilty expression spread across her face - given that she helped Sam get a drink, she was probably intending to do the same for Kim, but got carried away.",
									"Speaks2",
									"This was - it was my idea, why don't I get anything? Sam couldn't blow a damn birthday candle and - and -",
									"...Kim actually looks almost ready to cry, but while you might have some left in the tank, you're not sure if you'll be able to walk again for a week after another ejaculation like that last one...",
									"Menu",
										"Give her a load",
										"Leave while you can",
									"EndLoop"
									
                                  ]
                    },
					{
                        "NameOfScene": "Give her a load",
                        "theScene":[  
									"ChangeImageFor", "2", "Base",
									"Kim brightens up almost immediately at your offer, but her mood dulls a moment later, and she apologizes - to both you and Sam - for what she said. But after an assurance or two she perks up a bit and accepts the offer.",
									"PlayerOrgasm",
									"2",
									"But instead of blowing you, she smiles cheerfully and impales herself on your cock without further warning, giggling as you moan and blow another load, this time filling her drenched pussy as she slams herself down on you so hard you're pretty sure you hit her cervix... not that she seems particularly perturbed by it.",
									"PlayerOrgasm",
									"3",
									"Holy SHIT the combined sensation is intense though, her aphrodisiac pussy juices mingling with the various flavors already coating your cock, and the imp wraps her arms around you and rests her cheek against your chest as her pussy continues to milk your battered cock relentlessly, the combined sensations doubled by her incredibly tight pussy and expert movements, each ejaculation following in rapid succession.",
									"PlayerOrgasm",
									"10",
									"It feels like every single lick, suck, kiss, and nuzzle so far is all coming back at once, each more overwhelming than the last. You cum until you can't remember when you started cumming, and keep cumming until you can't tell the difference between each ejaculation, and keep on going until everything goes dark, with the imp still ravaging your cock as the very last thing you recognize.",
									"...",
									"RefreshPlayer",
									"DisplayCharacters",
									"1",
									"EndLoop",
									"You wake up NOT covered in imps, surprisingly, though there are a few lounging about in the barracks - at least two of them shooting you dirty looks, but the closest one grins at you a little disconcertingly before raising her hands in the universal gesture for good will.",
									"'Hey, you're Sam and her squad's boyfriend, right? They headed out for their shift half an hour ago. You should probably get out of here before anyone who didn't hear Nicole's threats to castrate them comes back and decides you're easy prey~ she must really like you if she's being that possessive, heh.'",
									"You decide to take her advice and git before the other half dozen imps nearby decide to team up on you."
                                  ]
                    },
					{
                        "NameOfScene": "Leave while you can",
                        "theScene":[  
									"There's no way you're going home any way but by recall stone if this keeps up, so you politely demure and take the totally not suspicious Elven tincture Nicole offers to help you recover",
									"RefreshPlayer",
									"Kim calms down pretty fast and is rather understanding - she did lose by her own rules after all.",
									"ChangeArousalQuietly",
									"200",
									"...Goddess damn those elves and their side effects, though."
                                  ]
                    }
                ]
}