{
    "name": "Archangel Metatron",
    "IDname": "Archangel Metatron",
    "species": "High Celestial",
    "gender": "female",
    "description": "A slender woman with white hair that reaches down to her breasts, almost human ears that are clearly pointed at the tip, and a tight-fitting, almost slinky black outfit that leaves little to the imagination in regards to her medium breasts, exceptionally pert ass, and delectable thighs. Blazing wings of crackling crimson energy extend behind her. She seems to be taking this rather seriously, albeit slightly less... genocidally so than last time.",
    "encyclopedia": "????",
    "tags": "none",
    "generic": "False",
    "requires": "",
    "skillList": ["Energy Bolt", "Angelic Shotgun", "Angelic Blowjob", "Forced Nectar Feeding", "Nectar Grind", "Angelic Make Out", "Angelic Embrace"],
    "perks": ["Anal Adverse"],
    "stats": {"lvl": "15",
              "Exp":"500",
              "max_hp":"1500",
              "max_ep":"150",
              "max_sp": "2",
              "Power": "10",
              "Technique": "10",
              "Intelligence": "10",
              "Willpower": "15",
              "Allure": "25",
              "Luck": "5"
    },
    "Fetishes": ["Sex|/|1"],
    "BodySensitivity": {"Sex": "200",
              "Ass":"150",
              "Breasts":"170",
              "Mouth":"200",
              "Seduction": "200",
              "Magic": "10",
              "Pain": "25",
              "Holy": "10",
              "Unholy": "200"
    },
    "resistancesStatusEffects": {
              "Stun": "20",
              "Charm":"50",
              "Aphrodisiac":"0",
              "Restraints":"75",
              "Sleep":"50",
			  "Trance": "0",
              "Paralysis": "0"
    },
    "moneyDropped": "1000",
    "ItemDropList": [
                      {
                        "name": "Celestial Enchantment I",
                        "dropChance": "20"
                      }
                    ],
    "lossScenes": [
                    {
                        "NameOfScene": "victory",
                        "move": "",
                        "stance": "",
                        "includes": ["Archangel Metatron"],
                        "theScene":[
									"Speaks",
                                    "That... was... enjoyable.",
									"The angel doesn't seem quite comfortable standing up straight, not that you're doing much better collapsed on the ground; in equal parts she appears both proud of herself and somehow... disappointed?",
									"Speaks",
									"A-ah, thank you, {ThePlayerName}. That was excellent... training...",
									"She trails off, her mind on... other subjects, reddening as she remembers she was talking.",
									"Speaks",
									"I - I apologize. I was just - um, nevermind. It's - it's probably for the best that we were not... connected...",
									"...It sounds suspiciously like Metatron is subtly suggesting that she is disappointed she isn't impaled on your cock here and now, but she apparently doesn't have the gumption to do anything about it, and as you fade away she leaves a chaste kiss on your forehead."
									],
                        "picture":""
                    },
                    {
                        "NameOfScene": "victory",
                        "move": "",
                        "stance": "Sex",
                        "includes": ["Archangel Metatron"],
                        "theScene":["Speaks",
                                    "Is - is this the b-best you can... ah... do?",
									"Despite her defiant words, as the angel shakily attempts to pull herself off your cock it is abundantly clear that she is having trouble keeping herself together.",
									"A thick trail of pussy juice is leaking down her leg and she looks at your erect member with something that looks suspiciously like a slightly horrifying degree of raw desire rather than chaste angel things.",
									"Speaks",
									"Well... I'll accept it.♥",
									"Without further warning she impales herself on you, swallowing every inch and milimeter of your erect member inside her body in one movement that rips a screaming orgasm out of both of you on the spot.",
									"Everything goes white as you helplessly cum inside her, each spurt larger than the last as her overwhelming magic seeps into you and heals your body, but the healing sure seems to be concentrated in your genitalia for some reason...",
									"As your vision returns, you realize Metatron is still spasming, her divine pussy juice still drenching your dick, an aphrodasaic infinitely stronger than mere magic, her head lolling back as she rides the waves of the latest of what might be several orgasms.",
									"When her head abruptly swivels down, nothing remains of her usual calm and reserve, only naked, unrelenting lust mixed with desire writ large across her face and in her eyes.",
									"...It occurs to you that you may be fucked in more ways than one.",
									"Metatron jerkily raises one hand, staring blankly at her petite palm for a moment, then brings both palms to your chest as she stares back down at you with a look that would be more at home on an arch-succubus than any kind of angel.",
									"She slowly lifts her hips, hands shaking for a moment as she steadies herself, and brings them back down gradually, relishing your expression as the immense pleasure of her perfectly sculpted pussy clamps down on you tightly and the mixture of magic and aphrodasaic juices course through you, bringing strength back to your flagging member almost instantly.",
									"Her slow movements gradually speed up, but inconsistently, one thrust agonizingly slow and the next overwhelmingly fast; a rhythm that is not a rhythm, the very attempt to make sense of it making your head spin and thoughts fade away.",
									"Everything goes white as you reach your limit and another ejaculation takes your strength away, a seemingly endless torrent as you twitch helplessly inside her, magically augmented semen exploding inside her, splurting inside and out.. You can almost see a slight bulge appear in her belly from the volume your traitorous dick is unleashing inside her.",
									"She smiles down at you, tenderly, almost motherly, or maybe that was a succubus grin, and then her arms give out and she tumbles forward onto your chest, her soft breasts pressing against your chest very distractingly.",
									"But her affectionate eyes and soft lips are even more distracting, and as she goes in for a clumsy kiss she seems to expand until her face is the world, her body on yours all that you can comprehend.",
									"Each ejaculation starts to feed into the next, your body completely unable to handle the vast quantities of magic flowing through you, though going by how her body shakes and quakes it doesn't seem like she's doing much better herself.",
									"Your last conscious thought is to wonder if this could actually go on forever, an endless loop of wanton debauchery.",
									"...",
									"When you wake up some time later, dusk already approaching, you seem to be (clumsily) clothed and still in the presence of the angel, though she doesn't seem especially eager to meet your eyes and disappears about as quickly as she confirms you aren't dead or about to be raped to death by a pack of wild elves."
									],
                        "picture":""
                    },
					{
                        "NameOfScene": "victory",
                        "move": "",
                        "stance": "Blowjob",
                        "includes": ["Archangel Metatron"],
                        "theScene":[
                                    "As she swallows down the remainder of your last ejaculation, the angel pulls herself partially out of her reverie, realizing that your legs are starting to give out. A frown creases her brow as she considers her options.",
									"She finally allows your rock hard cock to slip out of her mouth, attempting with limited success to swallow the massive quantity of semen still filling her mouth, and manages it after several gulps, her eyes glazing over with contentment.",
									"...That's probably not a good sign.",
									"Metatron stands, smiling, but it's not really the reassuring kind of smile, and before you can say anything she waves her hands and you feel yourself propelled backwards, hitting a tree you hadn't realized was behind you as glowing bonds of light arrest your movement and chain you to the tree!",
									"As she slowly walks towards you, looking slightly drunk, she actually grins, a look very out of place on her but met by slurred speech.",
									"Speaks",
									"I haven... quite figured out how to do that in a f-fight, but...",
									"She seems to be talking to your dick rather than you. It's a little disconcerting.",
									"Speaks",
									"I won, right? That means I get to do... whatever... I want with this glorious... aheh...",
									"She stumbled and drops to her knees in front of you, transfixed by the sight of your rigid cock, for better or for worse seeming to forget what she was talking about.",
									"Speaks",
									"Now... to practice what that nice innkeeper told me about...",
									"Yep, you're gonna die.",
									"The angel licks it experimentally, sending a shockwave of sensation through your abused dick at the mixture of saliva and magic, but has another thought after staring blankly at it for a few moments.",
									"Speaks",
									"...I wonder if... hmm.",
									"She brings her hands together, a golden glow issuing from them, and cups them around your balls as an intensely warm, almost hot, sensation boils within them.",
									"Speaks",
									"There we go♥ Angelic healing... hee hee.",
									"The waves of sensation are only building as you struggle within the restraints, but when she lovingly kisses the tip it explodes into overdrive, ripping an unexpected ejaculation out that coats half her face and drips down to her hands in massive rivulets before the surprised angel reacts, wrapping her soft lips around the head and drinking down as much as she can of the remainder.",
									"Rather than stopping, she continues to pepper it in small kisses while taking small breaks to lick her hands clean, the overwhelming sensation in your balls and dim glow around your dick suggesting it's not quite over yet.",
									"Metatron clearly agrees, wrapping her lips around the head again, sucking carefully and beginning to explore your overly sensitive lower head with her delicate tongue; everywhere her saliva leaks burns with fire hotter than hell, her tongue an icy relief that leaves even greater heat behind.",
									"She focuses completely on your rod, taking painstaking care to lick and suck and caress every square milimeter, occasionally pausing as she tries to gauge your reactions to each movement.",
									"As she slowly grows more comfortable with her explorations, one hand slips up to caress your balls tenderly, another source of sensation on an already overwhelming array.",
									"But you managed to hold it in until a sudden explosion of... something hits you when she's two thirds down the shaft, Metatron's surprised but muffled gasp drenched by the torrential tsunami of cum filling her mouth, but she dutifully swallows it down, spurt after spurt as you cum harder than you can entirely comprehend, an unending torrent that is well beyond anything a normal human could produce.",
									"But the angel keeps slurping and sucking and licking and swallowing, relentless in her ministrations, and you can already feel another ejaculation brewing even as the first peters out, her lips slowly reaching the base of your cock as everything goes white.",
									"This time she's more ready and the angel moans in abject pleasure as she gulps down the next load, one hand dropping to her pussy as she begins to finger herself, still pouring magic into you through her mouth and her free hand.",
									"Slowly drawing back as the last ejaculation wanes she licks her lip, transfixed in dazed pleasure as she savors the taste, looking up at you with eyes as hungry as they are tender.",
									"...Well, she's obviously getting off to this too, but it does occur to you that she sure does seem pretty interested in making you happy considering she was the winner and all.",
									"Something sparkles in her eyes, something suspiciously similar to mischief, and she continues staring up at you as she brings her lips to the tip of your shaft and kisses it again, this time a long, almost devout kiss mixed with more than a little tongue action as she slowly licks the head, around and around, and the flow of pleasure intensifies.",
									"It doesn't take long for another jet, but this time she pulls back and joyously takes the massive rope of cum across her face, a long, thick string that reaches her hair and hangs diagonally down her face, across her nose, barely reaching her left lip.",
									"She licks it a bit as the next comes, and the next, your traitorous body helplessly pumping out superhuman quantities of cum as she joyously takes every drop across her face, reveling in the dripping strands that fall to her pert breasts cupping her hands beneath to catch the remainder and licking up what she can.",
									"As the semen coating her slowly dissipates into motes of light, absorbed into her body, she looks more disappointed than anything, looking up with an unreadable expression for a moment.",
									"...And then deep throats you all the way to the base in one move, the unexpected explosion of sensation ripping another torrent of cum out as she renews her oral assault with fervent vigor, making use of her earlier experimentation to hit each weak spot she found and trying to make more, drugging you with the aphrodasaic effect more and more as she works.",
									"Soon each ejaculation is flowing into the next, an endless torrent that merely waxes and wanes instead of starting and stopping.",
									"At some point it feels like they stop waning entirely and it's just one ever-growing stream of cum, a milky stream that splurts out of her woefully overfilled mouth and bursts out of her nose and splatters on the ground and her breasts and her legs and her hands, but she keeps drinking everything she can down.",
									"But the human mind is simply not built to handle that kind of sensation for long periods of time, regardless of healing, divine or otherwise.",
									"Your consciousness slowly fades away into a night filled with loud slurps and slutty moans as the angel savagely throat-fucks herself, constantly changing the pace and the depth as your ability to react fades into the night air.",
									"...A tiny part of your brain wonders if this is her idea of training now, how much of a problem is it going to be when she's an expert on the subject?"
									],
                        "picture":""
                    }
                  ],
    "combatDialogue": [
						{
							"lineTrigger":"StartOfCombat",
							"move": "",
							"theText":["|f|CallCombatEventAndScene|/|MetatronCombatEvents|/|Randomize"]
						},
						{
							"lineTrigger":"EndOfRound",
							"move": "",
							"theText":["|f|CallCombatEventAndScene|/|MetatronCombatEvents|/|CheckStun"]
						},
						{
                            "lineTrigger":"HitWith",
                            "move": "Penetrate",
                            "theText":["Her expression changes to momentary ecstasy, unable to resist her urges her body greedily clamps onto yours!",
                                        "'Her momentary struggling is replaced by an expression of mindmelting pleasure as you impale the angel on your cock!",
                                        "'T-this...♥' The normal controlled look fades from her face, replaced by mindless affection for a moment."]
                        },
                        {
                          "lineTrigger":"HitWith",
                          "move": "Thrust",
                          "theText":["'Hahhh♥ This, this is, such sensation...'",
                                      "'MmmmmMMMMMNah!' Breathing heavily she stares longingly at you through lidded eyes, unable to keep control of her voice.",
                                      "'Ah! AH! {ThePlayerName}! Harder!"]
                        },
						{
                          "lineTrigger":"HitWith",
                          "move": "Pound",
                          "theText":["'Hahhh♥ This, this is, such sensation...'",
                                      "'MmmmmMMMMMNah!' Breathing heavily she stares longingly at you through lidded eyes, unable to keep control of her voice.",
                                      "'Ah! AH! {ThePlayerName}! Harder!"]
                        },
						{
                          "lineTrigger":"HitWith",
                          "move": "Empowered Thrust",
                          "theText":["'Hahhh♥ This, this is, such sensation...'",
                                      "'MmmmmMMMMMNah!' Breathing heavily she stares longingly at you through lidded eyes, unable to keep control of her voice.",
                                      "'Ah! AH! {ThePlayerName}! Harder! Faster!'"]
                        },
                        {
                            "lineTrigger":"UsesMove",
                            "move": "Energy Bolt",
                            "theText":[  "'I- I hope this doesn't hurt too much...'",
                                        "'This does seem... slightly... less effective than usual...'",
                                        "'Weakening the opponent before close combat is an effective strategem.'"]
                        },
						{
                            "lineTrigger":"UsesMove",
                            "move": "Angelic Shotgun",
                            "theText":[ "'BATHE IN RIGHTEOUS-wait, are you okay?'",
                                        "'Time to spray and pray! ...Get it? ...Nevermind.'",
                                        "'But why is it called a shotgun? What is a gun? Why would I name a move after something that may not even exist in this setting? Questions for later.'"]
                        },
                        {
                            "lineTrigger":"UsesMove",
                            "move": "Nectar Grind",
                            "theText":["'AAAAHAhhhhh... oh, goddess, this f-feels so good...' The angel shakes with pleasure as she rides you relentlessly!",
                                        "'J-just a little... more...?' She doesn't seem to be too focused on your training anymore...",
                                        "'Ahnnnnn!♥' She doesn't seem able to form a coherent word anymore."]
                        },
						{
                            "lineTrigger":"UsesMove",
                            "move": "Sensual Leg Locked Love Making",
                            "theText":[
										"'AAAAHAhhhhh... oh, goddess, this f-feels so good...' The angel shakes with pleasure as she rides you lovingly, her legs wrapped around you!",
                                        "'J-just a little... more...?' Metatron smiles tenderly at you as she slowly milks you, her body wrapped around yours!",
                                        "'Ahnnnnn!♥' She doesn't seem able to form a coherent word anymore."]
                        },
                        {
                            "lineTrigger":"UsesMove",
                            "move": "Angelic Make Out",
                            "theText":["'Mmmmmhhhh... mmmm...' she pulls back, smiling, her guard down, but a worrying degree of lust in her eyes.",
                                       "'Mmmmmmh... I believe I need more... practice.' She leans back in for more with a glint in her eyes."]
                        },
						{
                            "lineTrigger":"UsesMove",
                            "move": "Angelic Embrace",
                            "theText":[
										"'Mmmmmmmh♥ Haaa... aaaaah...' Breaking the deep kiss just long enough to smile at you with naked affection breaking through her emotional barrier, her hips slowly rising and falling against yours, she leans back in with a smile for more.",
                                        "'Is this... what the Goddess wished for me to understand...?' The angel rubs her thighs against yours, a veritable rainbow of overwhelming sensations flowing through your body as her perfect pussy milks you, looping one arm behind your head to pull you in for a yet deeper kiss."]
                        },
                        {
                            "lineTrigger":"LowHealth",
                            "move": "",
                            "theText":["'I-if I don't win soon... you are a worthy opponent!'"]
                        },
                        {
                            "lineTrigger":"PlayerLowHealth",
                            "move": "",
                            "theText":["'P-please, do it i-inside, not out♥"]
                        },
                        {
                            "lineTrigger":"OnPlayerOrgasm",
                            "move": "Sex",
                            "theText":[
										"The mixture of potent magic coursing through your body and enveloping your penis is too much, and as the sex-starved angel brings her hips crashing down on yours everything goes white as a calamitous quantity of cum explodes inside her, bleaching her vagina with your seed as thick spurts dribble out of her.",
                                        "The angel's pussy is literally divine, despite her lack of skill you can hold out no longer and fill her with thick bursts of semen, over and over, an endless torrent of debauchery as she clings to you, shaking, from the pleasure!",
                                        "'W-what? Ah! AAAAAAAAAHhhhhhHHHHH!' The angel shakes in orgasmic bliss as you cum, constricting ever tighter around your rod as you helplessly fill her to overflowing with your seed."]
                        },
						{
                            "lineTrigger":"OnPlayerOrgasm",
                            "move": "Blowjob",
                            "theText":[
										"The undeniable pleasure brought by her inexperienced but dextrous tongue and the magic running through you, mixed with the pleading look in her eyes as she stares up at you, is too much to bear and you cum for close to a minute. The angel drinks down each spurt in a blissful reverie, not wasting a single drop.",
                                        "'Please...' She barely manages the word around your shaft, but the desperate request bears fruit as your remaining self control frays and you blow a colossal load inside her mouth, the surprised angel spilling gobs of the thick goo that drip down her face and into her hands, but she licks it all up after you finish."]
                        },
                        {
                            "lineTrigger":"OnPlayerOrgasm",
                            "move": "",
                            "theText":["Unable to restrain your lust you blow your load on the ground. Metatron looks personally attacked that it isn't inside her."]
                        },
                        {
                            "lineTrigger":"OnOrgasm",
                            "move": "",
                            "theText":[
										"'Ahhh - AAAHHnnnnnNNNN!♥' Her screams of pleasure bring her to the ground, her mind overloaded with pleasure as her own magic frays her mind.",
                                        "'W-what is thiiIIISSSS?♥' The angel's head lolls backward as her back arches,  her roaring orgasm robbing her of any resemblance of sense or bodily function!"]
                        },
						{
                            "lineTrigger":"OnOrgasm",
                            "move": "Sex",
                            "theText":["'Ahhh - AAAHHnnnnnNNNN!♥' Her screams of pleasure fill the clearing.",
                                        "'You r-really are a hero!♥ My hero!♥ MMMMMMNNNN!♥'",
                                        "'Yes! YES! AAHHHhhh!♥'"]
                        },
                        {
                            "lineTrigger":"OnSurrender",
                            "move": "",
                            "theText":["'...I feel like we need to discuss what training means. However, if you wish to allow me to practice my techniques unopposed...♥'"]
                        }
                      ],
	"victoryScenes": [
            {
              "NameOfScene": "MetatronDefeatedSex",
              "move": "",
              "stance": "Sex",
              "includes": ["Archangel Metatron"],
              "theScene":[
                            "ClearMonsterEncounter",
                            "JumpToEventThenScene",
                            "Metatron Defeated I",
                            "SexStart"
                        ],
              "picture":""
          },
          {
              "NameOfScene": "MetatronDefeatedBlowjob",
              "move": "",
              "stance": "Blowjob",
              "includes": ["Archangel Metatron"],
              "theScene":[
                            "ClearMonsterEncounter",
                            "JumpToEventThenScene",
                            "Metatron Defeated I",
                            "OralStart"
                        ],
              "picture":""
          },
          {
              "NameOfScene": "MetatronDefeated",
              "move": "",
              "stance": "",
              "includes": ["Archangel Metatron"],
              "theScene":[
                            "ClearMonsterEncounter",
                            "JumpToEvent",
                            "Metatron Defeated I",
							"Choice"
                        ],
              "picture":""
          }
        ],
        "pictures": [
                      {
                          "Name":"Base",
                          "StartOn": "1",
                          "AlwaysOn": "1",
                          "IsScene": "0",
                          "TheBody": "1",
                          "Overlay": "No",
                          "setXalign": "0.0",
                          "setYalign": "0.1",
                          "Images":[
                          {
                              "Name":"Base",
                              "File": "../Mods/Waifupocalypse/Images/Metatron/Metatron.png",
                              "setXalign": "0.0",
                              "setYalign": "0.0"
                          }
                        ]
                      }
                    ]
}
