{
    "name": "Tiny Blowjob",
    "cost": "0",
    "costType": "ep",
    "requiredLevel": "0",
    "learningCost": "0",
    "skillType": "attack",
    "statType": "Allure",
    "requiredStat": "0",
    "skillTags": ["Sex"],
    "fetishTags": ["Oral"],
    "startsStance": "",
    "requiresStance": "Blowjob",
    "unusableIfStance": [""],
    "requiresTargetStance": ["Blowjob"],
    "unusableIfTarget": ["Sex", "Anal"],
    "removesStance": "None",
    "requiresStatusEffect": "None",
    "requiresStatusPotency": "0",
    "unusableIfStatusEffect": ["None"],
    "power": "40",
    "minRange": "90",
    "maxRange": "110",
    "recoil": "0",
    "targetType": "single",
    "statusEffect": "Charm",
    "statusChance": "70",
    "statusDuration": "4",
    "statusPotency": "0",
    "statusResistedBy": "",
    "statusText": "",
    "descrip": "tiny tease",
    "outcome": "{AttackerName} licks and suckles on as much of {TargetName}'s cock as she can fit into her tiny mouth, caressing {TargetHisOrHer} length with an eager tongue, with a look of loving adoration!",
    "miss": "{TargetName} grits his teeth to resist the pleasure from {AttackerName}'s tender tongue and warm wet mouth as both {TargetHisOrHer} shaft relentlessly!",
    "statusOutcome": "As {AttackerName} tenderly services {TargetName}'s cock with a determined mixture of licks and slurps, you find your hands in her hair, guiding her small mouth ever further down your shaft!",
    "statusMiss": "",
    "restraintStruggle": "",
    "restraintStruggleCharmed": "",
    "restraintEscaped": "",
    "restraintEscapedFail": ""
}
