{
    "name": "Alternate Commander's Pet",
    "CardType": "Event",
    "CardLimit": "1",
    "Description": "The tricky cat girl of the forest dungeon is trying to tempt adventures trespassing in her mistress's lair!",
    "requires": [""],
    "Speakers": [
					{
                    "name": "Mika",
                    "postName": "",
                    "SpeakerType": "Monster"
					},
					{
                    "name": "Ancilla",
                    "postName": "",
                    "SpeakerType": "Monster"
					}
				  ],
    "EventText": [
							{
                                        "NameOfScene": "Return",
                                        "theScene":["ProgressEqualsOrGreater",
													"5",
													"Return2",
													"ChangeProgress",
													"1",
													"Passing through an all too familiar wooden door, you emerge in an also all too familiar stone chamber, and to the surprise of no one, you spot an all too familiar catgirl who is clearly TOTALLY trapped in the stockade.",
													"PlayerSpeaks",
													"...Where the fuck did you get a couch?",
													"DisplayCharacters",
													"1",
													"EndLoop",
													"ChangeImageLayer", "Expression", "1", "Beg",
													"Speaks",
													"Nya? Oh brave advent-oh! It's you! Uh... I totally don't know your name. Er, nyame. You come here often enough that you might as well tell me, right?",
													"...She's not WRONG. You do seem to, uh, come through here pretty often these days. Heh, come. Because it sounds like cum and - nevermind.",
													"PlayerSpeaks",
													"{ThePlayerName}.",
													"ChangeImageLayer", "Expression", "1", "Base",
													"Speaks",
													"I see! Well...",
													"ChangeImageLayer", "Expression", "1", "Laugh",
													"Speaks",
													"Ancilla brought it for me earlier.",
													"PlayerSpeaks",
													"...I thought she was allergic to fun.",
													"Speaks",
													"...Yeah she totally is, but she's totally a good person. She even left a mattress! I think she missed when putting it down, though 'cause she accidentally hit me in the face with it... several times... nyahaha.",
													"Well, that does sound like something Ancilla would do.",
													"ChangeImageLayer", "Expression", "1", "Beg",
													"Speaks",
													"Now, would you like to punish me for talking so much, meowster?",
													"PlayerSpeaks",
													"...Meowster?",
													"ChangeImageLayer", "Expression", "1", "Angry",
													"Speaks",
													"What, you got a damn problem with cat puns now?",
													"PlayerSpeaks",
													"Uh... no?",
													"ChangeImageLayer", "Expression", "1", "Base",
													"Speaks",
													"Yeah, that's what I thought.",
													"ChangeImageLayer", "Expression", "1", "Smug", "ChangeImageLayer", "Base", "1", "Blush",
													"Speaks",
													"Now, will you please punish this mouthy kitty nya~?",
													"JumpToScene",
													"TheMenu"
                                          ]
                            },
							{
                                        "NameOfScene": "Return2",
                                        "theScene":[
													"JumpToRandomScene",
													"Return3",
													"Return3",
													"ReturnSleep",
													"EndLoop"
                                          ]
                            },
							{
                                        "NameOfScene": "Return3",
                                        "theScene":[
													"Passing through an all too familiar wooden door, you emerge in an also all too familiar stone chamber, and to the surprise of no one, you spot an all too familiar catgirl who is clearly TOTALLY trapped in the stockade.",
													"PlayerSpeaks",
													"Hi, Mika.",
													"DisplayCharacters",
													"1",
													"EndLoop",
													"Speaks",
													"Oh, {ThePlayerName} nya! you must {i}really{/i} like coming to see me! How's it goin'? Uh... I mean, h-how is it going, {i}nya{/i}?",
													"JumpToScene",
													"TheMenu"
                                          ]
                            },
							{
                                        "NameOfScene": "TheMenu",
                                        "theScene":[
													"Menu",
														"Fuck her in the ass!",
														"Suggest something kinky!",
														"Suggest a spar!",
														"Talk!",
													"EndLoop"
                                          ]
                            },
             {
                                        "NameOfScene": "Fuck her in the ass!",
                                        "theScene":[
                          "JumpToEventThenScene",
                          "Commander's Pet", "Fuck her in the ass!"
                                        ]
             },

							{
                                        "NameOfScene": "ReturnSleep",
                                        "theScene":[
													"DisplayCharacters",
													"1",
													"EndLoop",
													"ChangeImageLayer", "Expression", "1", "Laugh",
													"As you enter Mika's den of iniquity, you hear a loud snore mixed with incoherent mumbling rather than the usual greeting, and quickly discover the source; your feline friend(?) is fast asleep, still halfway in her stockade with her butt in the air.",
													"You could just walk through the door and make your way further into the dungeon, buttttt she does look pretty... defenseless, and after her shenanigans it would probably be Chaotic Neutral at worst to pay her back with a trick of your own with a creamy mess to wake up to.",
													"That said, when she's not being a horny dipshit, she's almost kinda cute when she's this relaxed, and this might be your only chance to pet her ears and tail without getting harassed into lewdness...",
													"Menu",
														"SetChoice",
														"7",
														"Give the kitty her milk.",
														"Cuddle.",
														"Ignore her.",
													"EndLoop"
                                          ]
                            },
							{
                                        "NameOfScene": "Give the kitty her milk.",
                                        "theScene":[
                                          "SetChoice",
                                          "7",
                                          "Give the kitty her milk.",
													"As it turns out, the stockade actually DOES have a locking function, even if she doesn't use it much, and it isn't hard to get everything locked down properly and one naughty kitty fully entrapped.",
													"Normally sticking anything in her bountiful booty is a deathwish for your dick, but if she has no way to escape... well, maybe you can finally 'punish' her properly just like she keeps asking for, eh?",
													"Circling around behind the slumped kitty, you sink your fingers into her plush ass as you pull her up parallel to the floor; not having to worry about getting fucked halfway to death to can take a moment to appreciate just how nice her ass is.",
													"Even with her muscles as relaxed as they are, there is a certain firmness to her ass that is pleasing to the touch, belying the sheer muscular nature of her thighs.",
													"But with her body relaxed, you can also feel the pliable plumpness, her soft flesh spilling between your fingers a bit, especially as you heft her backside to crotch level and gravity puts on a bit of a show for you.",
													"Turns out, a cat is fine too.",
													"Already hard enough to get going due to her unintentional display, you carefully plunge your dick into her ass, its self-lubricating nature keeping things from getting weird, as the sleeping Mika moans.",
													"By the fucking Goddess, even asleep with her ass relaxed it's still tight as hell, something that only intensifies when her body reflexively tightens down - it's certainly not her first rodeo. So to speak.",
													"Still, you are firmly in control, which makes it a lot easier than having a horny catgirl actually milking you, and start slowly thrusting into her, gradually picking up the pace as you lose yourself in her divine ass, hips smashing into her wonderfully soft ass with each thrust",
													"The unconscious kitty's moans grow in volume as the wet sound of flesh meeting flesh echoes through the room, a symphony of sin so to speak; you can FEEL her ass come alive as her dreams turn lewd and she starts meeting your movements, almost purring from pleasure.",
													"No, scratch that, as you ram your cock so far into her ass you don't think it COULD go any further, you hear a very distinct purr as she pushes back to hilt you, and have to take a moment to keep from just filling her delectable ass up on the spot.",
													"Trying to distract yourself a bit, you give her butt an experimental rub before slapping it with a whipcrack shot, eliciting a meowl from the sleepy kitty, and find yourself grinning in almost childish wonder as an oceanic wave of jiggling spreads across her flesh.",
													"It doesn't take long to resume a rhythmic pounding, ravaging her ass for all you're worth and adding in a few slaps here and there as her breathing turns ragged, clearly turned on to an exceptional degree.",
													"ChangeImageLayer", "Expression", "1", "Angry", "ChangeImageLayer", "Base", "1", "Blush",
													"Speaks",
													"Wha-hey? What the fuck?",
													"Ah, looks like Sleeping Booty woke up.",
													"...Holy shit you're a genius, like, you feel genuinely proud of yourself for coming up with that one, more so than tricking the tricky kitty maybe.",
													"Speaks",
													"YO YOU BETTER LET ME THE FUCK OUT OF THIS THING BEFORE I RIP YOUR COCK OFF WITH MY BEAR HANDS! WHAT KIND OF FUCKING COCKSUCKER SLUT LOCKED THIS GOD DAMN FUCKING-",
													"PlayerSpeaks",
													"Wait, did you mean bare hands or bear hands?",
													"ChangeImageLayer", "Expression", "1", "Submissive",
													"Speaks",
													"W-w-wha- {ThePlayerName}? What the fuck are you-AAAAAAAAHN!",
													"Midway through her budding tirade you pick up the pace, slamming against her shaking legs with a vengeance; you can't actually see her expression, but the shuddering meowl of mind-melting pleasure suggests she isn't quite as mad as she sounds.",
													"ChangeImageLayer", "Expression", "1", "Lewded",
													"Speaks",
													"Oh god YES, fuckit, no, fuck me fuckmefuckmefuckmeFUCK MEEEEE!",
													"She punctuates her desperate pleading by meeting your thrust with her bountiful booty, sending waves of pleasure through your already overstimulated hips; better supporting herself so she can relentlessly milk your dick.",
													"You realize a little late that there's no pulling out now as her ass muscles constrict like the fucking Kraken, only really allowing you to push further in or pull out partially, as her tail wraps around you and pulls you in.",
													"Not that it stops you from slamming it on home as best you can, both of you wrapped in the moment and enjoying the rough sex as your hands sink into her flesh, but you can feel the unstoppable urge building in you, brooking no disagreement.",
													"PlayerOrgasm",
													"1",
													"A few more thrusts in, the dam breaks, and you cum uncontrollably as you bury the entirety of your dick into her heavenly ass, flooding it with rope after rope after rope of built up semen; a gooey mess that fills her ass as Mika howls in unearthly pleasure.",
													"ChangeImageLayer", "Expression", "1", "Lewd",
													"The sheer volume forces you to pull out, splattering her fleshy butt with a pearly tide as the captured cat orgasms violently as well, squirting a mess of her own juices to the ground helplessly as her legs give out and she collapses in the ground.",
													"As your orgasm wanes, spraying her back with a few last errant strings as she moans, Mika lets out a few choice expletives under her breath, sagging in the stockade helplessly, panting for air.",
													"Feeling more than a bit drained but highly victorious, you clean up a bit, putting your clothes back on, and regard the fallen kitty with a... slight degree of guilt.",
													"Like yeah ok she would have done you worse, probably, but you at least have the escape of recall stone, she's kinda fucked. ...Literally in this case, but also in general.",
													"Sighing, you circle around and release her from the stockade, keeping a close eye out for... shenanigans... but she apparently orgasmed hard enough that the fight has more or less gone from her.",
													"ChangeImageLayer", "Expression", "1", "NyaSmug",
													"Speaks",
													"That... wasn't bad.",
													"Huh, she seems... less angry than you would have expected.",
													"Speaks",
													"I'll let you get away with that this time. Mostly 'cuz I can't stand up. But next time, just try it when I can get free and we'll see how things go for you♥",
													"Menu",
														"SetChoice",
														"8",
														"Get her comfortable.",
														"GTFO.",
													"EndLoop"
                                          ]
                            },
							{
                                        "NameOfScene": "Get her comfortable.",
                                        "theScene":[
                                          "SetChoice", "8", "Get her comfortable.",
													"She doesn't seem to have the strength to move, so you help her to the bed where she relaxes, falling asleep almost immediately."
                                          ]
                            },
							{
                                        "NameOfScene": "GTFO.",
                                        "theScene":[
                          "SetChoice", "8", "GTFO",
													"Well, you're pretty well satiated, might as well get moving."
                                          ]
                            },
							{
                                        "NameOfScene": "Cuddle.",
                                        "theScene":[
                                          "SetChoice", "7", "Cuddle",
													"Well, the last five million times you showed up ended up lewd, it almost seems like a waste to do that this visit too.",
													"Besides, a completely defenseless Mika has its perks as well; for one, she usually guards those ears pretty jealously, and you were kinda curious what her tail might feel like when she's not using it for anything...",
													"Also it looks kinda uncomfortable to be sleeping in a stockade; her body is kinda hanging there.",
													"Trying not to think too hard about how poorly this could go, you take a bit to unlock the stockade and ease Mika down to the floor, the insensate kitty apparently either a heavy sleeper or really tired. Though as you get into a sitting position, her head lolls into your lap by accident... right?",
													"Feeling slightly guilty for some reason, you carefully touch her ear, feeling both the harder flesh of the structure and the very soft fur surrounding it in a way that sends trills of joy through you; as if all was right with the world and you could lay aside your sinful life to just hug and pet and cuddle for the rest of your days-",
													"Holy crap, that was terrifying. NOT getting fucked senseless by monsters on a daily basis? What kind of life is that?",
													"...You may have been here for too long.",
													"Mika murmurs something in her sleep, distracting you from such unimportant bullshit as NOT petting her to remind you to pet her, and you do so because that is a wonderful idea.",
													"With one hand on each ear and a thumb or two in her hair, the Pettening resumes, feeling the soft fur covering her ears from the outside as Mika shakes her head in her sleep, flicking her ears, smiling; she seems to be having a nice dream.",
													"But hark, with thine eyes, ye spy... nay, could it be... the forbidden treasure trove of El Dorado!?",
													"For within those sable ears lies a treasure trove of fluffy gold, an alabaster monument to divinity upon which the sands of time crash like so many grains of sand upon a beach!",
													"Thine questing fingers reach the pinnacle of Olympus, the extra soft and lighter-colored fuzz inside her ears, as Mika begins purring, slowly at first but getting worked up more the more you play with it. It's remarkably soft and furry and fuzzy, almost addictive. It's not hard to imagine mighty magics being woven by each hair upon your unsuspecting body.",
													"Mika apparently agrees, nuzzling into your lap as her purring intensifies, sending rumbles through your hips and up your spine.",
													"Aside from turning you into a degenerate and the sleeping Mika into a happy fuzzy ball of affection, though, you don't feel any magic, and something moving out of the corner of your eye catches her attention...",
													"Her tail, usually the harbinger of the analpocalypse, is flitting back and forth lightly. Dare ye lay thine questing hands upon the treasure foretold by the sages of ages past?",
													"Um, duh.",
													"Your left hand trails down her naked body - bad thoughts - and lands on her tail, trailing it lightly in turn. Without her being awake to control it, her powerful muscles are fairly lax, the tail still fairly hard but surprisingly fun to rub, and the insensate cat purrs even harder as you continue to have your way with her body.",
													"...Not in a weird way or anything.",
													"Time passes pleasantly as you give her affection, and surprisingly enough despite having a naked buxom woman in your lap you don't have any... masculine issues. Probably for the best. The way she's sleep-talking about fish, you're a little concerned she might try biting.",
													"Eventually Mika awakens with a mighty yawn, her head still laying in your lap as she gazes off into infinity, apparently not having, uh, noticed you yet.",
													"ChangeImageLayer", "Expression", "1", "Laugh",
													"Speaks",
													"Nyahaha... what a nice dream~ Only way that could have been nicer was if {ThePlayerName} was there.",
													"You clear your throat unobtrusively.",
													"ChangeImageLayer", "Expression", "1", "Shock",
													"She turns her head slowly to look up into your face, realizing belatedly what happened.",
													"ChangeImageLayer", "Expression", "1", "Angry", "ChangeImageLayer", "Base", "1", "Blush",
													"Speaks",
													"W-wipe that stupid grin off your fac- you... your...",
													"ChangeImageLayer", "Expression", "1", "Lewded",
													"Speaks",
													"...You heard that didn't you?",
													"You nod, feeling a little personally attacked that she thinks you have a dumb looking smile.",
													"She sits up, looking at everything NOT you for a few moments before facing you, a bright blush spreading across her face.",
													"ChangeImageLayer", "Expression", "1", "Base", "ChangeImageLayer", "Base", "1", "Base",
													"Speaks",
													"...Well, I'm glad it was you.",
													"Whoa whoa whoa hol' the fuck up, that almost sounded like-",
													"ChangeImageLayer", "Expression", "1", "Angry", "ChangeImageLayer", "Base", "1", "Blush",
													"Speaks",
													"NOW GET THE FUCK OUT OF MY ROOM BEFORE I BITE YOUR DICK OFF!",
													"Classic Mika! Haha... ha... wait, is she serious?",
													"You skedaddle the fuck out of there before the apparently emotionally volatile catgirl makes good on her threat. You THINK the island's magic would keep you safe, but... you're not about to stick around and find out the hard way.",
													"Heh, hard."
                                          ]
                            },
							{
                                        "NameOfScene": "Ignore her.",
                                        "theScene":[
                          "SetChoice", "7", "Ignore her.",
													"With the great guardian of the gate sawing logs, it's not exactly difficult to walk about 12 feet to the door and move on with your life.",
													"Congratulations! You're more of a pussy than the literal catgirl."
                                          ]
                            },
							{
                                  "NameOfScene": "Suggest something kinky!",
                                  "theScene":[
												"ChangeImageLayer", "Expression", "1", "Beg",
												"Speaks",
												"A challenge nya? That sounds kinda fun actually...",
												"ChangeImageLayer", "Expression", "1", "NyaSmug", "ChangeImageLayer", "Base", "1", "Blush",
												"Speaks",
												"But if I win, I get to keep you as long as I want nya~",
												"ChangeImageLayer", "Expression", "1", "Beg", "ChangeImageLayer", "Base", "1", "Base",
												"Speaks",
												"Don't worry, I'll let you go after a day or two.",
												"ChangeImageLayer", "Expression", "1", "Lewd", "ChangeImageLayer", "Base", "1", "Blush",
												"Speaks",
												"...Probably.♥",
												"A chill runs down your spine - whether of fear or anticipation, you're not quite sure.",
												"PlayerSpeaks",
												"And if I win-",
												"ChangeImageLayer", "Expression", "1", "Lewded",
												"Speaks",
												"You can do an♥y♥thing♥ you want with me, meowster♥.",
												"She looks almost more excited by that than the prospect of winning, but the suddenly sweetly subservient act is still more than enough to overwhelm any sense of self preservation remaining in your monkey brain.",
												"PlayerSpeaks",
												"...Deal.",
												"ChangeImageLayer", "Expression", "1", "Smug",
												"Speaks",
												"If you ever wanted to know what a cat's tongue running alllll over your dick could feel like... you better try hard, 'cuz this time I'm fighting you for real, nya♥",
												"...Well, seems that both of you found your reason to fight.",
												"As Mika slips into something that looks suspiciously like an actual fighting stance, but... cat flavored, with her paws out, you prepare yourself as best you can as well. The way she was talking, you might not actually get to leave this room for a while if you lose.",
												"CombatEncounter",
													"NoRunning",
													"SMika",
													"StartCombat",
													"You win! Congrats."
                                    ]
                            },
							{
                                  "NameOfScene": "Suggest a spar!",
                                  "theScene":[
												"Mika looks up at you blankly from her perch in the stockade, then shrugs, shedding her confines with casual ease and rising to her full height to face you.",
												"ChangeImageLayer", "Expression", "1", "Base",
												"Speaks",
												"...Yeah, sure, why not. I could use the exercise. Don't worry...",
												"ChangeImageLayer", "Expression", "1", "Lewd", "ChangeImageLayer", "Base", "1", "Blush",
												"Speaks",
												"When I win, I'll only fuck you {i}most{/i} of the way into a coma.",
												"Well, she's all heart.",
												"ChangeImageLayer", "Expression", "1", "Base", "ChangeImageLayer", "Base", "1", "Base",
												"CombatEncounter",
													"NoRunning",
													"Mika",
												"StartCombat",
												"Her her last orgasm rips the strength out of her legs, and the previously cocky catgirl sinks to her knees, already fading away with a frustrated look.",
												"ChangeImageLayer", "Expression", "1", "Angry",
												"Speaks",
												"D-dammit, I should have taken that more seriously...",
												"As she fades away, the door ahead unlocks, and you continue deeper into the dungeon!"
                                    ]
                            },
							{
                                  "NameOfScene": "Talk!",
                                  "theScene":[
												"ChangeImageLayer", "Expression", "1", "Flustered",
												"Mika stares at you for several seconds, looking very much like you had just grown an extra head.",
												"Speaks",
												"I... don't know how to respond to that.",
												"PlayerSpeaks",
												"I mean, {i}technically{/i} you're doing your job by delaying me, right?",
												"ChangeImageLayer", "Expression", "1", "Angry",
												"Speaks",
												"...It sorta annoys me how you said that, but you're not... COMPLETELY wrong... fine, fuckit, whatever.",
												"ChangeImageLayer", "Expression", "1", "Base",
												"Letting herself out of the stockade, she motions you to the couch and takes her own perch on top of the stockade, looking a little uncomfortable with the idea of 'just talking' but apparently willing. Go you?",
												"JumpToScene",
												"Discussion"
                                    ]
                            },
							{
                                  "NameOfScene": "Discussion",
                                  "theScene":[
												"ChangeImageLayer", "Expression", "1", "Base",
												"Menu",
													"Touchy the ears?",
													"Why are you here?",
													"What do you do for fun?",
													"Back",
												"EndLoop"
                                    ]
                            },
							{
                                  "NameOfScene": "Back",
                                  "theScene":[
												"JumpToScene",
												"TheMenu"
                                    ]
                            },
							{
                                  "NameOfScene": "Touchy the ears?",
                                  "theScene":[
												"SetChoice",
												"9",
												"Yes",
												"Speaks",
												"No.",
												"PlayerSpeaks",
												"Ah cmon, what's the harm-",
												"ChangeImageLayer", "Expression", "1", "Angry",
												"Speaks",
												"Do I have to FUCK it into you? ...Nya.",
												"PlayerSpeaks",
												"...You know that adding a nya at the very end doesn't make it any less mean.",
												"ChangeImageLayer", "Expression", "1", "Base",
												"Speaks",
												"Yeah, well, imagine having people ask you for that every damn day, and none of them are as cute as yo- I MEAN fuck them. And you. Especially y- ...Not sexually.",
												"Suspicious...",
												"PlayerSpeaks",
												"Sorry.",
												"ChangeImageLayer", "Base", "1", "Blush",
												"She looks conflicted for a moment.",
												"Speaks",
												"D-DAMMIT fine, b-but only if you can defeat me...",
												"She pauses dramatically, presumably before mentioning sex battle time?",
												"ChangeImageLayer", "Expression", "1", "Beg",
												"Speaks",
												"...IN A CHILDREN'S CARD GAME!",
												"PlayerSpeaks",
												"What.",
												"Mika pulls a deck of cards out of - actually where DID she pull them from? You're kinda scared to ask.",
												"Speaks",
												"The rules are simple!",
												"20 minutes later...",
												"Speaks",
												"...And if you take their life points to zero, you win!",
												"PlayerSpeaks",
												"So wait, if I put the card face down in defensive position-",
												"She spends a bit longer explaining the rules before grabbing your wrist and leading you over to the couch where she hands you a deck and takes her own - wait where did THAT deck come from?!",
												"Still, you're feeling confident that you at least understand the basic rules, and according to her the cards each have their rules printed on them...",
												"...",
												"ChangeImageLayer", "Expression", "1", "Laugh",
												"Fifteen minutes later, everything has gone to shit - her Dark Magician Slut is riding your Bull Warrior for a third of his health each turn, and she's taken a good half of your life points, all with a doofy smirk on her face.",
												"Speaks",
												"And now, I play Pot of Greed!",
												"PlayerSpeaks",
												"But what does it do?",
												"Speaks",
												"Oh, it lets me draw two additional cards.",
												"PlayerSpeaks",
												"But what does it d-oh, that's pretty straight forward.",
												"Speaks",
												"Yeah, wonder what kind of dumbass would have trouble figuring that out?",
												"You shrug, focused more on the endless suffering at hand. Maybe if you play Red Dick Blacked Dragon in attack mode, you can double penetrate her Dark Magician Slut before-",
												"Both of you look up at the sound of fun draining from the room, looking to the far door as hope and joy circle around the drain of... oh shit it's fucking Ancilla.",
												"DisplayCharacters",
												"1",
												"2",
												"EndLoop",
												"The sleepy sheep maid stares blankly at the two of you, and Mika has the decency to look slightly ashamed of herself... not.",
												"Speaks",
												"Haha, hey there Ancilla nya~",
												"ChangeImageFor", "2", "Threat",
												"Speaks",
												"Mika. Is your role not to guard this room from intruders?",
												"ChangeImageLayer", "Expression", "1", "Submissive",
												"Mika still looks kinda goofy, but is fidgeting a bit, and this is... sort of your fault, so you step in to help out.",
												"PlayerSpeaks",
												"I mean, we've been here for like an hour already, sex battle would've been over in five.",
												"ChangeImageLayer", "Expression", "1", "Angry", "ChangeImageLayer", "Base", "1", "Blush",
												"Speaks",
												"...Because I would have fucking won! ...Nya.",
												"She says the last part with a sideways glance at Ancilla, and you can't resist the urge to tease her a little more.",
												"PlayerSpeaks",
												"Yeah 'cuz that goes so well for you every time.",
												"Mika jerks her head towards you, looking almost mad enough to hiss, but is interrupted by a familiar monotone voice...",
												"ChangeImageLayer", "Expression", "1", "Base",
												"ChangeImageFor", "2", "Base",
												"Speaks2",
												"The two of you appear to be having... fun.",
												"Rather than accusatory, her tone is almost - well, not happy, because you're pretty sure she would spontaneously combust the the very existence of fun, but almost conversational at least, which is basically one step away from dancing a jig as far as Ancilla goes.",
												"PlayerSpeaks",
												"Want to join us?",
												"The words come out unbidden, but despite a slight widening of her eyes she gives little evidence of reaction, positive or negative.",
												"Speaks2",
												"I will decline. There are... issues to attend to. Mika, here are your snacks. ...Enjoy yourselves.",
												"ChangeImageFor", "2", "Happy",
												"She hesitates for a split second before leaving the tray nearby and leaves, but you can almost swear you saw something suspiciously like an ethereal smile at the corners of her lips. Between that and her hesitation, you almost, impossibly enough, get the impression that she would have liked to say yes.",
												"DisplayCharacters",
													"1",
													"EndLoop",
												"You and Mika share a mystified look at the non-euclidean horror you just witnessed, momentarily nonplussed.",
												"ChangeImageLayer", "Expression", "1", "Laugh",
												"Speaks",
												"Oh by the way I play Blue Balls White Dragon in attack mode, triple penetrating your life points directly.",
												"...God dammit.",
												"ChangeImageLayer", "Expression", "1", "Lewd", "ChangeImageLayer", "Base", "1", "Blush",
												"Speaks",
												"YEAAAA GET FUCKED BOIII!",
												"As she jumps up, arms outstretched and flush with her victory, you grudgingly admit defeat and help her clean up the cards. Maybe the sex battle would have been easier.",
												"Mika is in such a good mood she forgets to stop you from leaving, though shortly after you press further into the dungeon you hear muffled swearing from behind and resolve not to go near her for a bit..."
                                    ]
                            },
							{
                                  "NameOfScene": "Why are you here?",
                                  "theScene":[
												"ChangeImageLayer", "Expression", "1", "Laugh",
												"Speaks",
												"...Lost a bet. Nyahaha.",
												"You don't exactly get the sense that she's being entirely forthcoming with you, but she doesn't seem super eager to reveal her dark backstory just yet... or maybe she did just lose a bit. Who knows?",
												"ChangeImageLayer", "Expression", "1", "Base",
												"Speaks",
												"...It's not that bad, honestly. It's a steady job, I get to train, and...",
												"She nudges you, grinning.",
												"ChangeImageLayer", "Expression", "1", "Lewd", "ChangeImageLayer", "Base", "1", "Blush",
												"Speaks",
												"Sometimes I meet cute boys. Occasionally they even get to walk out. If they're lucky♥",
												"Well, better that than via Mika's Anal Express. Or is that the better version? You're not quite sure.",
												"Speaks",
												"Plus, roleplaying is fun. All you big dick heroes see a poor helpless catgirl being tortured at the stake, and most of you don't even need much convincing to stick it in. They come back mad, and I get to train. Win win pretty much.",
												"ChangeImageLayer", "Base", "1", "Base",
												"JumpToScene",
												"Discussion"
                                    ]
                            },
							{
                                  "NameOfScene": "What do you do for fun?",
                                  "theScene":[
												"ChangeImageLayer", "Expression", "1", "Lewd", "ChangeImageLayer", "Base", "1", "Blush",
												"Speaks",
												"Adventurers, mostly",
												"...Honestly you're not sure what else you expected from that answer.",
												"ChangeImageLayer", "Expression", "1", "Base", "ChangeImageLayer", "Base", "1", "Base",
												"Speaks",
												"Messing with you horny dipshits is fun, and I mean... a girl's gotta get her rocks off too, yanno?",
												"PlayerSpeaks",
												"That was... not your best metaphor.",
												"Speaks",
												"Metagofuckyourself. Sex, fighting, and children's card games. Brings in some scratch, Ancilla makes sure I don't die alone in here or anything, and Sofia doesn't...",
												"ChangeImageLayer", "Expression", "1", "Laugh",
												"Speaks",
												"Hunt my family down and murder them.",
												"...She IS joking, right...?",
												"JumpToScene",
												"Discussion"
                                    ]
                            }
                ]
}
