{
    "name": "MetaLily1",
    "CardType": "",
    "CardLimit": "0",
    "Description": "",
    "requires": [""],
    "Speakers": [
                  {
                    "name": "Metatron",
                    "postName": "",
                    "SpeakerType": "NPC"
                  },
                  {
                    "name": "Lillian",
                    "postName": "",
                    "SpeakerType": "NPC"
                  }


                ],
    "EventText": [
                    {
                        "NameOfScene": "EventStart",
                        "theScene":[
                                    "DisplayCharacters",
										"1",
                                        "EndLoop",
                                  "Metatron flushes at your suggestion, but after a moment the angel nods hesitantly, trying to play it cool and not doing a very good job of it.",
								  "Speaks",
					              "Y-yes. I will - accept your offer. For the purpose of learning my weaknesses and how I may better adapt to the island.",
								  "It's actually impressive how good she is at sucking all the fun out of the universe...",
								  "Eh, whatever. No one else seems to be around, Lilian is off doing Lilian things, and a sudden rush of heretical thought possesses you. As you sit down on the nearest pew, you motion her to sit down on your lap.",
								  "Metatron does so with a slight air of confusion, but a moment later she gasps with a mixture of realization and arousal as your fingers brush against her body, caressing the bare skin revealed by her pseudo-dress as they trail down her body.",
								  "A squeak escapes her as the probing fingers reach her pussy, rubbing against it from outside, and you can feel that she was already wet.",
								  "Speaks",
								  "A-aaaahn...",
								  "Whatever sense of morality might have held you back dissipated at her moan, and you slip a finger further her wet insides, rewarded by the feeling of the angel's slender back arching backwards against your chest as well as a tingling jolt along your hand from the magic leaking out.",
								  "Metatron seems to be too focused on not making any sounds to fight back, which is probably for the best, given her pert ass is firmly in your lap.",
								  "Another finger follows the first inside, rubbing up and down, in and out, as the angel's gasps rapidly turn to muffled moans and her left leg begins to visibly twitch with each movement.",
								  "Struck by an idea, you nibble lightly at the nape of her neck and a barely repressed squeak issues out before she covers her mouth with her left hand, her shaky right hand, seeking your own, finally grips yours with interlocking fingers.",
								  "Emboldened, you leave a trail of tender kisses and gentle nibbles along her collarbone while slowly turning up the heat with an extra finger slowly twirling around inside.",
								  "Furtively looking around to make sure no one else is present, your free hand trails up the left side of her body and caresses her left breast from outside as she jolts, twitching with her head lolling back and her restrained gasps growing more and more audible.",
								  "Feeling a bit like an incubus yourself, you double down, gently tracing her nipple with lazy fingers while lifting the index finger of your right hand, circling her clitoris with slow and gentle motions, drinking in the sound of her muffled moans.",
								  "The frantic movements in your lap are starting to become rather distracting, your manhood unable to withstand the intermittent rubbing of her soft butt against it from either side, her light grinding straining your erection further.",
								  "Well, two can play that game. Slipping your left hand under her dress to fully cover her breast and lightly knead it, still playing with her nipple with the closest finger, you simultaneously redouble your efforts on her clit and are rewarded with the loudest moan yet - enough that you're a little worried someone might hear.",
								  "Metatron is clearly NOT in any condition to care, though, bucking in your grasp with her facade of stoic singlemindedness crumbling into, well, lewd singlemindedness. At least she's consistent.",
								  "Speaks2",
								  "{ThePlayerName}!",
								  "DisplayCharacters",
										"1",
										"2",
                                        "EndLoop",
								  "If Metatron's shoulders had jerked up any faster she might actually have beheaded you, but fortunately your journey ends not in a messy decapitation... though it might have been easier that way, given who the voice coming from behind the two of you belongs to and how she might react to sacrilege of this caliber.",
								  "Your left hand launches out of Metatron's dress at mach 9, sliding furtively down her side to lightly cup her left ass cheek, an act heralded by another cute little squeak, and with one last caress you pull your right hand out of her intimates as well.",
								  "...Though it's covered in enough liquid that not even Lillian could possibly miss, so you leave it draped over the angel's slim thigh inconspicuously, resting against her thigh. That draws a muffled yelp too, and for a moment you're almost tempted to just take her then and there.",
								  "Speaks",
								  "L-l-llllillian?",
								  "Her words come out a little slurred as Metatron strugles to regain control of her emotions, and her body, but Lillian doesn't seem to notice.",
								  "Speaks2",
								  "Wow! I didn't expect to see you here too, {ThePlayerName}! Sorry, I was out running some errands, someone needed some, uh a lot, of healing after an...",
								  "ChangeImageFor", "2", "Nervous",
								  "Speaks2",
								  "...Accident at the inn.",
								  "The cleric looks somewhat bothered by what you can only assume were truly horrific visions of destruction - or depravity.",
								  "ChangeImageFor", "2", "Happy",
								  "Speaks2",
								  "Oh! Hiya, Metatron! Shoulda known I'd find you here too!",
								  "Speaks",
								  "Ah? Oh... y-yes.",
								  "While her mind is clearly still somewhat elsewhere, the cheery cleric still notices Metatron's distracted demeanor, though you can only hope she doesn't realize the full scope of what was going on.",
								  "ChangeImageFor", "2", "Surprised",
								  "Speaks2",
								  "You feeling alright?",
								  "Idle hands are the devil's workshop, the saying goes, and you can't think of any other good explanation for why you decided to squeeze Metatron's ass as she started speaking.",
								  "Speaks",
								  "Ah, y-yAAAAAhh!",
								  "ChangeImageFor", "2", "Nervous",
								  "Speaks2",
								  "Uh... right.",
								  "It's... surprisingly fun to mess with the angel of antifun, but Lillian actually seems to be getting a little suspicious, so you step in to help things along.",
								  "PlayerSpeaks",
								  "Oh, we were just discussing the meaning of the parable, of, uh...",
								  "...Maybe you should have paid attention to theology a little more. Angels... wings... hmm.",
								  "PlayerSpeaks",
								  "ICARUS!",
								  "ChangeImageFor", "2", "Surprised",
								  "Speaks2",
								  "Bluh - huh?",
								  "PlayerSpeaks",
								  "Ah, you know, the guy with the wax wings, and... stuff. He flew too close to the sun, and we were just, uh, discussing how the message was clearly intended to be that we should all, you know, follow the Goddess's plans. And stuff. If we want to be happy, and not, uh, catch fire or drown.",
								  "Metatron manages an unconvincing nod.",
								  "ChangeImageFor", "2", "Happy",
								  "Speaks2",
								  "Wow... I'm impressed! You really know your stuff, {ThePlayerName}! I've always thought that we should view all parables and legends as clues of what the goddess would want!",
								  "Speaks2",
								  "Well, you two have fun, I have to go pray to the goddess to...",
								  "ChangeImageFor", "2", "Upset",
								  "Speaks2",
								  "...Maybe let me forget everything that happened today. Forever.",
								  "ChangeImageFor", "2", "Happy",
								  "Speaks2",
								  "A-anyways, you two have fun!",
								  "DisplayCharacters",
										"1",
                                        "EndLoop",
								  "...Was it just you or did she seem in kind of a hurry to leave? And was there something in that last look...?",
								  "Nah, couldn't be.",
								  "Metatron's sudden jerking in your lap brings back your attention as a flood of fluids deluge your hidden hand, and you realize a little late that she had started fingering herself at some point during the conversation, orgasming violently almost as soon as Lillian's back was turned, though this time she managed to keep her voice completely under control.",
								  "The angel shakily stands up, almost collapsing as she does, her eyes silently inviting you in a beguiling glance that would be more at home on a succubus than a divine servant of the goddess, inclining her head slightly to follow her before stumbling away.",
								  "...Leaving you with a raging boner and the prospect of taking care of it yourself, or following her and hoping that she has some interest in - well the look in her eyes answered that question, and you guiltily stand, sending a silent apology to Lillian for the stain on the bench before following Metatron out the door to the side where the garden lies.",
								  "Mostly on a hunch, you undo your belt before getting outside...",
								  "...Which is probably for the best given that a berserk angel rips your pants away in the blink of an eye, not that you're much slower in shoving her against the mossy stone wall and hilting yourself inside her about as fast as you can manage without friction burns.",
								  "Metatron's lusty moan is mingled with her head jerking back as you push her bodily off the ground, though the sudden enormous rush of sensation nearly takes your legs out from under you.",
								  "It seems a little cliché to describe her pussy as divine, but the overwhelming sensation of its flawlessly shaped softness, the tightness as her body greedily latches onto your shaft, and the electrical conduit of raw magic coursing through both of you like a lightning strike and popping every nerve in your body does give it some justice.",
								  "The angel recovers first, and wraps her arms around you as she simultaneously claims your lips and mouth with an almost desperate deep kiss, her tongue invading, warring against yours as her charged saliva seeps in and heightens the sensation in your upper body as well as it rapidly spreads throughout.",
								  "The marshmallow softness of her breasts, her toned but tender arms, and as she braces herself against the wall even her legs wrap around you tightly, pulling you further into her welcoming warmth.",
								  "It almost feels like you're flowing into her, well, beyond the violent ejaculation buckling your knees, which you realize a little belatedly you were definitely already doing as your traitorous body slips into a second one that is met by an explosive orgasm of her own, and you can feel her fingernails raking your back even through your shirt.",
								  "Overcome by animal lust and the desire to TAKE her, you thrust savagely inside the lusty angel, drinking in her deep moans as much to avoid alerting anyone nearby as out of the overwhelming urge to make her utterly yours, and Metatron apparently shares your sentiments as she bucks wildly against you.",
								  "The mixture of intense stimulation across much of your body makes it hard to tell what you're even feeling, or where one ejaculation leads into another, more of an endlessly undulating wave of mind-melting pleasure and bestial desire that flows through the two of you as one.",
								  "At one point you cum so hard that your legs give out entirely, but Metatron just crumbles along as you collapse, impaling herself even deeper on your cock as she lands in your lap, and everything goes white as another massive surge of magic rocks your body and shreds your mind.",
								  "...",
								  "You wake up somewhere in the range of dusk, dimly realizing you're leaning up against something soft, but it takes a few moments, perhaps even a few minutes, to summon the willpower to twist your head enough to look up.",
								  "Metatron is still asleep, leaning up against a tree, both of you apparently wearing clothes again - something you don't remember doing.",
								  "But the light, almost tender smile on her face and the subtle relaxation in her body is a sight for sore eyes given her usually severe expression.",
								  "Too tired to think of much better to do, you slowly drift back to sleep, feeling the warmth of her body and the beating of her heart as your head rests against her chest, and for a moment in time it almost feels like a Garden of Eden made expressly for the two of you."
                                  ]
                    }
                ]
}
