{
    "name": "Metatron",
    "CardType": "Church",
    "CardLimit": "0",
    "Description": "",
    "requires": ["Angel's Innocence"],
    "Speakers": [
                  {
                    "name": "Metatron",
                    "postName": "",
                    "SpeakerType": "Monster"
                  }

                ],
    "EventText": [
      {
          "NameOfScene": "Enter",
          "theScene":[  "DisplayCharacters",
                        "1",
                        "EndLoop",
                        "IfChoice", "1", "", "MeetMetatron",
                        "You see the angel once again kneeling before the statue of the Goddess Venerae. After a brief moment, she greets you.",
                        "JumpToScene", "VisitMenu"
                    ]
      },
      {
          "NameOfScene": "MeetMetatron",
          "theScene":[
                        "SetChoice", "1", "MetMetatron",
                        "As you enter the church, a splash of white and black catches your eye, revealing the kneeling form of a familiar angel as she prays before the statue of the Goddess Venerae.",
                        "Speaks",
                        "...{ThePlayerName}. A moment.",
                        "She hasn't turned to look at you, probably finishing her prayers or whatever it is that people with an absolute hatred of fun do on their knees, but it's still a little disconcerting she saw you anyways.",
                        "After a few seconds pass, the angel rises and turns in one fluid motion, regarding you with the beginnings of a light smile at the corners of her lips, though her expression is otherwise neutral as usual.",
                        "PlayerSpeaks",
                        "Damn you're cute when you smile.",
                        "The angel's expression freezes like a rabbit caught in the way of anti-fortress fire magic, her expression shifting several times as she tries to come up with an acceptable response.",
                        "Speaks",
                        "Thank you... I think. Lillian has been helping me practice. She is a very kind girl. I am glad to see that the Goddess has loyal servants even in this den of iniquity.",
                        "Now it's your turn for your smile to crack a bit as Ms. No Fun Allowed speaks, but at least it sounds like she's getting along with Lillian, which is a good sign... probably.",
                        "Speaks",
                        "I also owe you my thanks for carrying me to safety... and my apologies for misjudging you.",
                        "PlayerSpeaks",
                        "Eh, don't worry about it. Without a sword I'm not sure I look like much of a hero either.",
                        "Speaks",
                        "Indeed. I pray that one day we may engage in glorious battle without this accursed field dulling our blows!",
                        "...You decide not to mention that those energy spear things would probably melt you, but respecting her optimism you manage a nod and smile anyways.",
                        "JumpToScene", "VisitMenu"
    ]
      },
      {
          "NameOfScene": "VisitMenu",
          "theScene":[   "You think about chatting her up a bit, but she probably doesn't have much to say.",
                          "Menu",
                          "Ask about her job",
                          "RequiresChoice", "2", "", "Training",
                          "RequiresChoice", "2", "TrainedOnce", "Training Part II",
                          "Leave Metatron to her prayers",
                        "EndLoop"
                    ]
      },
      {
          "NameOfScene": "Ask about her job",
          "theScene":[
                          "Speaks",
                          "My primary function is to act as my Goddess's eyes, watching the world as I always have.",
                          "Her response is almost instantaneous, nearly mechanical, more of a military conditioned response than an actual answer.",
                          "...It also raises a LOT of questions.",
                          "PlayerSpeaks",
                          "So you watch, uh, everything?",
                          "Speaks",
                          "Yes.",
                          "...You consider asking if she watches people go to the bathroom too, but decide against it.",
                          "JumpToScene",
                          "VisitMenu"
                    ]
      },
      {
                  "NameOfScene": "Training",
                  "theScene":[
                          "SetChoice", "2", "TrainedOnce",
                          "JumpToEvent",
                          "MetaLily1"
                            ]
        },
        {
                  "NameOfScene": "Training Part II",
                  "theScene":[
                      "SetChoice", "2", "TrainedTwice",
    								  "Wandering around the church for doubtless wholesome reasons, you are interrupted by a soft touch.",
    								  "Turning to face your assailant you realize after a moment that it's just Metatron with a hand on your shoulder, and she hasn't even murdered or jumped you yet! Baby steps.",
    								  "Speaks",
    								  "{ThePlayerName}.",
    								  "PlayerSpeaks",
    								  "Hey Metatron, what's up?",
    								  "The dour angel stares wordlessly at you for a moment, lightly biting her bottom lip as she obviously thinks about... something.",
    								  "Speaks",
    								  "I - would like to... train more.",
    								  "The light blush staining her cheeks is both very cute and also a reminder that despite her, ah, tendencies, she is mentally quite far removed indeed from the denizens of the island.",
    								  "Perhaps it's something in your return look or maybe she can read minds, but the angel straightens up and continues after a moment.",
    								  "Speaks",
    								  "If I am to serve the goddess even amidst this iniquity, both mind and body must be honed beyond the reach of temptation. ...As is true for you, hero.",
    								  "Seemingly somewhat back in her comfort zone, which is apparently telling people how to live their lives, Metatron nods somewhat more decisively.",
    								  "Speaks",
    								  "It appears that either the nature or the... volume of my magic reacts in... unexpected ways with that of the island's own magics. Rather than simply a tool, it affects myself in various ways, all of them unacceptable for my goals, nor are you immune to its effects as has been, um, confirmed.",
    								  "She at least has the decency to look a little embarrassed at the end there, obviously not having QUITE expected for things to go as they have.",
    								  "...She is right, though. While the sex with her has been mindblowing, something about her divine magic seems to affect the both of you in a way almost eerily similar to a succubus's aphrodisiac fluids and magic mixed into one, and mindless cumming isn't exactly romantic. Especially given that she doesn't exist solely on semen. ...Probably.",
    								  "PlayerSpeaks",
    								  "Alright, what's your plan?",
    								  "The angel nods decisively.",
    								  "Speaks",
    								  "While I was created with these gifts, I have found combat to be the ideal proving ground by which to perfect their usage. I believe the same logic holds true here, simply less... lethal.",
    								  "PlayerSpeaks",
    								  "...So you want to do a sex battle?",
    								  "Speaks",
    								  "No! Yes. Sort of. I- simply believe that it would be beneficial to both of us. In order to... further the Goddess's will.",
    								  "She doesn't quite meet your eye on that last part and you get the distinct sensation that she isn't being entirely honest with herself, but she isn't wrong.",
    								  "On the way to the Demon Queen, you will probably end up fighting succubi and the better prepared you are, the more likely your journey is to end in victory.",
    								  "Your decision is definitely not at all influenced by any sort of immoral desire to savagely fuck her into a puddle.",
    								  "At your agreement Metatron tells you to hold out your hand, then places her left hand on your right as a flickering golden burst of light is followed by a sense of profound warmth. When she removes her hand, you can see a crimson cross on the back of your hand, with script surrounding it, before the entire symbol slowly fades out of sight.",
    								  "Speaks",
    								  "These sigils will aid you in finding me when we are both in the forest. It seems to be a relatively safe training ground. It is also a... good luck charm of sorts.",
    								  "The angel regards you with a very slight smile for a moment before walking away. Your hand still feels comfortably warm, but the sigil is no longer visible and the sensation is fading...",
    								  "GiveItem",
    								  "1",
    								  "Divine Brand I",
                      "JumpToScene", "VisitMenu"
    								     ]
          },
          {
                      "NameOfScene": "Leave Metatron to her prayers",
                      "theScene":[
                              "She nods with a neutral expression as she goes back to kneel and pray"
                            ]
          }


                ]
}
