{
    "name": "Mika's Embrace",
    "cost": "0",
    "costType": "ep",
    "requiredLevel": "0",
    "learningCost": "0",
    "skillType": "attack",
    "statType": "Technique",
    "requiredStat": "0",
    "skillTags": ["Penetration"],
    "fetishTags": ["Penetration"],
    "startsStance": "",
    "requiresStance": "Penetration",
    "unusableIfStance": ["Blowjob"],
    "requiresTargetStance": ["Penetration", "Leg Lock"],
    "unusableIfTarget": [""],
    "removesStance": "None",
    "requiresStatusEffect": "None",
    "requiresStatusPotency": "0",
    "unusableIfStatusEffect": ["None"],
    "power": "80",
    "minRange": "90",
    "maxRange": "110",
    "recoil": "25",
    "targetType": "single",
    "statusEffect": "Charm",
    "statusChance": "70",
    "statusDuration": "3",
    "statusPotency": "0",
    "statusResistedBy": "",
    "statusText": "",
    "descrip": "",
    "outcome": "{AttackerName} tightly clings to {TargetName}'s body, gently digging {AttackerHisOrHer}'s nails into your back, purring tenderly into {TargetHisOrHer} ear with {AttackerHisOrHer} chin resting on your shoulder; with {TargetName}'s cock completely trapped by {AttackerHisOrHer} body as {AttackerHeOrShe} slowly gyrates and slams {AttackerHisOrHer} hips onto your throbbing cock.",
    "miss": "{AttackerName} tightly clings to {TargetName}'s body, gently digging {AttackerHisOrHer} aphrodisiac nails into {TargetHisOrHer} back, and {AttackerHeOrShe} playfully nibbles on {TargetHisOrHer} shoulder as {AttackerHeOrShe} slowly slams {AttackerHisOrHer} hips onto {TargetName}'s cock. But {TargetName} manages to endure the pleasurable love making!",
    "statusOutcome": "The overwhelming intimacy from {AttackerName}'s combined assault is too much, and {TargetName}'s mind fills with thoughts of breeding her relentlessly, over and over, torrents of cum splattering her womb...",
    "statusMiss": "",
    "restraintStruggle": "",
    "restraintStruggleCharmed": "",
    "restraintEscaped": "",
    "restraintEscapedFail": ""
}
