{
    "name": "AspectDestroyer",
    "CardType": "",
    "CardLimit": "0",
    "Description": "",
    "requires": [""],
    "Speakers": [
                  {
                    "name": "Archangel Metatron",
                    "postName": "",
                    "SpeakerType": "Monster"
                  }
                ],
    "EventText": [
					{
                        "NameOfScene": "Destroyer",
                        "theScene":[
									"ApplyStatusEffect", "Mountaintron's Attack Buff",
									"ApplyStatusEffect", "Mountaintron's Defense Buff",
									"ApplyStatusEffect", "Destroyer Aphro",
									"As you tap into the power your bond with the angel grants, you feel her magic - YOUR magic - strike through you like a lightning bolt. Power wells up inside you, roaring in your ears, your soul... also your dick... the usual."
                                  ]
                    }
                ]
}