{
    "name": "SMikaCombatEvents",
    "CardType": "",
    "CardLimit": "0",
    "Description": "",
    "requires": [""],
    "Speakers": [
                  {
                    "name": "SMika",
                    "postName": "",
                    "SpeakerType": "Monster"
                  }
                ],
    "EventText": [
					{
                        "NameOfScene": "Temptation",
                        "theScene":[
									"Mika slowly sashays up to you, her wide hips swaying seductively as her chest jiggles alluringly. Somehow she suddenly gets closer than you realized, her deliciously soft ass grinding into your crotch as she trails one finger down your chest enticingly.",
									"Speaks",
									"You know... there's no reason for us to be fighting when you could be fucking my ass nya♥",
									"She purrs in your ear, making it hard to think, as her bountiful booty continues to grind against your crotch.",
									"Menu",
									"RequiresStat",
									"Temptation",
									"15",
									"Resist her offer!",
									"RequiresStat",
									"Allure",
									"15",
									"Seduce her into sex!",
									"Fuck her ass!",
									"EndLoop"

                                  ]
                    },
					{
                              "NameOfScene": "Resist her offer!",
                              "theScene":[
											"You manage to resist the horny kitty's allure, pushing her away gently, and she looks... annoyed enough to fuck your brains out. You're not sure that was the best idea..."
                                        ]
					},
					{
                              "NameOfScene": "Seduce her into sex!",
                              "theScene":[
											"PlayerSpeaks",
											"We could do that, or...",
											"You match her pace, rubbing your rigid cock against her slit, and the catgirl shudders from the heavenly sensation as her face twists into a mix of desire and resistance.",
											"Distracted by her thoughts of being bred relentlessly by you, you slip your cock into her dripping pussy, drawing a surprised and yet incredibly sweet meowl from the highly aroused kitty.",
											"ApplyStance",
											"Sex"
                                        ]
					},
					{
                              "NameOfScene": "Fuck her ass!",
                              "theScene":[
											"Mika gives you a quick peck on the cheek as her tail loops around your shaft, caressing it tenderly as she guides it to the base of her amazing ass and slowly pops the tip in, surrounding the glans in intense warmth and tightness before pausing.",
											"Caught in the temptation of the moment, you find yourself impatiently ramming your cock fully inside her ass, groaning from the strong pleasurable sensation before you realized that, oh shit, you're stuck in Mika's ass. Whoops.",
											"ApplyStance",
											"Anal"
                                     ]
                    }
                ]
}
