{
    "name": "Metatron",
    "IDname": "Metatron",
    "species": "Celestial",
    "gender": "female",
    "description": "A slender woman with white hair that reaches down to her breasts, and a tight-fitting, almost slinky black outfit that leaves little to the imagination in regards to her medium breasts, exceptionally pert ass, and delectable thighs. Blazing wings of crackling energy extend behind her.",
    "encyclopedia": "????",
    "tags": "none",
    "generic": "False",
    "requires": "",
    "skillList": ["Energy Bolt", "Awkward Grind", "Awkward Kiss", "Angelic Embrace"],
    "perks": [""],
    "stats": {"lvl": "10",
              "Exp":"200",
              "max_hp":"1000",
              "max_ep":"150",
              "max_sp": "1",
              "Power": "4",
              "Technique": "5",
              "Intelligence": "15",
              "Willpower": "15",
              "Allure": "10",
              "Luck": "3"
    },
    "Fetishes": [""],
    "BodySensitivity": {"Sex": "300",
              "Ass":"200",
              "Breasts":"200",
              "Mouth":"200",
              "Seduction": "150",
              "Magic": "10",
              "Pain": "25",
              "Holy": "10",
              "Unholy": "200"
    },
    "resistancesStatusEffects": {
              "Stun": "10",
              "Charm":"0",
              "Aphrodisiac":"0",
              "Restraints":"75",
              "Sleep":"0",
			  "Trance": "0",
              "Paralysis": "0"
    },
    "moneyDropped": "300",
    "ItemDropList": [
                      {
                        "name": "Stoic Rune",
                        "dropChance": "5"
                      }
                    ],
    "lossScenes": [
                    {
                        "NameOfScene": "victory",
                        "move": "",
                        "stance": "",
                        "includes": ["Angry Angel"],
                        "theScene":["Speaks",
                                    "Is this truly all you have to offer?",
									"The angel seems disappointed, but rather than belabor the point she sweeps her hands, runes appearing beneath you as you are swept back to the church.",
									"...Well, at least she didn't try to kill you."],
                        "picture":""
                    },
                    {
                        "NameOfScene": "victory",
                        "move": "",
                        "stance": "Sex",
                        "includes": ["Angry Angel"],
                        "theScene":["Speaks",
                                    "Is - is this the b-best you can... ah... do?",
									"Despite her defiant words, as the angel shakily pulls herself off your cock it is abundantly clear that she is having trouble keeping herself together.",
									"A thick trail of pussy juice is leaking down her leg and she looks at your erect member with something that looks suspiciously like naked desire rather than chaste angel things.",
									"As you fade out, the recall stone finally activating, it occurs to you that that is probably a weakness you could exploit..."],
                        "picture":""
                    }
                  ],
    "combatDialogue": [
                        {
                            "lineTrigger":"HitWith",
                            "move": "Spank",
                            "theText":["'AH! W-why are you doing such a d-disgusting...?'",
                                        "'I will not bBEEEEnd to your actions!'",
                                        "'Try harder!♥'"]
                        },
						{
                            "lineTrigger":"HitWith",
                            "move": "Penetrate",
                            "theText":["Her expression changes to momentary ecstasy, unable to resist her urges her body greedily clamps onto yours!",
                                        "'I - I don't understand whyyYyyyyyyyyyyAAAAh!' Her confusion is replaced by mindmelting pleasure as you impale the angel on your cock!",
                                        "'T-this...♥' The harsh look fades from her face, replaced by mindless affection for a moment."]
                        },
                        {
                          "lineTrigger":"HitWith",
                          "move": "Thrust",
                          "theText":["'Hahhh♥ This, this is, I didn't know such sensations existed!'",
                                      "'MmmmmMMMMMNah!' Breathing heavily she glares at you through lidded eyes, unable to keep control of her voice.",
                                      "'T-This feels pretty good.♥"]
                        },
                        {
                          "lineTrigger":"HitWith",
                          "move": "Charm",
                          "theText":["'Ah... no, I... the mission...?'",
                                      "'This, this isn't as bad as I thought..."]
                        },
                        {
                            "lineTrigger":"HitWith",
                            "move": "Ear Tease",
                            "theText":["'Ahh?! T-That was kinda nice...'",
                                        "'I-Is this why elves always go on about their ears?'",
                                        "Breathing heavily, she leans into your gentle teasing."]
                        },
                        {
                          "lineTrigger":"HitWith",
                          "move": "Seduce",
                          "theText":["'Ah! I - I will not fall prey to your wiles!' The trail of pussy juice leaking down her thigh suggests otherwise.",
                                      "'M-maybe it wouldn't be that bad to lighten up a little...'",
                                      "'I may have misjudged you, you do look like a hero now that I get a better look...'"]
                        },
                        {
                            "lineTrigger":"HitWith",
                            "move": "Grope Ass",
                            "theText":["'I-I'm not w-weak there... R-Really...'",
                                      "'Mmmm... Your hand feels really nice...'",
                                    "'I'm going to have to be careful with you...'"]
                        },
                        {
                            "lineTrigger":"HitWith",
                            "move": "Anal Penetration",
                            "theText":["'W-What do you think you are doing to a servant of the goddeEEEAAAAAH!♥'",
                                        "'O-Oh no this is ba-AAAAmmm!♥'"]
                        },
                        {
                          "lineTrigger":"HitWith",
                          "move": "Anal Thrust",
                          "theText":["'EEE!♥ AAAHHH!♥'",
                                      "'MMM! I-I can't let this go on!' She lets out a pleasant gasp."]
                        },
                        {
                          "lineTrigger":"HitWith",
                          "move": "Pound Ass",
                          "theText":["She moans incoherently.",
                                      "'I-I can't t-take this!♥'",
                                      "'AAHHH!?♥ I can't think!♥'",
                                      "'M-More!♥ More!♥'"]
                        },
                        {
                            "lineTrigger":"UsesMove",
                            "move": "Energy Bolt",
                            "theText":[  "'I will purge you from this land by fire if needs be.'",
                                        "'No escape from catastrophe!'",
                                        "'You cannot escape my eternal gaze, mortal.'"]
                        },
                        {
                            "lineTrigger":"UsesMove",
                            "move": "Awkward Grind",
                            "theText":["'AAAAHAhhhhh... oh, goddess, this f-feels so good...'",
                                        "'J-just a little... more... for the sake of the mission...?'",
                                        "'Ahnnnnn!♥' She doesn't seem able to form a coherent word anymore."]
                        },
                        {
                            "lineTrigger":"UsesMove",
                            "move": "Awkward Kiss",
                            "theText":["'Mmmmmhhhh... this is... not entirely unpleasant?'",
                                        "'Ah, the taste and smell are... addicting.'"]
                        },
						{
                            "lineTrigger":"UsesMove",
                            "move": "Angelic Embrace",
                            "theText":["'Haaaa, haa, w-what is this? My - my body, I can't control, it feels too good? Is this what She intended for me?'",
                                        "'I - I cannot forget my mission, b-but maybe just for now I can... ahhh... is this what the Goddess wanted me to learn...?'"]
                        },
                        {
                            "lineTrigger":"LowHealth",
                            "move": "",
                            "theText":["'I-if I don't win soon... to be brought so low by a mere mortal.'",
                              "'Disgraceful... I must not fail my goddess!'",
                              "'Something I did not foresee... how could it be?'"]
                        },
                        {
                            "lineTrigger":"PlayerLowHealth",
                            "move": "",
                            "theText":["'Resistance is futile, mortal. Pray to the Goddess for mercy.",
                                      "'Disgusting creature. Kneel before the Goddess's judgement!'"]
                        },
                        {
                            "lineTrigger":"OnPlayerOrgasm",
                            "move": "Sex",
                            "theText":["Unable to hold back any longer you launch a massive load of cum inside her pussy, the angel moaning in abject ecstasy as pleasure overtakes her too!'",
                                        "The angel's pussy is literally divine, despite her lack of skill you can hold out no longer and fill her with semen as she clings to you, shaking, from the pleasure!",
                                        "'W-whaAAAAAAAAhh?' The angel orgasms at the same time you cum, shaking as you fill her to overflowing with your seed."]
                        },
                        {
                            "lineTrigger":"OnPlayerOrgasm",
                            "move": "",
                            "theText":["Unable to restrain your lust you blow your load worthlessly, the angel looking on in a mixture of disgust and cautious interest."]
                        },
                        {
                            "lineTrigger":"OnOrgasm",
                            "move": "",
                            "theText":["'Ahhh - AAAHHnnnnnNNNN!♥' Her screams of pleasure bring her to the ground, half conscious.",
                                        "'W-what is thiiIIISSSS?♥' The angel collapses as her roaring orgasm robs her of bodily function!"]
                        },
						{
                            "lineTrigger":"OnOrgasm",
                            "move": "",
                            "theText":["'Ahhh - AAAHHnnnnnNNNN!♥' Her screams of ecstacy are nigh musical.",
                                        "'You r-really are a hero!♥ MMMMMMNNNN!♥'",
                                        "'Yes! YES! AAHHHhhh!♥'"]
                        },
                        {
                            "lineTrigger":"OnSurrender",
                            "move": "",
                            "theText":["'You cannot defy the inevitable, but I will not tolerate weakness.'"]
                        }
                      ],
  "victoryScenes": [
            {
                "NameOfScene": "",
                "move": "",
                "stance": "",
                "includes": [""],
                "theScene":[""
                          ],
                "picture":""
            }
        ],
        "pictures": [
                      {
                          "Name":"Base",
                          "StartOn": "1",
                          "AlwaysOn": "1",
                          "IsScene": "0",
                          "TheBody": "1",
                          "Overlay": "No",
                          "setXalign": "0.0",
                          "setYalign": "0.1",
                          "Images":[
                          {
                              "Name":"Base",
                              "File": "../Mods/Waifupocalypse/Images/Metatron/Metatron.png",
                              "setXalign": "0.0",
                              "setYalign": "0.0"
                          }
                        ]
                      }
                    ]
}
