{
    "name": "Honey Badger Mode",
    "cost": "0",
    "costType": "ep",
    "requiredLevel": "0",
    "learningCost": "1",
    "skillType": "Healing",
    "statType": "Willpower",
    "requiredStat": "0",
    "skillTags": ["Magic"],
    "fetishTags": [""],
    "startsStance": "",
    "requiresStance": "Any",
    "unusableIfStance": [""],
    "requiresTargetStance": ["Any"],
    "unusableIfTarget": [""],
    "removesStance": "None",
    "requiresStatusEffect": "None",
    "requiresStatusPotency": "0",
    "unusableIfStatusEffect": ["None"],
    "power": "400",
    "minRange": "90",
    "maxRange": "110",
    "recoil": "0",
    "targetType": "single",
    "statusEffect": "None",
    "statusChance": "0",
    "statusDuration": "0",
    "statusPotency": "0",
    "statusResistedBy": "",
    "statusText": "",
    "descrip": "Don't give a shit.",
    "outcome": "{AttackerName} calms his mind with the phenomenal cosmic power of the legendary Honey Badger and not giving a shit.",
    "miss": "",
    "statusOutcome": "",
    "statusMiss": "",
    "restraintStruggle": "",
    "restraintStruggleCharmed": "",
    "restraintEscaped": "",
    "restraintEscapedFail": ""
}
