{
    "name": "Tiny Suckle",
    "cost": "0",
    "costType": "ep",
    "requiredLevel": "0",
    "learningCost": "0",
    "skillType": "attack",
    "statType": "Allure",
    "requiredStat": "7",
    "skillTags": ["Seduction"],
    "fetishTags": ["Breasts"],
    "startsStance": "",
    "requiresStance": "Suckle",
    "unusableIfStance": ["Blowjob", "Making Out"],
    "requiresTargetStance": ["Any"],
    "unusableIfTarget": [""],
    "removesStance": "None",
    "requiresStatusEffect": "",
    "requiresStatusPotency": "0",
    "unusableIfStatusEffect": ["None"],
    "power": "80",
    "minRange": "90",
    "maxRange": "110",
    "recoil": "0",
    "targetType": "single",
    "statusEffect": "Aphrodisiac",
    "statusChance": "150",
    "statusDuration": "10",
    "statusPotency": "50",
    "statusResistedBy": "",
    "statusText": "",
    "descrip": "",
    "outcome": "{AttackerName} gently but firmly pulls {TargetName}'s head into her small breasts, almost forcing {TargetHisOrHer} to drink deeply from {AttackerHisOrHer} mind meltingly soft and cute breasts as she lactates into {TargetHisOrHer} mouth, drowning {TargetName}'s world in her feminine scent and rich milk!",
    "miss": "{AttackerName} gently but firmly pulls {TargetName}'s head into her small breasts, almost forcing {TargetHisOrHer} to drink deeply from {AttackerHisOrHer} mind meltingly soft and cute breasts as she lactates into {TargetHisOrHer} mouth, but {TargetName} manages to avoid drinking too much!",
    "statusOutcome": "{TargetName} find themselves suckling hard on her erect nipples, becoming light headed as {AttackerName}'s creamy warm milk flows through them and sends their mind into an erotic haze dominated by vague visions of pinning {AttackerName} down and fucking her her tight slit!",
    "statusMiss": "",
    "restraintStruggle": "",
    "restraintStruggleCharmed": "",
    "restraintEscaped": "",
    "restraintEscapedFail": ""
}
