{
    "name": "Metatron's Makeout",
    "cost": "1",
    "costType": "ep",
    "requiredLevel": "0",
    "learningCost": "50",
    "skillType": "attack",
    "statType": "Core",
    "requiredStat": "0",
    "skillTags": ["Mouth", "Holy"],
    "fetishTags": ["Kissing"],
    "startsStance": "Making Out",
    "requiresStance": "Any",
    "unusableIfStance": ["Blowjob"],
    "requiresTargetStance": ["Any"],
    "unusableIfTarget": ["Making Out"],
    "removesStance": "None",
    "requiresStatusEffect": "None",
    "requiresStatusPotency": "0",
    "unusableIfStatusEffect": ["None"],
    "power": "40",
    "minRange": "90",
    "maxRange": "110",
    "recoil": "100",
    "targetType": "single",
    "statusEffect": "Aphrodisiac",
    "statusChance": "150",
    "statusDuration": "5",
    "statusPotency": "30",
    "statusResistedBy": "Willpower",
    "statusText": "",
    "descrip": "A deep kiss that can charm.",
    "outcome": "{AttackerName}'s tongue invades {TargetName}'s mouth, her tongue warring against {TargetHisOrHer} while tinged with enough magic to send electricity running through both of you!",
    "miss": "{AttackerName} tries to make out with {TargetName}, but {TargetName} squirms out of {AttackerName}'s grasp!",
    "statusOutcome": "{TargetName}'s body and mind melt with raging lust from the overwhelming sensation of her divine magic coursing through them!",
    "statusMiss": "",
    "restraintStruggle": "",
    "restraintStruggleCharmed": "",
    "restraintEscaped": "",
    "restraintEscapedFail": ""
}
