{
    "name": "Metatron's Tender Kiss",
    "cost": "1",
    "costType": "ep",
    "requiredLevel": "0",
    "learningCost": "50",
    "skillType": "attack",
    "statType": "Power",
    "requiredStat": "0",
    "skillTags": ["Mouth"],
    "fetishTags": ["Kissing"],
    "startsStance": "",
    "requiresStance": "Making Out",
    "unusableIfStance": ["Blowjob"],
    "requiresTargetStance": ["Making Out"],
    "unusableIfTarget": [""],
    "removesStance": "None",
    "requiresStatusEffect": "None",
    "requiresStatusPotency": "0",
    "unusableIfStatusEffect": ["None"],
    "power": "60",
    "minRange": "90",
    "maxRange": "110",
    "recoil": "100",
    "targetType": "single",
    "statusEffect": "Charm",
    "statusChance": "60",
    "statusDuration": "3",
    "statusPotency": "0",
    "statusResistedBy": "Willpower",
    "statusText": "",
    "descrip": "A deep kiss that can charm.",
    "outcome": "{AttackerName}'s tongue invades {TargetName}'s mouth, her tongue warring against {TargetHisOrHer} while her magic flows through both of you electricity!",
    "miss": "{AttackerName} tries to make out with {TargetName}, but {TargetName} squirms out of {AttackerName}'s grasp!",
    "statusOutcome": "{TargetName}'s body and mind melt with raging lust from the overwhelming sensation of her divine magic coursing through them!",
    "statusMiss": "",
    "restraintStruggle": "",
    "restraintStruggleCharmed": "",
    "restraintEscaped": "",
    "restraintEscapedFail": ""
}
