{
    "name": "Clara's Allure",
    "cost": "0",
    "costType": "ep",
    "requiredLevel": "0",
    "learningCost": "250",
    "skillType": "statusEffect",
    "statType": "Allure",
    "requiredStat": "6",
    "skillTags": ["Seduction"],
    "fetishTags": [""],
    "startsStance": "",
    "requiresStance": "Any",
    "unusableIfStance": ["Suckle", "Making Out", "Blowjob"],
    "requiresTargetStance": ["Any"],
    "unusableIfTarget": [""],
    "removesStance": "None",
    "requiresStatusEffect": "None",
    "requiresStatusPotency": "0",
    "unusableIfStatusEffect": ["None"],
    "power": "15",
    "minRange": "90",
    "maxRange": "110",
    "recoil": "0",
    "targetType": "single",
    "statusEffect": "",
    "statusChance": "250",
    "statusDuration": "5",
    "statusPotency": "0",
    "statusResistedBy": "Willpower",
    "statusText": "",
    "descrip": "",
    "outcome": "",
    "miss": "",
    "statusOutcome": "|f|CallCombatEventAndScene|/|ClaraCombatEvents|/|Milkman",
    "statusMiss": "",
    "restraintStruggle": "",
    "restraintStruggleCharmed": "",
    "restraintEscaped": "",
    "restraintEscapedFail": ""
}
