{
    "name": "Familiar Jackass",
    "CardType": "Inn",
    "CardLimit": "0",
    "Description": "First meeting with Dean",
    "requires": ["Vandal Note"],
    "Speakers": [
                  {
                    "name": "Dean",
                    "postName": "Dean",
                    "SpeakerType": "Monster"
                  }

                ],
    "EventText": [
                    {
                        "NameOfScene": "Enter",
                        "theScene":[  "DisplayCharacters",
                                      "1",
                                      "EndLoop",
                                      "IfChoice", "1", "", "MeetDean",
                                      "Upon noticing you, Dean stops hitting on a nearby female adventurer and greets you with a fist bump.",
                                      "JumpToScene", "VisitMenu"
                                  ]
                    },
                    {
                        "NameOfScene": "MeetDean",
                        "theScene":[  "SetChoice", "1", "MetDean",
                          "As you wander the storied halls of the guild you had expected so much... more from, something familiar catches your eye, a mop of blond hair that seems oddly-",
          								"Speaks",
          								"{ThePlayerName}?",
          								"Barely managing to avoid walking into an adventurer rushing past, your attention zeroes in on the source of that voice.",
          								"PlayerSpeaks",
          								"Dean?!",
          								"The unfortunately all-too-familiar lunkhead brings his right arm up in a breezy wave as a broad smile twists his face into a visage of genuine joy.",
          								"Speaks",
          								"Fuck me with a rusty cactus, {ThePlayerName}, they got you too?",
          								"Acutely aware that this will go exactly as well as anything involving Dean ever does, you can't help but grin nonetheless, meeting his fist with your own as he approaches in the time-honored tradition of a bromantic fist bump.",
          								"PlayerSpeaks",
          								"You're a sight for sore eyes... for once.",
          								"He feigns a look of mock heartbreak, actually looking the part pretty well, before chuckling and punching you in the shoulder.",
          								"You can't help but smile back, completely unprepared for the chance reunion with your Academy rival slash friend. It's... nice to see a familiar face in this upside-down wackadoodle land. Though a cute girl might have been nicer.",
          								"Speaks",
          								"C'mon, don't act so surprised to see me here. If you hadn't beaten me in the grand finals I'd have been here first!",
          								"PlayerSpeaks",
          								"In your dreams, man. With those English grades I'm surprised they didn't send you back to kindergarten!",
          								"Speaks",
          								"Yeah, and with how you performed on that last Herbology exam I'm surprised they let your ass off the happy farm at all.",
          								"PlayerSpeaks",
          								"Fuck off, that mandrake was rigged.",
          								"Speaks",
          								"Fuck mandrakes, man. ...Not, like, literally. Metaphorically. It's a figure of speech.",
          								"PlayerSpeaks",
          								"...Would that just be an alraune or something here?",
          								"Speaks",
          								"Why the fuck would I know about that plant shit?",
          								"PlayerSpeaks",
          								"No surprise there.",
          								"Speaks",
          								"...And what exactly are you implying, {ThePlayerName}?",
          								"PlayerSpeaks",
          								"I have no idea what you're talking about, ol' buddy.",
          								"Dean gives you the stink eye for a few moments as he evaluates the idea of challenging you on those implications, but lets it slide. You both know he was fucking shit at herbology anyways, but the teacher hating him didn't help.",
          								"Speaks",
          								"Well, whatever. Not as much of a load of shit as an island you can't even use a fuckin' sword on. Here we are, the two best swordsmen in the goddamn academy, and the closest to a sword I get to carry around is my dick?",
          								"PlayerSpeaks",
          								"I'd think you'd be more excited about getting to use your dick as a sword.",
          								"Your friend shrugs noncommittally.",
          								"Speaks",
          								"I mean, yeah, but you gotta have good times to go with the bad, you know? If it's all sex or all swording it gets a bit repetitive.",
          								"PlayerSpeaks",
          								"...That's pretty philosophical coming from the self proclaimed panty warrior.",
          								"Speaks",
          								"Fuck off. There are some seriously cute demis around these parts though, I gotta admit.",
          								"A minor wave of PTSD of getting lewded unconscious by elf gangbangs at level 1 washes over your consciousness before receding.",
          								"PlayerSpeaks",
          								"Yeah, there seriously are. You'd think news like that would get out to the mainland.",
          								"Speaks",
          								"Yeah... there's something fishy going on. But hey, fat cartoon tiddies, right?",
          								"PlayerSpeaks",
          								"...Dean, this is real life, we don't talk like that here.",
          								"Speaks",
          								"I'll talk how I want, mom.",
          								"You consider punching him in the face, but settle for glaring at him instead.",
                          "JumpToScene", "VisitMenu"
                                  ]
                    },
                    {
                        "NameOfScene": "VisitMenu",
                        "theScene":[  "Menu",
                                        "RequiresChoice", "2", "", "Dean has an idea?",
                                        "Learn Skills.",
                                        "Done chilling with Dean.",
                                      "EndLoop"
                                  ]
                    },
                    {
                        "NameOfScene": "Dean has an idea?",
                        "theScene":[ "SetChoice", "2", "IdeaHeard",
                          "Speaks",
        								  "So I got a plan.",
        								  "You can feel your testicles retracting inside themselves, forming a black hole from which no life can ever escape",
        								  "PlayerSpeaks",
        								  "Dean, the last time you had a plan I almost got expelled from the academy for that god damn panty raid.",
        								  "Speaks",
        								  "Yeah, but you didn't, right?",
        								  "PlayerSpeaks",
        								  "Solely because they didn't catch me!",
        								  "Speaks",
        								  "Uh, yeah, why the fuck do you think I stayed behind?",
        								  "Your response dies in your mouth as it occurs to you that he might actually not be talking out of his ass... and that you might owe him a favor.",
        								  "Speaks",
        								  "Yeah, that's what I thought. So anyways, I was talking to Elena,",
        								  "You try not to cringe thinking of how little the overstressed and frazzled officer must have enjoyed that conversation and the inevitable flirting,",
        								  "Speaks",
        								  "Turns out she needs some help with some jackass who's been kidnapping folks lost in the forest. And me being a gentleman, I offered our assistance!",
        								  "PlayerSpeaks",
        								  "...Our?",
        								  "Dean looks at you as if you had been dropped on the head repeatedly as a child.",
        								  "Speaks",
        								  "Uh, yeah, on account of us being a team. And also because there's apparently traces of magic residue, and you're a lot better with that shit than me.",
        								  "Well, he's not WRONG on either count, exactly, but it would have been nice to be consulted on the matter.",
        								  "Speaks",
        								  "Way I see it, either it's an evildoer that needs the blade of justice, or some monster girl who needs the blade of, uh... dick.",
        								  "Ah ok you're just being recruited to either murder or spitroast a possibly innocent foe. It bothers you a little that your time on the island makes that sound pretty normal by this point.",
        								  "And you DO owe him.",
        								  "PlayerSpeaks",
        								  "...I'll think about it.",
        								  "Dean grins and slaps his hand on your shoulder, offering a map that looks to have been drawn in crayon. You decide not to ask if that was his doing or not.",
        								  "Speaks",
        								  "Awesome. I'll see you on the field, pardner.",
        								  "PlayerSpeaks",
        								  "You need to lay off the old westerns, dude",
        								  "Speaks",
        								  "Fuck off, I do what I want.",
        								  "...This seems all too familiar, but you're too mentally exhausted to care right now.",
        								  "You go to put the book in your bag, but the magic book thing (grimoire, you remind yourself) twitches, and a moment later unhinges its bindings like a snake, swallowing the paper whole from your unprepared grasp.",
        								  "There are a few seconds of what sounds suspiciously like chewing and then all is still as the book opens itself up to reveal a much more useful map engraved on the page.",
        								  "You and Dean look at each other silently for a few moments, contemplating the mysteries of the universe.",
        								  "Speaks",
        								  "...So you think if you stuck your dick in there-",
        								  "PlayerSpeaks",
        								  "...Why are you the way that you are?",
        								  "He shrugs and goes back to hitting on a female adventurer, leaving you alone with your thoughts, a profound sense of regret for all of your life choices, and a book that apparently eats other books.",
        								  "GiveItem",
        								  "1",
        								  "Waifu Arcanum I",
        								  "...Who names this stuff?"
                                        ]
                          },
                          {
              "NameOfScene": "Learn Skills.",
              "theScene":[
                            "SkillShoppingMenu",
                                  "Pacing Thrust", "Tender Pound", "Welcome to the Gun Show", "Oiled Abs Quiver",
                            "EndLoop",
                            "JumpToScene", "VisitMenu"
                        ]
          },
          {
              "NameOfScene": "Done chilling with Dean.",
              "theScene":["Dean broadly smiles and gives you a hefty pat on the back as he sends you off."
                        ]
          }

                ]
}
