{
    "name": "The Milkmaid",
    "CardType": "Event",
    "CardLimit": "1",
    "Description": "A few adventurers have reported seeing a small humanoid girl alone on the mountain, possibly a child. Unfortunately they were unable to actually approach her before she ran away. If she truly is a lost child, she could be in danger; a hero's duty is to protect the innocent after all!\n Recommended level: 30+ \n {b}Loli ahead!{/b}",
    "requires": ["Temple Checkpoint Gem"],
    "Speakers": [
                  {
                    "name": "Clara",
					"postName": "",
                    "SpeakerType": "Monster"
                  }
                ],
    "EventText": [
                    {
                        "NameOfScene": "EventStart",
                        "theScene":[
									"ProgressEqualsOrGreater",
									"3",
									"ReturnPostFight",
									"IfChoice",
									"2",
									"Clean her up!",
									"ReturnHelped3",
									"IfChoice",
									"1",
									"Can I drink it?",
									"ReturnHelped2",
									"IfChoice",
									"1",
									"Sure.",
									"ReturnHelped",
									"As you wend your way up the treacherous mountain, you pause, hearing something at the edge of your hearing; a few falling rocks, perhaps some scuffling. It seems wise to look around you for the source, preparing for an attack.",
									"DisplayCharacters",
									"1",
									"EndLoop",
									"ChangeImageFor", "1", "Surprise",
									"Instead of a mighty minotaur bull rushing you, you see a... slightly less intimidating human girl, who doesn't appear a day over ten-ish, staring at you from beside a rock outcropping, with her tiny brown hands replacing her chest covering, which looks slightly... damp for some reason..",
									"It takes her a few moments to realize you're on to her, and after looking around her she cautiously steps away from her hiding place, her tiny body tense with - fear? - as she hesitantly approaches you.",
									"As she nears, you realize that she is no human child; the small horns poking out of her hair and the long, fluffy ears hanging beside her clearly mark her as something else, not to mention the slender tail ending in a puff of white fur, though her extremely skimpy clothing also kinda hints at it. Unless it's normal for kids to wear micro bikinis where you come from.",
									"ChangeImageFor", "1", "Base",
									"Speaks",
									"A-ah, um... h-hello?",
									"She tries to smile winningly at you, but the deer in the headlamps look adorning her face sort of hashes the vibe a bit. She's no Vivian, that's for sure.",
									"Still, she's fucking adorable and doesn't look especially lethal, her tummy flat and her arms slender, so maybe it wouldn't hurt to talk?",
									"Menu",
									"Can I help you?",
									"EW LOLI",
									"EndLoop"

                                  ]
							},
							{
                              "NameOfScene": "ReturnHelped",
                              "theScene":[
											"ChangeProgress",
											"1",
											"DisplayCharacters",
											"1",
											"EndLoop",
											"Wandering the mountain like a drunken buffoon, you happen upon a familiar cowgirl after summiting a minor plateau. Hearing the sounds of your arrival she turns and almost immediately brightens, her face widening in a warm smile as she beckons to you.",
											"Speaks",
											"Oh! H-hello! I'm so glad to see you, thank you so much for, um, h-helping me last time, I felt a lot better!",
											"Well, at least she's stuttering a lot less... and didn't call the cops on your ass. You're not sure what this rapey fuckfest of a pit of degeneracy has as far as consent laws, but things seem to be a little more lax around here.",
											"...Wait, felt? Past tense?",
											"Her smile grows more subdued as she blushes a little before walking closer to you and bowing, looking for a moment like she wants to touch you but restraining herself.",
											"Speaks",
											"If - if you aren't too busy or anything, I- I wouldn't mind, um, if you wanted to... {i}help{/i} me again.",
											"Well you're already going to hell, might as well bite that bullet like a champion. Or a degenerate. 50 50.",
											"JumpToScene",
											"Meeting2 Menu"
                                        ]
							},
							{
                              "NameOfScene": "ReturnHelped2",
                              "theScene":[
											"ChangeProgress",
											"1",
											"DisplayCharacters",
											"1",
											"EndLoop",
											"You run into Clara as you turn a corner. ...Literally, she isn't paying much attention to where she's going, and careens backwards with a look of surprise!",
											"StatCheck",
											"Technique",
											"7",
											"Caught her!",
											"Fail",
											"She falls."

                                        ]
							},
							{
                              "NameOfScene": "Caught her!",
                              "theScene":[
											"Utilizing the incredible reflexes of the hero of Degeneracy Island, you manage to loop an arm around the tiny holstaur's neck, your hand on her shoulder as you pull her from the incipient fall into a short hug before releasing her.",
											"She's already blushing from the gallant display before she realizes who caught her, and rapidly cycles between joy, terror, and embarassment for a few moments as her fingers raise to her lips, remembering your last, er, encounter with her.",
											"You know - that time you suckled them tiny little tiddies dry and gave her what may have been her first orgasm. Pretty normal stuff. For some reason she doesn't seem to see it quite the same way.",
											"Speaks",
											"A-ah, I, um, t-thank you for catching me, and.. and also, um, you know...",
											"She trails off, bashfully kicking her feet, but as she smiles you can actually feel entire years added onto your life; like an injection of pure life energy that sends you aloft on wings of - well you don't actually fly or anything but it feels good.",
											"Speaks",
											"Just... thank you. Really. You're a... really nice guy.",
											"Still trying to get used to the idea of running into a so-called monstergirl that has yet to even try to rape you, you grin back reassuringly at the adorable little scamp.",
											"JumpToScene",
											"Meeting2 Menu"
                                        ]
							},
							{
                              "NameOfScene": "She falls.",
                              "theScene":[
											"With the approximate tact and grace of a bowl of spaghetti, your fingers brush her hair as she falls over backwards, plopping down on her butt with an oof and grimace before pulling herself upright.",
											"Speaks",
											"S-sorry, I wasn't watching where I-",
											"The girl's eyes open wide as she recognizes you, flushing dark immediately ",
											"...Yeah it's probably fair to guess that she's remembering all the degenerate bullshit the two of you did last time.",
											"Still, while she's a bit fidgetey, she does look pretty happy to see you nonetheless, her shy smile almost divine in its pure simplicity.",
											"...Not that she's THAT pure anymore, but eh.",
											"JumpToScene",
											"Meeting2 Menu"

                                        ]
							},
							{
                              "NameOfScene": "ReturnHelped3",
                              "theScene":[
											"ChangeProgress",
											"1",
											"DisplayCharacters",
											"1",
											"EndLoop",
											"As you wander through the barren wasteland of the mountain, you hear a breathy moan from... somewhere, followed by a sweetly soft voice emanating off to the left somewhere. Intrigued, but also a bit concerned, you check it out, following the quiet moans and occasional gasps.",
											"It doesn't take long to find their progenitor; Clara is sitting on a rock outcropping, one hand under her bikini feeling herself up and the other disappearing into her underwear. Leaning against the rock behind her with her back arched, she seems to be quite distracted masturbating.",
											"It doesn't seem like she's especially good at it, but is clearly sensitive enough for it to be having quite a bit of effect. She certainly wasn't this loud or, uh, open around you, but seems to be completely lost in the moment, mumbling something as her words pick up in volume rapidly.",
											"Speaks",
											"Ah! Ah! {ThePlayerName}!",
											"PlayerSpeaks",
											"Yo.",
											"Speaks",
											"Wha-",
											"As her eyes shoot open, she hops upright so fast she trips over her own feet and damn near faceplants before you manage to catch her.",
											"No sooner than you do, the skittish cowgirl hops backwards, wearing a blush that would make a tomato envious and looking very much like she would like to either sink into the earth or look into committing sudoku. Possibly both, at once.",
											"You feel a little bad for teasing her like that, but uh, at least now you know that you made a heckuva impression on her. Good job hero.",
											"...Probably.",
											"JumpToScene",
											"Meeting2 Menu"
                                        ]
							},
							{
                              "NameOfScene": "ReturnPostFight",
                              "theScene":[
											"JumpToRandomScene",
											"NormalReturn",
											"TrickyReturn",
											"ReturnHelped2",
											"ReturnHelped3",
											"EndLoop"

                                        ]
							},
							{
                              "NameOfScene": "NormalReturn",
                              "theScene":[
											"DisplayCharacters",
											"1",
											"EndLoop",
											"You happen upon Clara, who seems to be in a pretty good mood that only improves when she recognizes you, and the two of you say your greetings.",
											"JumpToScene",
											"Meeting2 Menu"

                                        ]
							},
							{
                              "NameOfScene": "TrickyReturn",
                              "theScene":[
											"As you ascend the mountain, a familiarly cute little form comes into evidence, Clara doing her thing, faced away from you and... not... paying any attention to you...",
											"She does look pretty ripe for a prank, but you could also just call out to her.",
											"Menu",
											"Greet her!",
											"RequiresStat",
											"Technique",
											"20",
											"Prank her!",
											"EndLoop"
                                        ]
							},
							{
                              "NameOfScene": "Greet her!",
                              "theScene":[
											"DisplayCharacters",
											"1",
											"EndLoop",
											"Clara turns around in surprise as she hears your voice, immediately brightening when she recognizes you.",
											"Speaks",
											"Hi, {ThePlayerName}!",
											"...Yeah you would probably feel extra bad if you had pranked her.",
											"JumpToScene",
											"Meeting2 Menu"
                                        ]
							},
							{
                              "NameOfScene": "Prank her!",
                              "theScene":[
											"DisplayCharacters",
											"1",
											"EndLoop",
											"ChangeImageFor", "1", "Surprise",
											"Using your l33t ninja skills, you manage to sneak up on the... situationally unaware cowgirl, leaving a wet kiss on her neck as a way of saying hi.",
											"Speaks",
											"ABABABABABABABABABABA!",
											"She hops away stammering, bringing her arms up in what looks suspiciously like a clueless idiot's idea of a dangerous karate pose before she recognizes you and her arms drop to her side, her whole face covered in a deep blush.",
											"Speaks",
											"YOU! I-I- I'm g-glad it was you, b-but please don't do that!",
											"...Totally worth it.",
											"JumpToScene",
											"Meeting2 Menu"
                                        ]
							},
							{
                              "NameOfScene": "Meeting2 Menu",
                              "theScene":[
											"Menu",
											"Milk her",
											"Suckle her",
											"Training",
											"You ARE 18, right?",
											"EndLoop"
                                        ]
							},
							{
                              "NameOfScene": "Milk her",
                              "theScene":[
											"JumpToScene",
											"Sure."
                                        ]
							},
							{
                              "NameOfScene": "Suckle her",
                              "theScene":[
											"JumpToScene",
											"Can I drink it?"
                                        ]
							},
							{
                              "NameOfScene": "You ARE 18, right?",
                              "theScene":[
											"She stares blankly at you for a few moments.",
											"Speaks",
											"I'll have you know I'm eighteen and a HALF, thank you! ...Why?",
											"PlayerSpeaks",
											"...No reason.",
											"JumpToScene",
											"Meeting2 Menu"
                                        ]
							},
							{
                              "NameOfScene": "Training",
                              "theScene":[
											"The pint-sized holstaur looks a little uncomfortable with the idea, but not entirely opposed.",
											"Speaks",
											"I - I'm not very... good at fighting, but... if it would help you out, I can be your partner!",
											"A few moments of silence pass as she replays her wording in her head, eyes widening and cheeks flushing as she realizes-",
											"Speaks",
											"N-N-NOT LIKE THAT! I M-MEANT IT AS A F-FIGHTING P-P-P-Part...ner... ehehe... can we please just fight now?",
											"Repressing the urge to tease her more, you nod. She can't be THAT hard... right?",
											"JumpToScene",
											"CombatSetup"
                                        ]
							},
							{
                              "NameOfScene": "CombatSetup",
                              "theScene":[
											"CombatEncounter",
											"Clara",
											"StartCombat",
											"JumpToScene",
											"Victory!"
                                        ]
							},
							{
                              "NameOfScene": "Victory!",
                              "theScene":[
											"ChangeProgress",
											"1"
                                        ]
							},
							{
                              "NameOfScene": "Can I help you?",
                              "theScene":[
											"ChangeProgress",
											"1",
											"She brightens up as you show some concern for her plight, relaxing slightly as her tensed shoulders sag in relief. You get the distinct sense that she was more scared of you than you were of a minotaur meltdown.",
											"Speaks",
											"I - I'm sorry to bother you, Mr. Adventurer, but I, um, I could use your help, i-if it's not too much trouble of course.",
											"Despite the occasional stammering, she manages to stay surprisingly polite and relatively well spoken, though her almost childish lisp naturally belongs to her tiny body quite thoroughly.",
											"Speaks",
											"I seem to be l-leaking, and I heard that, er, geting milked was, er, um, th-that is, ah...",
											"She trails off, stammering helplessly and looking more and more frustrated as she continues to fail to convey her meaning effectively, her ears drooping even further before she looks up with newfound determination.",
											"Speaks",
											"Please milk me!",
											"And just like that, all that newfangled determination circled the drain and dripped out, her light flush rapidly developing into a deep crimson blush as the aftershock of her words hits her full bore and she starts looking like she would very much like to sink into the earth on the spot.",
											"For better or for worse, you can tell that her minimal upper-body clothing actually does look pretty damp, and from your time in the academy you do remember that Holstaurs, assuming that's what she is, do need to be milked regularly...",
											"Speaks",
											"Oh! Um. I-I'm Clara.",
											"She stares hesitantly at you, obviously expecting a response.",
											"PlayerSpeaks",
											"{ThePlayerName}.",
											"JumpToScene",
											"HelpMenu"
                                        ]
							},
							{
                              "NameOfScene": "HelpMenu",
                              "theScene":[
											"Menu",
											"Sure.",
											"Why?",
											"RequiresStat",
											"Allure",
											"10",
											"Can I drink it?",
											"EndLoop"
                                        ]
							},
							{
                              "NameOfScene": "Sure.",
                              "theScene":[  
                      "SetChoice", "1", "Sure.",
											"The petite girl brightens up so much that you're pretty sure she could replace the sun without anyone noticing, a genuine smile wrapping its way across her face in overwhelming joy as she finds her light at the end of the tunnel.",
											"Speaks",
											"Thank you! Thank you! I- I- thank you so much!",
											"She runs the back of her hand across her eyes, wiping away what looked to be a bit of tearing up, and fixes you with a radiant gaze that makes you feel like either the best or the worst person on the face of the planet, it's hard to tell in the face of that level of purity.",
											"Speaks",
											"So, um... I-I'm in your care!",
											"Her smile rapidly growing more bashful as she slowly approaches you, the tiny holstaur brings her arms to fiddle with her micro bikini, furrowing her brow slightly in frustration as she struggles with untying it.",
											"After a moment though, she pulls up the now unfastened flaps of cloth, revealing a pair of exceptionally pert small breasts with a thin trail of moisture leaking from each nipple.",
											"ChangeArousalQuietly",
											"30",
											"Her face reddens almost immediately, looking down and then turning around, covering herself with both hands. You're pretty sure you see her ears droop to boot.",
											"Speaks",
											"T-that's too embarassing. From behind is... better.",
											"ChangeImageFor", "1", "Milk",
											"Well, in for a penny, in for a pound. You move behind her, leaning over her as you bring your arms around her in a sort of hug, feeling the intense warmth and tender softness of her deeply tanned skin as you go for the gold.",
											"Her breasts are even softer, puffy mounds of marshmallowey heaven despite their small size, and her little gasp the instant your fingers brush their surface, much less the squeak as fingers brush her nipple, makes it hard not to want to commit a crime.",
											"Leaning against her, you feel her heartbeat pound, sending reverberations through your left hand with each beat. A sense of intimacy, almost shared shame as you knead her small breasts cautiously.",
											"She moans, jerking in your arms as she rests her head against your shoulder, but her jaw is set and while from your vantage point you can see the bright flush on her face, she seems to have finally found her determination.",
											"Speaks",
											"I'm... fine. K-keep going!",
											"Her voice buoyed by audibly false confidence, the little quiver in her voice putting the lie to her optimistic words; but despite her struggles she does seem to want it, pretty badly at that, and at this point you're probably going to hell anyways.",
											"ChangeArousalQuietly",
											"40",
											"So you get to work, carefully caressing her petite breasts, enjoying the incredible softness almost as much as the dampness you can feel accumulate quickly after you begin, her tiny nipples hardening and beginning to leak a milky whitish fluid.",
											"ChangeArousalQuietly",
											"50",
											"Clara gradually surrenders herself to your tender ministrations, leaning back against you bodily, moaning louder as the event goes by with a few squeaks here and there as the extreme sensitivity of her breasts overcome what remains of her will.",
											"ChangeArousalQuietly",
											"60",
											"Before long there is a significant flow of warm milk dripping out, soaking your hands and the ground below; the intense wetness makes your fondling even more enjoyable and seems to drive her crazy, the small girl making a cacophony of incoherently lewd sounds as she trembles in your hands.",
											"ChangeArousalQuietly",
											"70",
											"By the time the flow from her breasts slows, she's gasping for air and you can feel your rock hard cock brushing up against her small but pert derriere, turned on WAY more than you expected by the surprisingly lewd scene.",
											"As Clara lurches away from you, disoriented and overwhelmed by the sensation that had carried her away, she looks back to you with bleary eyes and a wavy but huge smile... until she looks down at the meaty rod begging for release, and her innocent(?) joy is joined by shock, concern, and... what looks suspiciously like a thirst that puts your own to shame.",
											"But still clasping her half-on bikini, she turns and makes a stumbling run for it, spouting something off loudly as she makes a run for it.",
											"Speaks",
											"THANK YOU I'M SORRY BYE!",
											"Leaving you parched as a skeleton in a desert, with dripping wet hands that... hmm. There's not much volume, but taking an experimental lick of the fluid coating your hands, it bears a surprisingly rich and warm flavor that's oddly familiar but hard to place. Sort of like... a mix of honey, farms, and consensual sex in the missionary position for the sole purpose of procreation?",
											"Oddly specific.",
											"More than that, though, it's DELICIOUS, more than it feels like a drizzle that small should be, and you find yourself wishing you had gotten a LOT more. Maybe if she had stuck around, or you had been a bit more suave...",
											"...This is probably Vivian's fault somehow."
                                        ]
							},
							{
                              "NameOfScene": "Why?",
                              "theScene":[
                      "SetChoice", "1", "Why?",
											"The pint-sized cowgirl looks despondent, gesturing at her miniature frame in frustration.",
											"Speaks",
											"Do I LOOK like I can get a job at a farm? And m-most of you adventurers look too scary to go near. And- and the ones I do all say no! Not that these - these stupid-",
											"She almost breaks down crying, gesturing at her admittedly... less than impressive chest. You had heard that Holstaurs were incredibly well stacked, but apparently this one, uh, missed the memo and contracted a complex instead.",
											"Speaks",
											"I- I thought these clothes might be able to help me s-s-seduce someone, but people just assume I'm cosplaying, or, or, they give me their jackets! ...Which is nice, makeshift bedding. But, er, help would be nicer...",
											"Speaks",
											"S-so, um...",
											"She contorts into what you THINK might be her idea of a seductive posture, protruding her chest and smiling... ok honestly it's more awkward than flirtatious, but she's trying her best okay?",
											"Speaks",
											"W-w-want some m-milk?",
											"The two of you stare at each other for a few moments as she visibly grows increasingly more and more uncomfortable.",
											"JumpToScene",
											"HelpMenu"
                                        ]
							},
							{
                              "NameOfScene": "Can I drink it?",
                              "theScene":[
                      "SetChoice", "1", "Can I drink it?",
											"Speaks",
											"W-w-w-w-wh-wha-",
											"Stammering like a broken record, the tiny holstaur does look pretty worried, but there's also a sense of almost childish curiosity, mixed with a distinct flavor of hesitant interest in the flush covering her face as she trails off, seriously considering your request.",
											"If possible the flush covering her face seems to spread, the dark red on brown tinge looking delectably delicious on her tanned frame, before she swallows and nods slightly.",
											"Speaks",
											"...I... alright, b-but only because I heard that it could make them bigger. And - and not because you're super hands-",
											"She breaks off, looking even more embarrassed, and you can't resist the urge to mess with her a bit.",
											"PlayerSpeaks",
											"Super what now?",
											"Speaks",
											"NOTHING. Just... just be gentle, and - and don't make any weird sounds!",
											"Well, it's milk fresh from the tap, might as well get a drink.",
											"She's still looking demure as you approach her, kneeling down to be closer to her chest height, only a thin strip of cloth standing between you and destiny.",
											"ChangeArousalQuietly",
											"20",
											"After a moment spent untying her coverings, she pulls up the now unfastened flaps of cloth, revealing a pair of exceptionally pert small breasts with a thin trail of moisture leaking from each nipple.",
											"This is it; this is why you came to the island and braved hordes of batshit bitches and lewd elves, all for this one shining moment in the tapestry of time!",
											"Well, maybe not, but it is a rare opportunity and what kind of strapping young hero doesn't stare fortune in the eye and fuck her in the ass when he gets the chance?",
											"...Figuratively speaking. Probably.",
											"Wrapping your arms around her slender body, struck by the intense warmth of her tiny body and just as much by its smooth softness, you pull her closer to you, nuzzling her right breast with lips as she moans from the sudden stimulation.",
											"ChangeArousalQuietly",
											"30",
											"It takes but a moment of lapsed judgment to give her nipple an experimental lick, tasting the warm creamy liquid almost immediately as she shudders and squirts out a bit more fluid, and you realize almost immediately as the honeyed flavor cloys in your mouth and starts to go down your throat that you no longer have any choice in the matter; your body just decided for you.",
											"Peppering her pert chest with kisses draws sweet moans from her as Clara starts to get into it, her sensitive breasts perking up as you tease the nipple a bit, fondling her left breast with a free hand while starting to suckle the right harder.",
											"ChangeArousalQuietly",
											"40",
											"She rewards you with a loud moan, trembling in your grip; almost immediately there's a small gush of fluid that you lap up happily, the warm wetness filling your mouth and drenching your taste buds in deliciousness as your assault renews in intensity.",
											"Clara spasms in your grip as you drink deeply from each breast, alternating to keep the flow relatively even as you help her attain release.",
											"ChangeArousalQuietly",
											"50",
											"...In more ways than one. As she moans loudly, one small hand pulls your face into her chest, and she shudders violently.",
											"When you pull away from her chest, her breasts still leaking a bit but mostly satiated, you realize there is a large damp spot in her underwear. Clara looks down blearily, confusion writ wide across her face as she tries to figure out exactly what happened.",
											"Menu",
											"RequiresStat",
											"Allure",
											"15",
											"Clean her up! (Seduction)",
											"RequiresStat",
											"Technique",
											"15",
											"Clean her up! (Nimble fingers)",
											"Let her go.",
											"EndLoop"
                                        ]
							},
							{
                              "NameOfScene": "Clean her up! (Seduction)",
                              "theScene":[
                      "SetChoice", "2", "Clean her up! (Seduction)",
											"Looking up into the pint-sized cowgirl's eyes, there is an unmistakable pleading in them; she may not entirely understand what's going on, but it's clear that she is... developed enough to want a bit more help, and wet enough that one of you is going to have to take care of it - and at least you know how to.",
											"She doesn't resist as you leave a trail of kisses down her tummy, pulling down her underwear as strings of her juices stretch from her pussy to the sodden fabric before breaking away.",
											"Her legs trembling a bit, you support her cute little butt with one both hands before going in, leaving a long trailing lick along her lower lips, ending with a wet kiss to her clit that leaves Clara shuddering in  your grip, squirting in your mouth as she cums again from the stimulation.",
											"ChangeArousalQuietly",
											"40",
											"It's not a large volume of fluid, but the taste is unique, a little remniscent of her milk; an almost honeyed sweetness mixed with a sort of earthy flavor that gels surprisingly well.",
											"Licking your lips and taking a slightly perverse pleasure in her trembling expression as she looks down at you pleadingly, you dive back in, kissing and licking her thin slit as her juices to drool out, kissing her clit to the accompaniment of girlish gasps, and licking inside, drowning in her warm body and delectable flavors.",
											"ChangeArousalQuietly",
											"50",
											"Clara's sweet moans echo through the plateau as you tenderly but relentlessly service her, lapping up her juices greedily and kneading her cute lil butt for good measure as she quakes in your hands, equal parts embarassed and into it as you violate her.",
											"Her third orgasm nearly takes her feet out from under her, and you can feel her rear tighten as she clenches before drenching your face in fluid, moaning loudly.",
											"As the orgasm weakens, though, she collapses like a puppet whose strings had been cut, only avoiding a fall due to your readily catching her.",
											"A few more licks and a kiss to the clit leaves her relatively clean albeit extremely sensitive as she lays in your arms, quietly basking in your protective grip as you enjoy her warmth and the lingering aftertaste on the tongue.",
											"Speaks",
											"Haa... haaa... thank you♥",
											"As she starts fading out, you realize you may have gone a... little overboard, but give her a tight hug and hold her close to your chest, her small but soft breasts pressing against you alluringly as she snuggles into you.",
											"You feel a bit of wetness on your chin and realize she just kissed it, looking with an awkward smile but a fond smile before fading out completely.",
											"...You have no idea where she 'respawns', but at least she seemed to be pretty satisfied, or uh, REALLY satisfied, and you get the distinct feeling that she would be very happy to have you come back for a visit soon."
                                        ]
							},
							{
                              "NameOfScene": "Clean her up! (Nimble fingers)",
                              "theScene":[
                      "SetChoice", "2", "Clean her up! (Nimble fingers)",
											"Looking up into the pint-sized cowgirl's eyes, there is an unmistakable pleading in them; she may not entirely understand what's going on, but it's clear that she is... developed enough to want a bit more help, and wet enough that one of you is going to have to take care of it - and at least you know how to.",
											"She doesn't resist as you leave a trail of kisses down her tummy, pulling down her underwear as strings of her juices stretch from her pussy to the sodden fabric before breaking away.",
											"Her legs trembling a bit, you support her cute little butt with one both hands before going in, leaving a long trailing lick along her lower lips, ending with a wet kiss to her clit that leaves Clara shuddering in  your grip, squirting in your mouth as she cums again from the stimulation.",
											"ChangeArousalQuietly",
											"40",
											"It's not a large volume of fluid, but the taste is unique, a little remniscent of her milk; an almost honeyed sweetness mixed with a sort of earthy flavor that gels surprisingly well.",
											"Licking your lips and taking a slightly perverse pleasure in her trembling expression as she looks down at you pleadingly, you dive back in, kissing and licking her thin slit as her juices to drool out, kissing her clit to the accompaniment of girlish gasps, and licking inside, drowning in her warm body and delectable flavors.",
											"ChangeArousalQuietly",
											"50",
											"Clara's sweet moans echo through the plateau as you tenderly but relentlessly service her, lapping up her juices greedily and kneading her cute lil butt for good measure as she quakes in your hands, equal parts embarassed and into it as you violate her.",
											"Her third orgasm nearly takes her feet out from under her, and you can feel her rear tighten as she clenches before drenching your face in fluid, moaning loudly.",
											"As the orgasm weakens, though, she collapses like a puppet whose strings had been cut, only avoiding a fall due to your readily catching her.",
											"A few more licks and a kiss to the clit leaves her relatively clean albeit extremely sensitive as she lays in your arms, quietly basking in your protective grip as you enjoy her warmth and the lingering aftertaste on the tongue.",
											"Speaks",
											"Haa... haaa... thank you♥",
											"As she starts fading out, you realize you may have gone a... little overboard, but give her a tight hug and hold her close to your chest, her small but soft breasts pressing against you alluringly as she snuggles into you.",
											"You feel a bit of wetness on your chin and realize she just kissed it, looking with an awkward smile but a fond smile before fading out completely.",
											"...You have no idea where she 'respawns', but at least she seemed to be pretty satisfied, or uh, REALLY satisfied, and you get the distinct feeling that she would be very happy to have you come back for a visit soon."
                                        ]
							},
							{
                              "NameOfScene": "Let her go.",
                              "theScene":[
                      "SetChoice", "2", "Let her go.",
											"As Clara stumbles backwards, rapidly growing more flushed as she starts to understand what happened, she hesitates for a moment - then turns and fucking BOOKS it.",
											"Honestly it's kind of impressive how fast she skedaddles."
                                        ]
							},
							{
                              "NameOfScene": "EW LOLI",
                              "theScene":[
											"You turn around and book it, safely escaping the CLEARLY FUCKING LABELED loli content. Somehow you still see the crestfallen look at the little girl's face as your heartless ass deserts her in her moment of need.",
											"Seriously it's labeled loli for a reason, idk what the fuck you expected."
                                        ]
							}

                ]
}
