{
    "name": "Angelic Blowjob",
    "cost": "0",
    "costType": "ep",
    "requiredLevel": "0",
    "learningCost": "0",
    "skillType": "attack",
    "statType": "Allure",
    "requiredStat": "0",
    "skillTags": ["Sex", "Holy"],
    "fetishTags": ["Oral"],
    "startsStance": "",
    "requiresStance": "Blowjob",
    "unusableIfStance": [""],
    "requiresTargetStance": ["Blowjob"],
    "unusableIfTarget": ["Sex", "Anal"],
    "removesStance": "None",
    "requiresStatusEffect": "None",
    "requiresStatusPotency": "0",
    "unusableIfStatusEffect": ["None"],
    "power": "40",
    "minRange": "90",
    "maxRange": "110",
    "recoil": "0",
    "targetType": "single",
    "statusEffect": "Charm",
    "statusChance": "70",
    "statusDuration": "3",
    "statusPotency": "0",
    "statusResistedBy": "Willpower",
    "statusText": "",
    "descrip": "",
    "outcome": "{AttackerName} looks up lovingly at {TargetName} while {AttackerHeOrShe} licks, sucks, and kisses {TargetHisOrHer} head from head to hilt, an endless torrent of divine magic intensifying every sensation more and more with each passing second.",
    "miss": "{TargetName} closes {TargetHisOrHer} eyes and grits {TargetHisOrHer} teeth to resist the pleasure from {AttackerName}'s mouth sucking intently on {TargetHisOrHer} cock!",
    "statusOutcome": "{TargetName} finds their hand resting on {AttackerName}'s head, gently guiding {AttackerHisOrHer} mouth down {TargetHisOrHer} shaft as heat spreads through them, hardly longer able to think of anything but {AttackerHisOrHer} wet warmth engulfing {TargetHisOrHer} cock. Her aphrodasaic effect intensifies!",
    "statusMiss": "",
    "restraintStruggle": "",
    "restraintStruggleCharmed": "",
    "restraintEscaped": "",
    "restraintEscapedFail": ""
}
