{
    "name": "Tiny Teasing Tongue",
    "cost": "0",
    "costType": "ep",
    "requiredLevel": "0",
    "learningCost": "0",
    "skillType": "attack",
    "statType": "Allure",
    "requiredStat": "0",
    "skillTags": ["Sex"],
    "fetishTags": ["Oral"],
    "startsStance": "",
    "requiresStance": "Blowjob",
    "unusableIfStance": [""],
    "requiresTargetStance": ["Blowjob"],
    "unusableIfTarget": ["Sex", "Anal"],
    "removesStance": "None",
    "requiresStatusEffect": "None",
    "requiresStatusPotency": "0",
    "unusableIfStatusEffect": ["None"],
    "power": "40",
    "minRange": "90",
    "maxRange": "110",
    "recoil": "0",
    "targetType": "single",
    "statusEffect": "Defence",
    "statusChance": "60",
    "statusDuration": "5",
    "statusPotency": "-30",
    "statusResistedBy": "Willpower",
    "statusText": "",
    "descrip": "tiny tease",
    "outcome": "{AttackerName} pulls the tip of {TargetName}'s cock into her mouth and teases {TargetHisOrHer} length with an eager tongue, staring up into {TargetHisOrHer} eyes with almost worshipful adoration.",
    "miss": "{TargetName} grits his teeth to resist the pleasure from {AttackerName}'s tiny teasing tongue assaulting {TargetHisOrHer} glans relentlessly!",
    "statusOutcome": "As {AttackerName} dutifully services {TargetName}'s head with a relentless barrage of small sweet licks, you find your hands in her hair, losing the ability to resist the incredible sensations she offers!",
    "statusMiss": "",
    "restraintStruggle": "",
    "restraintStruggleCharmed": "",
    "restraintEscaped": "",
    "restraintEscapedFail": ""
}
