{
    "name": "Celestial Enchantment I",
    "itemType": "Accessory",
    "cost": "0",
    "descrip": "A subtle but powerful enchantment born of primordial power that wreathes its wielder in flickering wisps of divine High Magic. Boosts technique, willpower, allure, and luck by 7!",
    "requires": [""],
    "perks": [""],

    "hp": "0",
    "ep": "0",
    "sp": "0",

    "Exp": "0",
    "Power": "0",
    "Technique": "7",
    "Willpower": "7",
    "Allure": "7",
    "Intelligence": "7",
    "Luck": "7",

    "statusEffect": "None",
    "statusChance": "0",
    "statusPotency": "0",

    "BodySensitivity": {"Sex": "0",
              "Ass":"0",
              "Breasts":"0",
              "Mouth":"0",
              "Seduction": "0",
              "Magic": "0",
              "Pain": "0",
              "Holy": "0",
              "Unholy": "0"
    },

    "resistancesStatusEffects": {
              "Stun": "0",
              "Charm":"0",
              "Aphrodisiac":"0",
              "Restraints":"0",
              "Sleep": "0",
              "Trance": "0",
              "Paralysis": "0"
    },

    "useOutcome": "",
    "useMiss": ""

}
