{
    "name": "Commander's Pet",
    "CardType": "Event",
    "Addition": "Yes",
    "CardLimit": "1",
    "Description": "The tricky cat girl of the forest dungeon is trying to tempt adventures trespassing in her mistress's lair!",
    "requires": [""],
    "Speakers": [
					{
                    "name": "Mika",
                    "postName": "",
                    "SpeakerType": "Monster"
					}
				  ],
    "EventText": [
							{
                                        "NameOfScene": "EventStart",
                                        "theScene":[
									"IfChoice", "1", "BrokeUp", "EmptyHall",
                                      "SetChoice", "4", "",
                                      "IfChoice", "14", "ANTIANAL", "AntiAnalIntro",
                                      "GetEventAndSetProgress", "AncillaCombatEvents", "0",
                                      "ProgressEqualsOrGreater", "1", "Second Meeting",
                                      "ChangeProgress",   "1",
                                      "You come across a wooden door, and upon entering it you find yourself inside a small stone chamber.",
                                      "As you take in your surroundings, you notice an occupied wooden stockade placed directly in the center of the room!",
                                      "You start to approach the individual trapped in the stockade, and you can clearly tell that she's a catgirl as she cranes her neck to innocently look over at you.",
                                      "DisplayCharacters",
                                        "1",
                                        "EndLoop",
                                      "ChangeImageLayer", "Expression", "1", "Beg",
                                      "Speaks",
                                      "N-Nya? A brave adventurer? Oh... Uhm, I'm Mika, and normally I would be trying to stop you from getting through, but my mistress saw fit to punish me and locked me up like this nya, so passing adventurers could have their way with me...",
                                      "Speaks",
                                      "Now I'm just free exp and eros. I have one r-request, Mr. Adventurer, a-at the very least, d-don't fuck me in the ass nya.",
                                      "She nervously sways her hips back and forth while she talks, putting on an a alluring show for you as her voluptuous ass jiggles with her movements.",
                                      "IfHasFetish",   "Ass",   "Ass Temptation",
                                        "JumpToScene", "MeetingMenu"

                                          ]
                            },
	                        {
                            "NameOfScene": "Second Meeting",
                            "theScene":[  "IfHasItem", "Sigil Of Allure", "PostDungeonMeeting",
                                          "GetAnEventsProgressThenIfEqualsOrGreater", "MikasCombatEvents", "100", "UsedToSexMeeting",
                                          "IfChoice", "1", "Pussy", "Second Meeting Pver",
                                          "You come across a wooden door, and upon entering it you find yourself inside a small stone chamber.",
                                          "As you take in your surroundings, you notice an occupied wooden stockade placed directly in the center of the room!",
                                          "DisplayCharacters",
                                            "1",
                                            "EndLoop",
                                          "ChangeImageLayer", "Expression", "1", "Beg",
										  "As you walk in, you can't help but remark at how:",
										  "Menu",
											"It's the same as usual.",
											"There's something off...",
										  "EndLoop"
                                      ]
                        },
                    {
                        "NameOfScene": "PostDungMeetingSorter",
                        "theScene":[   "GetAnEventsProgressThenIfEqualsOrGreater", "MikasCombatEvents", "100", "UsedToSexMeeting",
                                      "IfChoice", "1", "Pussy", "Second Meeting Pver",
                                       "You come across a wooden door, and upon entering it you find yourself inside a small stone chamber.",
                                       "As you take in your surroundings, you notice an occupied wooden stockade placed directly in the center of the room!",
                                       "DisplayCharacters",
                                         "1",
                                         "EndLoop",
                                       "ChangeImageLayer", "Expression", "1", "Beg",
									   "As you walk in, you can't help but remark at how:",
										"Menu",
										  "It's the same as usual.",
										  "There's something off...",
										"EndLoop"
                                  ]
                    },
                          {
                              "NameOfScene": "UsedToSexMeeting",
                              "theScene":[   "You come across a wooden door, and upon entering it you find yourself inside a small stone chamber.",
                                             "As you take in your surroundings, you notice an occupied wooden stockade placed directly in the center of the room!",
                                             "DisplayCharacters",
                                               "1",
                                               "EndLoop",
                                             "ChangeImageLayer", "Expression", "1", "Beg",
										  "As you walk in, you can't help but remark at how:",
										  "Menu",
											"Mika's the same as usual.",
											"There's something off...",
										  "EndLoop"
                                        ]
                          },
					{	"NameOfScene": "Mika's the same as usual.",
					    "theScene":[
                                             "You start to approach the individual trapped in the stockade, and you can clearly tell that it's Mika as she cranes her neck to innocently look over at you.",
                                             "ChangeImageLayer", "Expression", "1", "NyaNya",
                                             "Speaks",
                                             "Nya?♪ Heyyyy {ThePlayerName}, nya!♥ Did you come back to pound my naughty pussy with your big manly dick?♥",
                                             "ChangeArousalQuietly", "25",
                                             "She seductively sways her hips back and forth while she talks, putting on quite the show for you as her voluptuous ass jiggles with her movements, her teasing words making your cock twitch.",
                                             "JumpToScene", "MeetingMenu"
                                  ]
                    },
					{	"NameOfScene": "It's the same as usual.",
					    "theScene":[
                                       "You start to approach the individual trapped in the stockade, and you can clearly tell that it's Mika as she cranes her neck to innocently look over at you.",
                                       "ChangeImageLayer", "Expression", "1", "NyaSmug",
                                       "Speaks",
                                       "N-Nya? Hi, nya! Come back to {i}punish{/i} me?♥",
                                       "She seductively sways her hips back and forth while she talks, putting on quite the show for you as her voluptuous ass jiggles with her movements.",
                                       "IfHasFetish", "Ass", "Ass Temptation",
                                       "JumpToScene", "MeetingMenu"
                                  ]
                    },
					{	"NameOfScene": "There's something off...",
					    "theScene":[
                                       "JumpToEventThenScene",
									   "Alternate Commander's Pet",
									   "Return"
                                  ]
                    }


                ]
}
