{
    "name": "Imp Den",
    "CardType": "Event",
    "Addition": "Yes",
    "CardLimit": "3",
    "Description": "Portions of the dungeon are living spaces for numerous imps.",
    "requires": ["Sigil Of Allure"],
    "Speakers": [
                  {
                    "name": "Imp",
                    "postName": " 1",
                    "SpeakerType": "Monster"
                  },
                  {
                    "name": "Imp",
                    "postName": " 2",
                    "SpeakerType": "Monster"
                  },
                  {
                    "name": "Imp",
                    "postName": " 3",
                    "SpeakerType": "Monster"
                  },
                  {
                    "name": "Imp",
                    "postName": " 4",
                    "SpeakerType": "Monster"
                  },
                  {
                    "name": "Imp",
                    "postName": " 5",
                    "SpeakerType": "Monster"
                  },
                  {
                    "name": "Imp",
                    "postName": " 6",
                    "SpeakerType": "Monster"
                  },
                  {
                    "name": "Imp",
                    "postName": " 7",
                    "SpeakerType": "Monster"
                  },
                  {
                    "name": "Imp",
                    "postName": " 8",
                    "SpeakerType": "Monster"
                  },
                  {
                    "name": "Imp",
                    "postName": " 9",
                    "SpeakerType": "Monster"
                  },
                  {
                    "name": "Imp",
                    "postName": " 10",
                    "SpeakerType": "Monster"
                  },
                  {
                    "name": "Imp",
                    "postName": " 11",
                    "SpeakerType": "Monster"
                  },
                  {
                    "name": "Imp",
                    "postName": " 12",
                    "SpeakerType": "Monster"
                  }
				],
    "EventText": [
                    {
                        "NameOfScene": "EventStart",
                        "theScene":[  "Eventually, you come across a wooden door in the dungeon and walk through it. The room on the other side appears to be a barracks of sorts, with beds, a few tables, and a fireplace.",
                                      "SetProgress", "1", "SetChoice", "1", "",
									   "IfChoice", "2", "Suggest a compromise!", "CompromiseCheck",
                                      "DisplayCharacters",
                                        "1",
                                        "2",
                                        "3",
                                        "4",
                                        "5",
                                        "1",
                                        "2",
                                        "3",
                                        "4",
                                        "5",
                                        "4",
                                        "5",
                                        "EndLoop",
                                        "StopBGM",
                                      "ChangeImageFor", "3", "Smug", "ChangeImageFor", "7", "Tease", "ChangeImageFor", "8", "Panic", "ChangeImageFor", "10", "Smug",
                                      "More pressing, however, is the dozen or so young demonic women lounging in the room.",
                                      "IfChoice", "5", "VisitUS", "NormalIntro",
                                      "IfChoice", "4", "LewdedHorde", "FriendlyIntro",
                                      "JumpToScene", "NormalIntro"
                                  ]
                    },

                              {
                                  "NameOfScene": "NormalIntro",
                                  "theScene":[  "Speaks",
                                                "SwapLineIf", "Choice",
                                                  "5", "VisitUS", "Hehe, what took you so long? Run into- It's {ThePlayerName}!♪",
                                                  "5", "", "Oh good, you're back. Find anyon-",
                                                "EndLoop",
                                                "ChangeBGM-OverideCombatMusic", "music/Battle/Shiva_Dance.mp3",
                                                "ChangeImageFor", "1", "Smug",
                                                "The imp cuts off mid-sentence as she turns and stares at you with a hungry glint in her eyes.",
                                                "ChangeImageFor", "2", "Smug",  "ChangeImageFor", "3", "Smug",  "ChangeImageFor", "4", "Smug",  "ChangeImageFor", "5", "Smug", "ChangeImageFor", "6", "Smug", "ChangeImageFor", "7", "Smug", "ChangeImageFor", "8", "Smug","ChangeImageFor", "9", "Smug", "ChangeImageFor", "10", "Smug", "ChangeImageFor", "11", "Smug", "ChangeImageFor", "12", "Smug",
                                                "In fact, all of the imps are staring at you rather hungrily...",
                                                "ChangeImageFor", "1", "Base",
                                                "Speaks",
                                                "SwapLineIf", "Choice",
                                                  "5", "VisitUS", "GET HIM!♪",
                                                  "5", "", "GET HIM!",
                                                "EndLoop",
                                                "The imps immediately all start to drop what they were doing and rush forwards.",
                                                "Menu",
                                                  "OH SHIT, RUN!",
                                                  "Draw them into the hallway and fight them in groups.",
                                                  "Rush into the den and take them on!",
												"RequiresChoice", "5", "VisitUS",
														"RequiresStat",
														"Allure",
														"5",
														"Suggest a compromise!",
												"Idle Chat",
                                                "EndLoop"
                                            ]
                              },
                              {
                                  "NameOfScene": "OrgyIntro",
                                  "theScene":[
                                      "DisplayCharacters",
                                        "1",
                                        "2",
                                        "3",
                                        "4",
                                        "5",
                                        "1",
                                        "2",
                                        "3",
                                        "4",
                                        "5",
                                        "4",
                                        "5",
                                        "EndLoop",
                                        "StopBGM",
                                      "ChangeImageFor", "3", "Smug", "ChangeImageFor", "7", "Tease", "ChangeImageFor", "8", "Panic", "ChangeImageFor", "10", "Smug",
												"The instant you enter the room, you realize there are... quite a few imps in here, and enough of them are horny that you have exactly negative zero chance of getting out of here without cracking a few skull-oh right this is wacko sex land, obviously you meant to say 'causing a few orgasms'. Duh.",
                                                "ChangeBGM-OverideCombatMusic", "music/Battle/Shiva_Dance.mp3",
                                                "ChangeImageFor", "1", "Smug",
                                                "Either you start fighting, or the imps descending upon you will decide for you - and fast.",
                                                "ChangeImageFor", "2", "Smug",  "ChangeImageFor", "3", "Smug",  "ChangeImageFor", "4", "Smug",  "ChangeImageFor", "5", "Smug", "ChangeImageFor", "6", "Smug", "ChangeImageFor", "7", "Smug", "ChangeImageFor", "8", "Smug","ChangeImageFor", "9", "Smug", "ChangeImageFor", "10", "Smug", "ChangeImageFor", "11", "Smug", "ChangeImageFor", "12", "Smug",
                                                "In fact, all of the imps are staring at you rather hungrily...",
                                                "ChangeImageFor", "1", "Base",
                                                "Menu",
                                                  "OH SHIT, RUN!",
                                                  "Draw them into the hallway and fight them in groups.",
                                                  "Rush into the den and take them on!",
												"Idle Chat",
												"Orgy!",
                                                "EndLoop"
                                            ]
                              },
							{
                                        "NameOfScene": "CompromiseCheck",
                                        "theScene":[
													"JumpToRandomScene",
													"EnduranceSex",
													"EnduranceFootjob",
													"OrgyRandomJump",
													"EndLoop"
                                          ]
                            },
							{
                                  "NameOfScene": "EnduranceSex",
                                  "theScene":[
												"GetAnEventsProgressThenIfEqualsOrGreater",
												"EnduranceSexImps",
												"2",
												"EnduranceSexImpsJump",
												"DisplayCharacters",
												"1",
												"2",
												"EndLoop",
												"You return to the barracks to find them surprisingly empty, with only two imps present and little evidence of the usual horde nearby.",
												"Well, at this point you're obviously not in any danger of getting raped to death, and neither imp seems super eager to face the dick of justice, so... maybe you can just go through?",
												"Speaks",
												"Oh hey, good timing, maybe you can help us resolve a minor dispute♥",
												"Oh yeah this is gonna go fantastic.",
												"Speaks2",
												"See, this slut thinks she can make you cum before she does, and I think she's full of hot air",
												"Speaks",
												"I'd rather be full of hot cum, dweeb. And I WILL be. After I beat him.",
												"Speaks2",
												"Follow your dreams, but don't come crying to me when he turns you into a giggling mess♥",
												"Both imps look at you expectantly as you weigh your options; fight, flight, or accepting her challenge...",
												"Menu",
												"Endurance sex!",
												"Fight both imps!",
												"Leave them be.",
												"EndLoop"
                                    ]
                            },
							{
                                  "NameOfScene": "Endurance sex!",
                                  "theScene":[
												"Both imps grin mischievously as you agree to their terms, and the second imp claps her hands as the first rapidly undresses.",
												"Speaks2",
												"Ok, here are the rules. If you manage to make her cum before you do, you can do an♥y♥thing♥ you want with her body, and neither she, I, nor other imps can interfere until after you leave the room.",
												"Speaks2",
												"If you cum before she does, she gets to milk you for... let's say two more loads. We wouldn't want to tire you out too much after all♥",
												"Speaks",
												"God shut the fuck up no one cares you graduated from Whorevard university you skank, now sit your ass the fuck down and fuck my pussy up big guy, once you get a taste you'll be begging me to let you cum inside♥",
												"...You're not sure exactly how trustworthy they are, but uh, here's to nothing.",
												"ChangeArousalQuietly",
												"10",
												"The first imp leads you to her bed and pushes you into sitting on it, grinning with premature glee as she straddles your lap and rubs her pussy against the tip of your cock, leaving a small trail of her juices running down the shaft.",
												"ChangeArousalQuietly",
												"20",
												"As she slowly lowers herself onto the shaft, her tight slit engulfing your glans with a wet pop and the intense sensation of her demonic pussy wrapping around your cock, it occurs to you that this may have been a bad idea.",
												"ChangeArousalQuietly",
												"20",
												"ChangeImageFor", "1", "Submissive",
												"But not defeated yet, you place your hands on her underwhelming ass and pull her down a bit faster than she had planned, eliciting a squeak and a moan from her as her friend giggles from nearby.",
												"ChangeArousalQuietly",
												"20",
												"Even as her expression melts into pleasure, the imp visibly refuses to give up, bracing herself against you with her hands on your shoulders and her soft albeit small breasts rubbing against your chest, starting to ride your cock slowly.",
												"ChangeArousalQuietly",
												"20",
												"It doesn't take long for both of you to be slamming into each other, the wet sounds of flesh meeting flesh echoing through the room as her hips slam against yours, her face gripped in the throes of ecstacy as you focus on trying not to cum.",
												"ChangeArousalQuietly",
												"30",
												"Gasping for breath, the imp is clearly reaching her limits; she realizes it as well, but so does her friend, and the second imp winks at you as she grabs the first imp's hips and SLAMS them down, completely hilting her on your cock.",
												"IfPlayerOrgasm",
												"LostEnduranceSex",
												"But as the imp orgasms violently, flooding your cock with her juices as she shakes in your arms, you manage to hold on!",
												"Speaks2",
												"VICTORY GOES TO THE CHALLENGER!",
												"The first imp tries in vain to pull herself up, hopelessly impaled on your shaft, as her face twists in frustration.",
												"Speaks",
												"F-fuck... thought I... had that...",
												"The second imp pats you on the shoulder, grinning widely.",
												"Speaks2",
												"Well, hero, you won, so you can do whatever you want with this little slut. May I suggest disciplining her?",
												"Speaks",
												"H-hey, fuck you...",
												"Menu",
												"Keep fucking the imp!",
												"Leave them be.",
												"EndLoop"
                                    ]
                            },
							{
                                  "NameOfScene": "Keep fucking the imp!",
                                  "theScene":[
												"GetEventAndChangeProgress",
												"EnduranceSexImps",
												"1",
												"Well, you still have to cum, and by imp standards they seem somewhat trustworthy, so...",
												"With a grunt, you flip the impaled imp over onto her back, still buried deep inside her as she lies on the bed looking blearily up at you. Most of the fight seems to have gone out of her, but she still looks pretty horny - and so are you!",
												"In complete control, you are free to thrust inside her at your own pace, controlling your orgasm as you pound her sodden snatch relentlessly, and the imp moans in orgiastic pleasure with each thrust.",
												"You lean down to kiss her and she returns your messy kiss with her own, your tongue dominating hers as she melts in your hands.",
												"It doesn't take long to feel your own finish coming, and you slam your cock as far inside her as it will go, rewarded in equal parts by the imp's sweet moans and incredible tightness as her orgasming body tightens around you, and your own massive ejaculation.",
												"PlayerOrgasm",
												"1",
												"Flooding her pussy with rope after rope of cum, you raid her insides with reckless abandon, drenching her with exactly what she desired as the oversexed imp's eyes roll up into her head and she begins to lose consciousness with a kind of silly expression on her face.",
												"The second imp looks on in naked desire as you pull out, leaving a sloppy trail of cum dripping out of the first, and get ready to leave.",
												"...She's touching herself too, but waves you away to leave before the rest of the horde shows up, tossing you a small sack of Eros for your victory.",
												"ChangeEros",
												"100"
                                    ]
                            },
							{
                                  "NameOfScene": "LostEnduranceSex",
                                  "theScene":[
												"PlayerOrgasm",
												"1",
												"Your resolve evaporates in the face of such incredible pleasure and you cum inside her, drenching the imp's pussy with an enormous load of cum as she spasms around you, milking you dry in the midst of her own violent orgasm.",
												"Speaks2",
												"AND DAEMONKIND CLAIMS ANOTHER VICTIM! Not, uh, literally, but you did lose. Hehe. You two lovebirds have fun♥",
												"The first imp, recovering from her own exhaustion thanks to the spirit energy of the massive load of semen you just pumped into her loops her arms around your neck and pulls you into a kiss as she dominates your mouth, then pushes you down onto the bed and rides you cowgirl with an almost evil smirk.",
												"PlayerOrgasm",
												"1",
												"The next load comes quickly, splattering her insides, and she continues as if she hadn't even noticed; bumping, grinding, bouncing, just torturing your helpless dick beyond your ability to comprehend what's going on.",
												"PlayerOrgasm",
												"2",
												"She has to put her hands on your chest to steady herself as she orgasms too, but fueled by how much you've poured inside her she easily keeps going, milking two more loads out in fairly rapid succession",
												"IfPlayerSpiritGone",
												"JumpToLossEvent",
												"ImpGangbang",
												"But you are saved by the second imp, who slaps the first imp upside the head hard enough you're not quite sure how that didn't trigger the island's magic field, bringing the former back to her senses.",
												"Speaks",
												"Ah.. shit... sorry, I got a little carried away, huh? Well. You did great, stud. Feel free to come back any time you want to get milked again♥",
												"It takes some time, but the two imps help you dress and shoo you out of the door, the first imp slapping your ass as you go with a nod and a wink."
                                    ]
                            },
							{
                                  "NameOfScene": "EnduranceFootjob",
                                  "theScene":[
												"GetAnEventsProgressThenIfEqualsOrGreater",
												"FootjobImp",
												"2",
												"FootjobImpJump",
												"DisplayCharacters",
												"1",
												"EndLoop",
												"You return to the barracks to find them surprisingly empty, with only one imp lounging around in bed looking a little frustrated, though she perks up when she sees you come in.",
												"Speaks",
												"Hey there handsome, you have some pretty good timing. That slut Stacy bet me 200 eros that I couldn't make a guy cum with just my feet. If you help me prove her wrong, I'll give you half♥",
												"Speaks",
												"Oh, and after you fucked up all of us last time, even if more do show up, they won't interfere as long as we hold to the terms of the agreement.",
												"Menu",
												"Endurance footjob!",
												"Fight the imp!",
												"Leave them be.",
												"EndLoop"
                                    ]
                            },
							{
                                  "NameOfScene": "Endurance footjob!",
                                  "theScene":[
												"Free money is free money, and her stockings DO look pretty soft... hmmm... ah what the hell. You nod in agreement and she grins.",
												"Speaks",
												"Hey, thanks... hero♥ Now sit your happy little ass down over here and let me work my magic!",
												"She gestures to a bed close to hers and you sit down, your cock exposed, as she brings her silk-clad legs up to you with a devious smile and you seriously reconsider your life choices.",
												"You can't help but start at the incredibly softness of her stockings as one foot brushes your shaft, and she looks even more smug at your reaction.",
												"ChangeArousalQuietly",
												"5",
												"Speaks",
												"Don't worry, I won't get mad if you want to soak these in your cum, I bet that sticky white stuff would look real nice contrasted on the black, don't you?",
												"ChangeArousalQuietly",
												"20",
												"Even as the imp speaks, her foot is rubbing your shaft up and down, the silky sensation difficult to ignore, but layered together with her honeyed words making for an oddly appealing situation.",
												"Speaks",
												"Hehe, look, it twitches each time I rub it... does it feel that good? What if I use both feet? Ooh, your little guy sure liked that, look, it's kinda like a sandwich, a soft black stocking rubbing your dick from each side♥",
												"ChangeArousalQuietly",
												"20",
												"She continues to rub it, but switches the position a bit, her right foot mostly circling the glans with a swirling silky sensation as her left foot works the bottom of your shaft lengthwide, occasionally dropping to your balls to rub against them",
												"ChangeArousalQuietly",
												"20",
												"Speaks",
												"Oh wow, you're a real perv, huh? Bet you want to just drench me in your cum, maybe pin me down and fuck me until I'm leaking cum like a broken faucet, right? Breeding and seeding me, filling my womb with your sticky white stuff... but we can have lots of fun later, for now, maybe my stockings will do?",
												"ChangeArousalQuietly",
												"20",
												"Her voice has a questioning tone to it, as if the choice is yours, but the way her feet keep moving on your rock hard shaft is impossible to ignore and even harder to deny. Her voice corkscrews through your head, and part of your mind WANTS to do it.",
												"ChangeArousalQuietly",
												"10",
												"Soaking her in your seed... and all the other scenarios she keeps describing, making her yours, fucking her until you can't remember how to think; it's starting to get difficult to remember which is real and which should happen, er, could happen, or maybe you really do want to do them?",
												"Speaks",
												"Now... cum for me♥",
												"ChangeArousalQuietly",
												"40",
												"Her voice filled with an almost absolute command, you instantly feel an overwhelming urge to do exactly that, but have to try to fight back...",
												"IfPlayerOrgasm",
												"Cum all over her stockings!",
												"Menu",
												"Cum all over her stockings!",
												"Resist the urge to cum!",
												"EndLoop"
                                    ]
                            },
							{
                                  "NameOfScene": "Resist the urge to cum!",
                                  "theScene":[
												"But you manage to keep your desires to yourself, and the imp's sultry expression flags as she realizes her ploy failed.",
												"Speaks",
												"...No good, huh?",
												"She looks a bit crestfallen, but puts up a smile nonetheless as she claps her hands together to break up the atmosphere.",
												"Speaks",
												"I didn't remember to make a clause for if you won, so... I guess I'll just let you go, haha. Come back anytime if you want to take me up on that offer though, she doesn't have to know it didn't work out this time~"
                                    ]
                            },
							{
                                  "NameOfScene": "Cum all over her stockings!",
                                  "theScene":[
												"GetEventAndChangeProgress",
												"FootjobImp",
												"1",
												"PlayerOrgasm",
												"1",
												"Entranced by her voice and the incredible sensations emanating from your groin, you cum on command, launching jets of semen that splatter against the bed next to her, the floor - and her stockings, pearly white cum sinking into the silky ebon fabric as she gasps in surprise.",
												"She continues fondling your balls from beneath with one foot as she guides your spurting shaft with the other, wasting little further cum as she directs them to coat both leggings and even grins as a few more ropes land on her skirt, midriff, and one even makes it to her open mouth.",
												"She licks it up with a warm smile and teases you for a few more spurts before letting your flagging shaft fall, withdrawing her cum-stained feet with a victorious and more than slightly smug smile.",
												"...But there is actually a bit of emotion in her eyes, a quiet gratitude that leads you to realize this was actually pretty important to her, and she hands you a sack with what you hope is exactly 100 eros in it with an almost bashful grin as she helps you get clothed.",
												"Speaks",
												"...Honestly, I'd love to keep you around to fuck me until I can't walk straight for a week, but if the other girls show up with you in this condition I couldn't do much to help you, and you deserve to get out of here safely. I did promise, after all.",
												"She grins at you lewdly.",
												"Speaks",
												"...But next time we meet you better be ready 'cuz I'm gonna fuck you senseless♥",
												"ChangeEros",
												"100"
                                    ]
                            },
							{
                                  "NameOfScene": "OrgySetup",
                                  "theScene":[
												"GetAnEventsProgressThenIfEqualsOrGreater",
												"ImpHarem",
												"2",
												"OrgyRandomJump",
												"DisplayCharacters",
													"1",
													"2",
													"3",
													"EndLoop",
												"The instant you enter the room, you realize there are... quite a few imps in here, and enough of them are horny that you have exactly negative zero chance of getting out of here without cracking a few skull-oh right this is wacko sex land, obviously you meant to say 'causing a few orgasms'. Duh.",
												"Either you start fighting, or the imps descending upon you will decide for you - and fast.",
												"Menu",
												"Orgy!",
												"Fight all the imps!",
												"EndLoop"
                                    ]
                            },
							{
                                  "NameOfScene": "Leave them be.",
                                  "theScene":[
												"You ignore the denizens of the room and leave them behind as you head to the door, and dungeon, beyond."
                                    ]
                            },
							{
                                  "NameOfScene": "Idle Chat",
                                  "theScene":[
												"Speaks",
												"...About how we're going to fuck your brains out?",
												"Yeah that was a terrible idea in retrospect.",
												"JumpToScene",
												"Rush into the den and take them on!"
                                    ]
                            },
							{
                                  "NameOfScene": "Suggest a compromise!",
                                  "theScene":[
								  				"SetChoice","2","Suggest a compromise!",
												"PlayerSpeaks",
												"Ok ok everyone calm down, I think I have a solution.",
												"Speaks",
												"...This solution had better involve your dick.",
												"PlayerSpeaks",
												"As a matter of fact, it does.",
												"The imps relax a little bit, still looking at you somewhat suspiciously but some emerge from ambush spots and come closer to listen.",
												"PlayerSpeaks",
												"There's a saying in the human world; 'what happens in Vegas stays in Vegas.' Or, uh, the barracks, in this case. If I can satisfy everyone here, there's no need to involve other imps, right?",
												"Yes this is definitely genius-level diplomacy and does not in any way involve you just really wanting to fuck some imps.",
												"ChangeImageFor", "2", "Smug",
												"Speaks2",
												"And why shouldn't we just take you instead?",
												"Another imp thwacks her over the head.",
												"ChangeImageFor", "2", "Panic",
												"Speaks3",
												"I mean... he kind of beat the shit out of us last time.",
												"Speaks",
												"...I'm down.",
												"Some of the other imps look askance at the first one to speak up, their demonic pride flaring, but after a few more moments they grudgingly nod. Imps may not be exceptionally powerful as demons go, but they can be rather clever... something you may wish to remember the next time you agree to fuck 12 imps unconscious.",
												"ChangeImageFor", "2", "Tease",
												"Speaks2",
												"Fine, but if he runs out of spirit...",
												"ChangeImageFor", "3", "Tease",
												"ChangeImageFor", "1", "Tease",
												"Speaks3",
												"He's going home by recall stone♥",
												"Her demonic grin is, uh, well, exactly that - you get the VERY distinct feeling that you should probably go into this with your game face on. Aaaand a lot of spirit.",
												"JumpToScene",
												"Orgy!"
                                    ]
                            },
							{
                                  "NameOfScene": "Orgy!",
                                  "theScene":[
												"GetEventAndChangeProgress",
												"ImpHarem",
												"1",
												"Two of the closest imps grab you by each arm, pushing you to the ground before you can react; one smothers you in a deep kiss, her tongue invading your mouth and face blotting out your vision for a moment as others rip your clothes off in record time.",
												"You jerk against the ground as a tiny tongue leaves a trail of saliva along your cock, followed moments later by another from a different direction, and then a third; the imp kissing you breaks off long enough for you to see a gaggle of imps already licking your shaft to full arousal - and maybe more than that besides - before an imp slams her dripping pussy down on your face.",
												"Without much choice in the matter you start licking and sucking, trying to eat her out so you can breathe again as her hot juices fill your mouth and before long begin to cloud your mind with lust as well.",
												"You can feel something wet engulfing some of the fingers on your right hand as well, and a very soft albeit small breast squishing under your left as more of the imps join the fun, but it's the nonstop waves of stimulation running up and down your cock that really make it hard to think.",
												"Grunting and groaning into your captor's sodden pussy as her own moans echo through the room, you feel your limit approaching quickly; the amount of stimulation is quite a bit more than you had bargained for.",
												"The imp above you continues grinding her pussy into your face relentlessly as your head feels a bit light, whether from her aphrodasaic juices or the difficulty in breathing is unclear but you can feel the gradual loss of control.",
												"PlayerOrgasm",
												"1",
												"As a pair of lips wrap around the head you lose control completely, launching jets of cum inside the imp's mouth to her shocked gasp, feeling her wet lips pull away from your cock from surprise and the sheer force of the ejaculation.",
												"Above you, the imp riding your face screams as she orgasms, her body twitching as her juices drench your face entirely; as she spasms uncontrollably her legs give out and she slides off your face, leaving an uninterrupted view of the imps working your cock.",
												"Or at least the thick string of cum connecting your throbbing dick to the imp who got blown back by the first ejaculation, a delectable view interrupted a few moments later as the other two descend on your dick relentlessly.",
												"Still wrapped in a mind melting orgasm you can do nothing but cum helplessly for both of them, sending thick ropes across their faces as each fights the other to catch more of it in her mouth, each moaning sluttily as they give you a show.",
												"As the two especially messy imps start kissing each other, trading thick loads of your cum with loud slurping noises, two more climb onto opposite sides of your crotch, grinning mischievously as they begin hot dogging your still overly hard shaft between their pussy lips, drenching you in their juices...",
												"Another pulls your head into her lap, and a fourth comes out of nowhere to force her chest into your face; while her breasts are not especially large, they are nice and soft and shapely, one fitting quite nicely in your suddenly free left hand, and pleasure-drunk you take little convincing to start suckling on the other as she moans in ecstacy.",
												"A mess of juices drench your right hand as the imp orgasms to your fingers, freeing them; before another can jump on you slap one of the imps hot dogging you on the ass, eliciting a dark giggle and a squirt of juices that in turn drive you over the edge again.",
												"PlayerOrgasm",
												"1",
												"You can barely see the two imps on your crotch past your captor's breasts as thick jets of cum splatter across their stomachs and chests, one leaving a messy trail upward before sending an even stronger cumshot directly into her waiting mouth, and then both are gone as the one who got less cum tackles the other to the ground and starts licking her clean while fingering her.",
												"You grunt helplessly as another imp impales herself on your cock, taking you all the way to the hilt with a loud moan as the head slams into her cervix, driving her to almost instant orgasm and sending trills of pleasure through your deteriorating mind as you lick and suck on the nice little breasts hanging over your face.",
												"It doesn't take long to start tasting something unfamiliar; you can't quite place it but you might describe it as something like honey with the kick of alcohol, a bit of a tangy, almost smoky taste and thick texture finding its way into your mouth as the imp impaled on you begins slamming her hips down with a vengeance.",
												"The imp cradling you in her lap leans down, whispering distractingly in your ear...",
												"Speaks2",
												"You know... they say that breasts running are one of the signs that an imp is close to evolving into an Arch Imp~ Maybe if you feed us all enough, we'll all be able to make you feel even better♥",
												"Her voice corkscrews through your mind confusingly, honeyed words all topsy-turvy in your sex addled brain as that begins to sound like an excellent idea that couldn't possibly go wrong.",
												"PlayerOrgasm",
												"1",
												"As you swallow another trickle of breast milk, something snaps and the grinding pressure in your hips takes you over the edge, splattering the imp's pussy - and you think womb - in thick cum as you lose yourself inside her divine pussy.",
												"The small part of your brain that still works helpfully supplies that it's REALLY ironic to call a demon of any kind divine, but as she slips off your cock with an almost slurping POP of her incredibly tight vagina finally releasing its hold on your battered cock, another mouth closes over it instantly.",
												"PlayerOrgasm",
												"1",
												"As she sucks up the remainder of that ejaculation, the dethroned imp complaining weakly, you feel a sudden intense sensation in your balls as a questing imp starts to lick and slurp at them loudly, out of your limited field of vision but announcing her actions with slutty moans and exaggerated slurps as you helplessly cum again and again into the second imp's mouth as she deep throats you.",
												"The imp breast feeding you pulls away, a thick trail of viscuous liquid trailing from her pert breasts to your lips as the one lap pillowing you pulls out from under your head, then places her absolutely DRENCHED pussy on your face, dripping with an incipient orgasm that erupts almost as soon as you dutifully begin lapping at her lower lips.",
												"But unlike the others she seems more than willing to go again immediately, grinding down as the one that had been breast feeding you positions herself to slowly slide down on your cock, her hungry lips engulfing first the head in her tight walls, then slowly grinding down the rest of your cock.",
												"While your vision is mostly engulfed by the body of the imp riding your face, as they turn to face each other you can hear what might be slightly exaggerated smacking as the two imps make out loudly, slurping each other's saliva in thin streams that drip to your naked chest, along with a bit of leftover breast milk.",
												"Each keeps her hips moving, the one on your dick gyrating and squeezing in inconsistent ways that make it hard to think and the one on your face giving you just enough time to gasp for air before slamming her sodden snatch back down onto your face, relentlessly milking you for all you're worth.",
												"Already nearly at your limit, still surrounded by delirious moans and sexy groans and soft bodies, you take advantage of your momentary freedom to grab the hips of the imp riding your cock, relishing her surprised squeak before pulling her as deep onto you as you can; a last ditch effort to take revenge before your mind goes out completely.",
												"PlayerOrgasm",
												"1",
												"She screams - LOUDLY - as your cock slams into her cervix and beyond, penetrating her ever deeper even as you unload everything you had left into her thirsty womb, rope after rope of cum slamming into her spasming body as her own screaming orgasm mixes with your exorbitant ejaculation to fill her until there's no room left and you can feel your seed trying to push back out.",
												"Another rush of juices drenches your mouth as the imp atop your face orgasms, moaning almost a sloudly as she helplessly slides off your face, her cheek grazing your cock as she collapses onto you, though you barely manage to roll her off before she can get her lips around your dick one last time.",
												"JumpToScene",
												"TheCheck"

                                    ]
                            },
							{
                                  "NameOfScene": "TheCheck",
                                  "theScene":[
												"IfPlayerSpiritGone",
												"Fuckception",
												"JumpToScene",
												"Heal?"

                                    ]
                            },
							{
                                  "NameOfScene": "Heal?",
                                  "theScene":[
												"DisplayCharacters",
												"1",
												"EndLoop",
												"ChangeImageFor", "1", "Submissive",
												"Gasping for breath, and still almost debilitatingly aroused, it takes close to a minute to pull yourself to a sitting position, surveying the damage.",
												"The room is littered with imps, some already fading away, while others are dripping cum from mouths or savaged vaginas, giggling or groaning in the wake of... it's hard to call it a sexual rampage, more just that you barely survived the lot of them. Barely.",
												"A groan nearby garners your attention as one of the imps slumped against a chair smiles weakly at you, apparently too fucked up, literally, to jump you.",
												"Speaks",
												"Heh... urgh, I'm gonna feel that in the morning. But... a deal's a deal. You won, so you can go free.",
												"Oh yes, fucked senseless, still kinda horny from the gratuitous amounts of aphrodasaic pussy juice you've drunk, and easy prey for anything that looks at you funny, you DEFINITELY came out ahead on that one. Good going champ.",
												"Speaks2",
												"Cab'net?",
												"Another imp says something almost unintelligible, her words slurred by her exhaustion, but also the bubbling stream of cum dripping out of her mouth.",
												"The first one perks up, apparently realizing a little belatedly the state you're in.",
												"Speaks",
												"Oh! Right! We got a little pick-me-up from the elves the other day. It was supposed to be used on an adventurer to keep them going until we were done, but...",
												"She flashes you what LOOKS like a sincere smile, but you never know with these little succubi. Figuratively speaking anyways.",
												"Speaks",
												"Well, I'd say you earned it. Second cabinet from the left, bottom shelf. Help yourelf big guy. You earned it.",
												"Even just standing up is a herculean effort that takes the aid of two chairs and a bed, but you eventually make your way over to the kitchen-ish area, and find an unlabeled bottle of... something... exactly where she put it.",
												"...Eh, bottoms up.",
												"Still riding the high of your victory, you pop the lid and chug what is certainly a completely innocent draught, it's not like it was made by elves or anything.",
												"Surprisingly, it DOESN'T kill or paralyze you immediately; in fact, no sooner as the fluid gone down our throat, leaving a cloyingly sweet aftertaste, than you start to feel...",
												"ChangeSpiritQuietly",
												"1",
												"ChangeEnergyQuietly",
												"10",
												"...Better?",
												"You stand there, almost dumbfounded at the idea of an elven tincture that doesn't have some bullshit side effect, as strength flows back into your body.",
												"ChangeSpiritQuietly",
												"1",
												"ChangeEnergyQuietly",
												"20",
												"Wait, didn't she say something about-",
												"ChangeEnergyQuietly",
												"10",
												"ChangeArousalQuietly",
												"100",
												"You realize that it's not just hot in here - your cock is rapidly regaining full mast, almost painfully hard, as your body heats up to an uncomfortable level.",
												"A giggle from the imp garners your attention, and she raises her hands defensively as you stagger towards her, battered mind clouding over.",
												"ChangeSpiritQuietly",
												"1",
												"ChangeEnergyQuietly",
												"10",
												"ChangeArousalQuietly",
												"30",
												"Speaks",
												"Hey, hey, I did say it was to keep guys going, obviously it's gonna make you horny too, but that shouldn't be too hard to take care of... right, big guy?",
												"She grins up at you tiredly, pushing her small chest forward in an obvious attempt to seduce you. Well... probably should have seen that one coming. But the drink definitely did have a positive effect - you CAN feel your strength returning quickly. So she didn't lie to you, just uh, left out the side effects.",
												"Menu",
													"Punish her.",
													"Ignore her.",
												"EndLoop"

                                    ]
                            },
							{
                                  "NameOfScene": "Punish her.",
                                  "theScene":[
												"Feeling as strong as an ox and twice as horny, you lift the slender girl bodily, her expression rapidly switching from pleading to exultant glee to slight concern as she sees your expression and realizes that there maaay be consequences for her act.",
												"ChangeImageFor", "3", "Panic",
												"Speaks",
												"H-hey, uh, m-maybe we could talk about this-",
												"You flip her over and drop her to the table, her butt sticking in the air helplessly as the exhausted imp is in no state to fight back; she struggles weakly against your grip but her pussy is already dripping and you can't wait any longer.",
												"ChangeArousalQuietly",
												"100",
												"ChangeImageFor", "3", "Submissive",
												"Slamming your cock into her pussy from behind, you are rewarded by tremendous pleasure across your shaft as her tight body seems to wrap around you, as well as the imp's gasping scream as she orgasms violently on the spot at being violated, her fingers scrabbling for purchase helpless on the smooth table.",
												"It feels good - too good - to be in power for once, slamming your hips into her soft butt from behind as the oversexed imp moans sluttily at your assault; her tight pussy feels heavenly on your cock as it naturally begins to try to milk you.",
												"PlayerOrgasm",
												"1",
												"Too horny to function you cum inside her with tremendous force, feeling the rush of sticky semen drown her pussy as the imp spasms in your hands; even as the elven tincture continues to work its magic, the imp's pussy does the same, and instead of pulling out you find yourself slamming into her again.",
												"ChangeSpiritQuietly",
												"1",
												"ChangeArousalQuietly",
												"100",
												"Grunting in frustration and arousal alike, you slam her against the table as the battered imp moans sluttily, crashing your hips against her surprisingly soft ass over and over, her noises growing more and more incoherent as you - why did you start fucking her again? It's hard to remember.",
												"PlayerOrgasm",
												"1",
												"Another ejaculation nearly takes your legs out from under you, a savage stream of semen that draws even more gasps and moans from her, the imp's body shaking like a leaf in your grasp as you nearly fall onto her, your body large against hers, still thrusting, mindlessly filling her with your seed...",
												"ChangeSpiritQuietly",
												"2",
												"ChangeArousal",
												"200",
												"You find your hands curling under her body, fondling her pert breasts as the imp lets out sweet noises of mindless pleasure. Soft and pliable, her entire body there solely to please you in the moment, still helplessly trying to milk you even as your semen floods her pussy.",
												"PlayerOrgasm",
												"1",
												"Helplessly you cum again, completely uncertain when this started but determined to - do what? Make her yours? Breed her? You can't remember, and that irritates your addled mind even more; it's all her fault, isn't it? Or is it? You were going to fuck her, and you are...",
												"PlayerOrgasm",
												"1",
												"Each thrust sends the table rattling from the force as her sweet moans have dissipated into incoherent sounds of raw arousal, the imp as sex-addled as you as you drive her against the table with each savage thrust, feeling her soft body against yours, .",
												"ChangeSpiritQuietly",
												"3",
												"ChangeArousalQuietly",
												"300",
												"She weakly tries to buck against you, but as you hilt your cock inside her, past the cervix as you ravage her womb directly, you can feel something gigantic rising inside you as the almost limp imp makes one last shuddering movement... which only stimulates your cock further and brings everything to a head immediately.",
												"PlayerOrgasm",
												"2",
												"With a roar you cum like a volcanic eruption, the sensation almost painful from how much semen is trying to force its way out of your balls and dick all at once, but the imp's orgasmic screams only make you cum even harder as you flood her womb with massive torrents of thick semen, marking her over and over with an ejaculation that only seems to increase.",
												"You lose track of how long it takes or what it even feels like; it's as if your entire life was leading up to this as she makes vaguely sweet noises beneath you, and you can feel her belly swell slightly from the sheer volume of it all.",
												"ChangeSpiritQuietly",
												"3",
												"ChangeArousalQuietly",
												"300",
												"Staggering backwards, you pull out by accident, sending a massive river of cum dripping out of the utterly defeated imp's pussy as her belly presses against the table, forcing the semen out of her whether she likes it or not.",
												"ChangeSpiritQuietly",
												"30",
												"PlayerOrgasm",
												"1",
												"As your ejaculation trails off, coating her thighs and legs with a bit of the spray even ending up in the hungry mouth of a nearby imp, you can feel your senses returning... mostly... and survey your handiwork.",
												"...You realize you should probably leave before anyone else offers you more strange drinks, and for better or for worse the elven drugs seem to have done their damage; you're still a little tired after all that but surprisingly feeling pretty limber and ironically enough, not all that aroused anymore.",
												"ChangeArousalQuietly",
												"50",
												"...Well, not until you see the absolutely ravaged imp's naked body, cum still draining into an ever widening pool on the floor beneath her twitching booty, and have a slight urge to go right the fuck back in.",
												"But you probably shouldn't push your luck. If they drain you again, there will be no more magic juice to fix you up.",
												"Feeling pretty god damn satisfied of yourself - albeit maybe a little ashamed - you head on out, leaving the imps where they lie.",
												"ChangeImageFor", "1", "Base"
                                    ]
                            },
							{
                                  "NameOfScene": "Ignore her.",
                                  "theScene":[
												"Even if her intent was... sort of... good, she did still trick you, and you're not inclined to reward that with what she wants. You ignore her crestfallen expression and step over a fallen imp as you move deeper into the dungeon, feeling almost better than you walked in, just uh... still horny as hell.",
												"SetSpirit",
												"100",
												"ChangeEnergyQuietly",
												"100",
												"ChangeArousalQuietly",
												"300"
                                    ]
                            },
							{
                                  "NameOfScene": "Fuckception",
                                  "theScene":[
												"Delirious with lust and unable to think straight, you struggle to sit up for some time but fail, only roused into action again when you feel a pair of lips wrap around your cock as an imp's eyes stare up at you lewdly. Her deft movements are far too much for your vastly overstimulated cock and you cum one last time, feeling your body flag completely as you fill her mouth to overflowing.",
												"The imp drinks it all down happily, licking and sucking relentlessly as she draws out the orgasm until you feel like you can't even remember what thinking is like; completely at her mercy as nothing more than a worthless cum faucet.",
												"But eventually she stops, taking some time to swallow the massive load still in her mouth before grinning up at you impishly.",
												"Speaks3",
												"Not bad... hero♥ But you know, I got to thinking... if I can still move, that means we won, right? And it would be rude of me not to... share♥",
												"Speaks3",
												"In fact, I have some friends nearby, maybe we should pay them a visit♥",
												"She snaps her fingers and space warps around the two of you, relinquishing her grip on your dick as she flops over...",
												"JumpToLossEvent",
												"ImpGangbang"

                                    ]
                            },
							{
                                  "NameOfScene": "EnduranceSexImpsJump",
                                  "theScene":[
												"JumpToEventThenScene",
												"EnduranceSexImps",
												"Return"
                                    ]
                            },
							{
                                  "NameOfScene": "FootjobImpJump",
                                  "theScene":[
												"JumpToEventThenScene",
												"FootjobImp",
												"Return"
                                    ]
                            },
							{
                                  "NameOfScene": "OrgyRandomJump",
                                  "theScene":[
												"JumpToRandomScene",
													"OrgyIntro",
													"ImpHaremJump",
												"EndLoop"
                                    ]
                            },
							{
                                  "NameOfScene": "ImpHaremJump",
                                  "theScene":[
												"JumpToEventThenScene",
												"ImpHarem",
												"Return"
                                    ]
                            },
							{
                                  "NameOfScene": "Fight the imp!",
                                  "theScene":[
												"CombatEncounter",
												"Imp",
												"StartCombat"

                                    ]
                            },
							{
                                  "NameOfScene": "Fight both imps!",
                                  "theScene":[
												"CombatEncounter",
												"Imp",
												"Imp",
												"StartCombat"
                                    ]
                            },
							{
                                  "NameOfScene": "Fight all the imps!",
                                  "theScene":[
												"CombatEncounter",
												"Imp",
												"Imp",
												"Imp",
												"StartCombat",
												"There's still more!",
												"CombatEncounter",
												"Imp",
												"Imp",
												"Imp",
												"StartCombat",
												"You manage to break through the horde over a trail of orgasming imps and get the fuck out of Dodge!"
                                    ]
                            }
                ]
}
