{
    "name": "Energy Bolt",
    "cost": "1",
    "costType": "ep",
    "requiredLevel": "0",
    "learningCost": "500",
    "skillType": "attack",
    "statType": "Willpower",
    "requiredStat": "7",
    "skillTags": ["Pain", "Magic"],
    "fetishTags": [""],
    "startsStance": "",
    "requiresStance": "Any",
    "unusableIfStance": ["Sex", "Making Out", "Blowjob", "Anal"],
    "requiresTargetStance": ["Any"],
    "unusableIfTarget": [""],
    "removesStance": "None",
    "requiresStatusEffect": "None",
    "requiresStatusPotency": "0",
    "unusableIfStatusEffect": ["None"],
    "power": "30",
    "minRange": "90",
    "maxRange": "110",
    "recoil": "0",
    "targetType": "single",
    "statusEffect": "Stun",
    "statusChance": "30",
    "statusDuration": "2",
    "statusPotency": "0",
    "statusResistedBy": "Willpower",
    "statusText": "",
    "descrip": "Launches a bolt of pure energy",
    "outcome": "{AttackerName} launches a bolt of raging energy at {TargetName}'s body! The magic of the island dulls its power, but the sheer energy flowing through your body still causes arousal...",
    "miss": "{AttackerName} launches a deadly bolt of energy at {TargetName}'s body but {TargetName} manages to avoid it.",
    "statusOutcome": "The magic leaves {TargetName} senselessly incoherent! They are stunned!",
    "statusMiss": "",
    "restraintStruggle": "",
    "restraintStruggleCharmed": "",
    "restraintEscaped": "",
    "restraintEscapedFail": ""
}
