{
    "name": "Mysterious Inn",
    "CardType": "Event",
    "Addition": "Yes",
    "CardLimit": "1",
    "Description": "A lone inn stands in the forest, awaiting visitors.",
    "requires": [""],
    "Speakers": [],
    "EventText": [
							{
                                        "NameOfScene": "NightChoice",
                                        "theScene":["IfChoice", "6", "Time for some succubus salami!", "NightChoice3",
													"IfChoice", "5", "Serve her up a fillet of fuck!", "NightChoice2",
													"Menu",
                                                    "Night time spar.",
                                                    "Let her do what she wants.",
													"Serve her up a fillet of fuck!",
                                                    "EndLoop"
                                          ]
                            },
							{
                                        "NameOfScene": "NightChoice2",
                                        "theScene":["Menu",
                                                    "Night time spar.",
                                                    "Let her do what she wants.",
													"Time for some succubus salami!",
                                                    "EndLoop"
                                          ]
                            },
							{
                                        "NameOfScene": "NightChoice3",
                                        "theScene":[ "Menu",
                                                      "Night time spar.",
                                                      "Let her do what she wants.",
													  "Relive memories",
                                                      "EndLoop"
                                          ]
                            },
							{
                                        "NameOfScene": "Relive memories",
                                        "theScene":[ "Menu",
													 "Serve her up a fillet of fuck!",
													 "Time for some succubus salami!",
                                                     "EndLoop"
                                          ]
                            },
							{
                                  "NameOfScene": "Serve her up a fillet of fuck!",
                                  "theScene":[ "DisplayCharacters",
                                              "2",
											  "EndLoop",
                        "SetChoice", "5", "Serve her up a fillet of fuck!",
											  "It takes a moment to collect your thoughts, the sensations reverberating through your cock still threatening to overwhelm your senses.",
                                              "But you already know what you want, whether or not you wanted to admit it.",
											  "You put a hand to her head gently and she looks up in confusion, lips still wrapped around your throbbing cock.",
											  "PlayerSpeaks",
											  "Hey, uh, why stop with dessert if you can have a full course meal?",
											  "Dammit that was terrible, you need to stop making midnight puns.",
											  "AND now you're hungry!",
                                              "The smol succubus pulls away without even the teasing lick you had expected, looking genuinely befuddled as she sits up before you.",
                                              "Speaks2",
											  "Y-you want to... do it with me?",
											  "It's pretty clear that she did NOT have a contingency in plan for this happening.",
											  "It's actually pretty cute to see her looking so lost, as if you needed anything else to set your decision in stone.",
											  "Speaks2",
											  "You, um, you do realize I'm a - a succubus, right? I'm - er, happy to just - you know - get a drink?",
											  "The flush spreading across her face and her newfound inability to meet your eyes belies her words, speaking volumes about exactly how experienced she is as a succubus.",
											  "It's kinda, no, REALLY cute that she's so completely out of her depth - she was clearly only prepared for a hit and run.",
											  "Well, blowjob and run, anyways.",
											  "Actually, that explains a lot about the drugs and rope too, now that you think about it. She didn't really seem like the bondage type.",
											  "PlayerSpeaks",
											  "I'm just saying, you wanted a hot meal, and well, your other mouth-",
											  "Speaks2",
											  "PLEASE DON'T CALL IT THAT I was - trying to come up with good dirty talk and - oh my Goddess. Er, Demon Queen? It sounded good at the time.",
											  "This is clearly not going anywhere, so you lean into the distracted succubus and envelope her in a bear hug.",
											  "It would probably be very romantic if your rock-hard cock wasn't definitely poking her leg.",
											  "She manages a confused gurgle as her brain shuts down and reboots, tentatively returning the gesture with her slender arms as some function returns to her.",
                                              "It occurs to you that you may have just seduced a succubus. What could possibly go wrong?",
                                              "When you pull away, you can see something slightly different in her eyes, glowing yellow in the dark as she stares at you wordlessly.",
											  "Rather than speak she hesitates for only a moment before locking her arms around you more firmly this time, pushing her body against yours.",
											  "Her lips close over yours as her tongue invades your mouth, a second wind of assertiveness making itself known.",
											  "Her body is hot against yours, though you can't tell if it's just your imagination or not.",
											  "Her juices are dripping onto you, spreading molten fire wherever they touch, as she straddles your shaft, on top of it rather than inserted.",
											  "You can feel one of her hands reaching down onto your dick, but all sense of reality starts sliding away from you as more and more of her saliva invades your mouth.",
											  "Somewhere along the way you realize it's a much messier kiss than you're used to, but your capacity for coherent thought is rapidly being consumed by your lust.",
											  "There's something mischievous in her eyes that gives you a moment's warning before her, heh, 'other mouth' touches your engorged genitalia.",
											  "Sensation is immediate and almost overwhelming - what's left of your mind can't think of a better comparison than sticking your dick in a volcano.",
											  "Not that you can think about much of anything at all as unreal pleasure completely overwhelms your entire body, coursing through your veins like lava.",
											  "Every inch she lowers herself onto your shaft feels like a thousand years, feeling and emotion swimming through your consciousness, meeting and melding into complex sensations you can't even describe.",
											  "It's possible that you might have blacked out somewhere along the way, because the next thing you realize is how close she is to utterly taking you in.",
											  "Trisha looks a bit worried, almost apologetic, having broken the deep kiss as she gazes at you with something that looks suspiciously like tenderness.",
											  "Speaks2",
											  "...Sorry. This is why I use the numbing drugs. I didn't want to, um, break you. We can - we can stop if you-",
											  "If you were anywhere near your right mind it's likely that you would have had some momentary realization about being in over your head.",
											  "Instead, you pull her head into yours with your right hand as the left none too gently pulls her as far onto you as possible.",
											  "It's impossible to express the sensation of every square millimeter of her vagina caressing you in different ways, so you don't even try.",
											  "You vaguely realize that something about her juices seems to be multiplying the sensation on your dick, but you don't have a problem with that anymore.",
											  "You can feel your balls already swelling up, and the small part of you that remembers what logic is kinda-sorta knows that it's probably some succubus magic bullshit.",
											  "But what you KNOW is that you want to pump every fucking drop of it inside her, as deep and as hard and as relentlessly as you can.",
											  "She moans into your mouth, something soft, sensual, small and unreasonably sexy in your hands, adjusting her hips.",
											  "You match her motions as best you can, even your desire to fuck her fraying underneath the tidal wave of consuming pleasure every time she moves a muscle.",
											  "But not even the Goddess could stop you now, and as your hand falls from her head to her neck to her back, you thrust.",
											  "She sinks into you, taking advantage of your momentary paralysis by pleasure to rise up, inch after inch of your cock still coated in her juices.",
											  "Sudden terror grips you at the thought she might be trying to pull away entirely and you pull her back down onto you, her strength fading away as the sudden motion.",
											  "As your kiss finally breaks, you catch sight of her expression, warped by pleasure and affection as she arches backwards, moaning loudly into the night air.",
											  "The wave hits you even harder as you smash into her deepest recesses, her pussy caressing you with unholy fervor.",
											  "You don't know if it took seconds or hours before you realize her body is trying to milk you, slowly understanding the pattern of her movements, the waves going ever upward.",
											  "You're not really sure if you care how long it was, either.",
											  "In that moment her body is your world, soft and tight and supple, her arms holding onto you for dear life as she slams down and pulls herself up.",
											  "Your fingers are firmly depressed in her pliable ass, holding onto her desperately in turn, your physical strength fleeing you completely but your will solidified to diamond.",
											  "The wet sounds of body against body echo throughout the room as you lean down, nibbling on her neck.",
											  "Her moan is more of a squeak, crescendoing in breathless anticipation as she slams down on you harder than before, fucking her brains out on your cock.",
											  "Well, fucking your brains out, too. It's not like you can do much more than revel in the myriad assaults on your senses.",
											  "Her scent, a musky - she almost smells a little like charcoal, or brimstone, or something burning. How did you not notice that before?",
											  "Her flesh is so soft and smooth, so very warm to the touch that you never want to let go.",
											  "The lewd sounds of her body slapping against yours, her pussy almost seeming to audibly slurp every drop of precum up, thirsting for you almost as much as you desire her.",
											  "Her eyes lock onto yours, any sense of hesitation and worry replaced by the undulating tsunami of lust consuming her.",
											  "A little belatedly, it occurs to you that she does have a tendency to get carried away, and she IS a succubus... maybe you didn't think your cunning plan all the way through.",
											  "Those thoughts and any others drown in nothingness as her lips find yours again, a sloppy, overwhelming wet kiss that intensifies your sensation ever further as her saliva fills you.",
											  "Far past the point of caution you drink it with glee, relishing the liquid fire pouring down your throat, rushing through your every nerve.",
											  "Her body feels better by the moment, tighter even, a feat in herself given how impossibly tight she had been from the start.",
											  "It almost feels as though it is molding itself to your dick, matching and meeting every bump and crevasse, finding each and every weak spot on your penis.",
											  "But you still can't push all the way in, her butt tantalizingly close to your balls but never quite close enough to touch, as if she is holding you at arm's, er, dick's length.",
											  "You know it's selfish, but you want to go further. Deeper. Make every inch of her body yours, forever impaled on your cock.",
											  "At the same time, watching her tense and tremble in your arms, you find yourself desperate to make her feel ever more.",
											  "Succubus or no, she's already fucked herself silly, her movements sloppier than you remember the last time you had sex with her, though no less enthusiastic.",
											  "But you don't have magic voodoo juices and aphrodisiac saliva, and there's no way you can think of to show her the same pleasure she's breaking you down with.",
											  "The solution cums to you in the approximate form and force of an erupting volcano as her she slams down on you.",
											  "But this time, rather than stopping short, there is a moment of light resistance and then the head of your cock penetrates through, and for a tiny moment you wonder if succubi actually do have wombs and how the physiology of this works.",
											  "And in that moment, you have a moment of almost zen-like ascension, realizing how little you actually understood about ejaculation before this.",
											  "Because NOTHING in your life even begins to compare to the force and volume of semen that your desperate body unloads inside her.",
											  "A constant torrent of molten lust that feels like it could be measured in gallons rather than teaspoons, pouring inside her as you fiercely thrust in as far as you can.",
											  "Trisha screams in orgasmic pleasure as her legs lock around you, pulling you deeper inside her than you had thought possible, your balls slapping against her lower lips helplessly.",
											  "You had thought that your ejaculation was something, but as the orgasm rips through her body and tightens her walls around you and that damned milking intensifies, you learn a little something new.",
											  "It genuinely feels like she's dripping literal lava on you, a heat so intense it's actually painful rather than just hotter than the flames of hell.",
											  "There are other sensations along the the heat, the approximately two brain cells you have left rubbing together in a moment of clarity.",
											  "In fact, you're not sure if it's heat at all - perhaps your penis is simply not equipped to actually handle that many sensations of that intensity.",
											  "And then the moment is gone and you're nothing more than a cock with a useless body attached, not quite sure if you're actually cumming your soul out or if it just feels that way.",
											  "Out of the corner of your eye, you can see the recall stone shining in the dark - for a tiny instant in time, brief and almost calming.",
											  "Then the insensate succubus's left hand pulls your head onto hers, the fingernails of her right still digging into your back as her tail wraps around you to pull you even further into her.",
											  "The stone and the world shrink until nothing exists aside from her body, her touch, her smell, her sense, her everything. YOUR everything.",
											  "And the brightly glowing golden eyes that seem to swallow you whole.",
											  "...",
											  "You're vaguely aware that there's something comfortable against your back and after a few moments of dedicated thought the word comes to mind - soft.",
											  "That's a sensation you remember. You think. You don't really know why. But as bits of your brain start to float back together, it eventually occurs to you that it feels sort of like a bed.",
											  "It takes frustratingly long to understand why you're lying in bed - sleeping, you guess, though you're not sure why for some reason there's a scratch or something on your back that hurts a fair bit.",
											  "Another sense of soft rises, further down your body, and as your eyes start working again you realize there are two yellow lights above you. The sun?",
											  "It takes another frustratingly long moment before you realize they're human - or rather, not human at all, and suddenly understanding blossoms as you realize your position.",
											  "The succubus is still quite happily impaled on your cock, further than you had thought possible, and even if you had the strength to move at all you're acutely aware that you would have zero chance of pulling out.",
											  "Her eyes glimmer in the dim moonlight with an emotion you don't quite recognize, one that looks oddly like something approaching love.",
											  "Oh yeah, and lust.",
											  "For the first time tonight you feel a pang of actual fear as you realize just HOW intense it is - more than you've ever seen from her, or maybe anyone at all.",
											  "She got carried away before, sure, but it strikes you that this is the kind of look of someone who's looking for a fifteen course dinner.",
											  "Speaks2",
											  "'Not bad',",
											  "She breathes heavily, her still-not-very-impressive chest heaving with exertion, and it strikes you that you might have passed out mid coitus.",
											  "Speaks2",
											  "All this... energy... inside me... I'm glad I could share it with you.",
											  "She's breathing, hard, each few words punctuated by the need to breathe, but there's a tenderness in her words you've never heard before.",
											  "Also a bit of worry at why she had to share that 'energy' with you and what would have happened if she didn't. You don't exactly know the succubus for her self-control, after all.",
											  "Speaks2",
											  "So... ready for round two?",
											  "Some people die by drowning. Some die alone. For some reason, a madcap mood striking you, dying by overly-affectionate succubus doesn't sound that bad comparatively.",
											  "She leans down, her body sensually lining up with your prone body, her soft breasts pressing into your chest, her hair falling like a curtain around your faces.",
											  "The slight bulge in her belly against your stomach suggesting that the sensation of cumming as much as you thought might not have been an illusion after all.",
											  "And above all, the unrelenting warmth and heat of her body. The sticky sweat covering you both. And the sound of her heart beating so close to yours. ",
											  "You don't know if she's feeding you energy or you're just still that fucking horny, but a small surge of strength finds your body once more. If you were going to escape, this would be the time.",
											  "Your arms wrap around her instead, one pulling her body against yours as the other pulls her lips to yours, and everything after that is an endless cycle of debauchery.",
											  "...",
											  "JumpToScene",
                                              "MorningAfter"

                                    ]
                              },
							  {
                                  "NameOfScene": "MorningAfter",
                                  "theScene":[ "RefreshPlayer",
                        "ChangeBG", "forest.png",
											  "You awaken to the warm glare of sunlight beating through the window, framing the slender body lying atop yours, wrapped deep in slumber.",
											  "Every inch of your body is sore to the point that it takes real effort to even think about moving, and you end up lying there cradling her for probably half an hour before you feel like moving at all.",
											  "You make the mistake of looking down and your head lolls back in momentary frustration as you realize your body is covered with scratches, furrows, and more than a few bite marks.",
											  "Oddly enough, you're not exactly disappointed, though. And remembering how you got them brings a flush to your face.",
											  "Interestingly enough, they seem to be slowly healing on their own. Seems as though Trisha managed to pull something fancy off with all that excess 'energy'.",
											  "It takes another while to summon the strength to barely dislodge you from her body, even unconscious her body still tightly grasping your rigid cock, but you eventually manage to get her comfortable beside you.",
											  "Doesn't seem like she's waking up anytime soon, and you've a world to save, so you dress in silent shame, fix yourself a quick breakfast - careful NOT to use her special spices - and leave."
                                    ]
                              },
							  {
                                  "NameOfScene": "Time for some succubus salami!",
                                  "theScene":[
											"DisplayCharacters",
                                            "2",
                                            "EndLoop",
                                            "SetChoice", "6", "Time for some succubus salami!",
                                            "As you continue waking up you realize that the blowjob you were expecting (feeling?) seems to have been replaced with the decidedly less sexy sensation of a hand on your dick, Trisha's outline sitting beside you, butt-ass naked.",
											"Not really that unusual by this point, honestly, and you ARE the brainiac who keeps walking into a succubus's den so you don't really have much of a leg to stand on.",
											"Speaks2",
											"Oh, er, morning! Night? You know I thought that a fake night would be great for business but I mostly just don't know what time it is.",
											"She's babbling a bit, her voice a little higher pitched than usual, but otherwise doing a decent job of hiding her nervousness. Not.",
											"The handjob continues, but it's not nearly as mindblowing as you would have expected from her - she's certainly not giving it her all.",
											"Speaks2",
											"Sorry, didn't seem quite right to start off the, uh, usual way.",
											"PlayerSpeaks",
											"Not in the mood for some hot salami, eh?",
											"An inarticulate snort escapes her after a moment, followed by a peal of giggles. NAILED IT!",
											"Speaks2",
											"Pffft. Hehe. Hahahaha! Oh goddess, sexy food puns are never not funny.",
											"She pulls you up with her free hand, finally relinquishing her hold on your thoroughly prepared dick.",
											"Holding back the urge to make another terrible pun, you are interrupted by the succubus dropping to the bed instead, lying on her back as she looks up at you.",
											"Speaks2",
											"On the contrary though, I'm ready for a heaping helping of salami!",
											"You both stare at each other for a moment in silent memoriam of the least sexy proposition either of you've ever heard.",
											"She groans and pulls a hand up to her forehead, looking none too pleased with the death of the moment.",
											"Speaks2",
											"Look, can you do me a favor and just fuck me until I don't remember saying that?",
											"You consider that would probably be doing both of you a favor.",
											"Staring down at the prone succubus, you're struck by how almost - {i}vulnerable{/i} she looks, her slender body outlined against the alabaster sheets even in the dim light.",
											"Trisha is biting her lip, reaching up for you but not trying to pull you down to her.",
											"For whatever reason, she seems to be taking this consent thing seriously, which is kind of ironic given how you met, and pretty much every meeting since then, and the whole succubus thing.",
											"Then again, it's a nice change of pace from being tied down and drugged, so maybe you shouldn't complain too much.",
											"Honestly, it's not really much of a choice - or if it was, you already made that decision long ago.",
											"Rather than continuing to tease her you grin and lean over her, planting your hands on either side of her as you position your body.",
											"There's a certain irony about being propositioned for missionary with a demon, but you decide not to push your luck by mentioning it right now.",
											"That said, you remember with {i}vivid{/i} clarity exactly how intense the experience is, so you take your time lining up your bodies and mentally prepare yourself beforehand.",
											"Trisha gasps as you start sliding into her, though it's hard to hear as your ears pop from the sudden wave of sensation shooting through your body.",
											"If anything, she's about five times tighter than you remember and twice as wet, which makes for an interesting experience.",
											"It's actually a little hard to push inside her and she's not doing much to help, her head pushing back into the pillow as she moans.",
											"But it's lubricated as hell and she doesn't seem to be in pain, so you grit your teeth and try not to be a two-pump chump as you continue pushing inward.",
											"Again there's the odd sense that the internal shape is changing, much faster than last time, or maybe you're just conscious enough to recognize it now.",
											"By the time you're halfway in it's no longer a struggle to push in, only a struggle not to cum then and there as the intense heat and wetness massage every inch of your shaft relentlessly.",
											"She wasn't the only one who learned from the last experience, though, and this time you can do more than buck your hips like a retarded chimpanzee!",
											"You manage to push most of the way inside before your arms nearly give out, but you manage to mask it as leaning down to kiss her.",
											"Without her suspicious saliva drowning your senses, you're free to contend on equal terms as your tongues entwine, but as she moans into your mouth your resolve begins to wear away.",
											"You want to - NEED to fuck her. Now. A categorical imperative that brooks no defiance, that consumes your mind and body to the point you can't even comprehend disobeying.",
											"You move slowly, pulling partially out, and this time it's her turn to look up in you in worried concern.",
											"As you push back in, sinking your shaft as far inside her as you can manage, feeling the strength leaving your body once more, she squeaks helplessly as her arms wrap around you.",
											"This time she does pull you down against her, your chest squishing against her moderate breasts, maybe a bit larger than you remember them - you'll have to investigate later. In exquisite detail.",
											"For now, though, it's all you can do to retain what control you have left of your body, thrusting harder and harder as your ability to restrain yourself frays with each passing second.",
											"It seems that Trisha's body is writing checks her mind can't quite cash - the succubus's body is drawing you in relentlessly, already trying to milk you, but her heads is lolling back against the sheets.",
											"Her moans are picking up in volume as you break off the kiss, surveying her body, and inspiration strikes.",
											"It's more of a shriek than a moan that comes out when your tongue touches her nipple, the succubus's body writhing beneath you as you begin the two-pronged assault.",
											"Her pussy tightens around you hard enough that for a moment you're almost worried she's going to actually crush your dick, but as she goes limp a moment later it gets a little less ridiculous.",
											"Empowered by your success, you continue, teasing the nipple with your tongue as you begin to caress her other breast, and she melts in your hands.",
											"Trisha's hands slip off of your body as she writhes and squeals and moans under the relentless assault, holding onto the bed as if it was about to fall away.",
											"Her assorted noises only grow louder as you experimentally tease the nipple with a kiss, and then cautiously graze it with your teeth.",
											"It takes a surprising amount of concentration to ensure the spasms running through you don't lead to any, er, biting accidents, but you find that it works to your advantage.",
											"By focusing your attention on pleasing her, you can handle the bullshit succubus magic of her vagina without any blackout incidents and without worrying too much about cumming immediately.",
											"The sensations are still there, though, the relentless assault of unending and unbearable pleasure that flows over and through your mind like a river.",
											"Every thrust feels like drilling deeper into an endless hole of perfect pleasure, and each time you pull back it gets a little bit harder to find the will to do so.",
											"Trying to keep your attention focused, you switch your attentions to her other breast, kissing it, kissing it, nibbling on it, even suckling at it a little.",
											"There's about as much left of Trisha as the average puddle by this point and you can't help but take a little bit of perverse pleasure in doing to her what she did to you beforehand.",
											"Your arms give out entirely for a moment and you miss the nipple, head lolling down beside her right breast, and nibble a bit on the side.",
											"She actually lets out a little breathless scream for a moment and you pause in surprise, looking askance upward at the beleaguered succubus.",
											"Speaks2",
											"Uh... heh?",
											"PlayerSpeaks",
											"...",
											"She doesn't have much else to say for herself, and you flash her a mischievous grin as her own gaze freezes somewhere between terrified and aroused.",
											"Completely in control and possessed by a bit of a demonic spirit yourself - perhaps you missed your calling as an incubus - you resume the assault with relentless ravaciousness.",
											"Leaving a trail of kisses and bites along a meandering trail up her body, savoring the squeaks and moans with each as you gradually find your way up to her neck.",
											"Thrusting into her with barely enough control to keep from pistoning her, your movements gentle but determined.",
											"You're not sure how much longer you can hold on for, even with the distraction, but so far so good.",
											"As you nuzzle into her neck, nibbling at it gently, she gasps, and tightens again.",
											"You try to pull out partially to give yourself a moment of breathing space and free at least some of your dick from the sensation.",
											"Trisha apparently disagrees with the notion, and you have a split second of coherence, noting with odd neutrality the sensation of her arms wrapping around you and her legs locking around yours.",
											"Then she pulls you in, and as your penis brushes against every surface in her pussy on the way in, as it smashes through the barrier and she draws you directly into her womb, that moment of clarity comes to an end.",
											"Your world is light and fire as your entire body screams for release, cumming hard enough that most of your senses stop working, the only overriding absolute on your mind the need to fill her with your seed.",
											"Her body is the only thing you can feel, but for a brief instant you can feel something more, her warmth, not of body but of spirit, her affection, her fear, her lust, her love, her loneliness, and the screaming orgasm consuming her.",
											"For that instant it almost feels as if you ARE her, but it recedes a moment later, the connection broken, and you were at the tender mercy of an orgasming succubus milking you dry.",
											"It's sort of like trying to stay on a bucking horse, except sexier... sexier than that comparison anyways.",
											"Seconds turn to minutes, both of you cumming like you were trying to actually kill each other, before her body finally goes limp and what little strength you didn't even know you had fades entirely, collapsing on top of her.",
											"You try to lift your head and fail utterly, landing facefirst in the pillow, the only sounds of the room both of your desperate gasps for air. Apparently both of you forgot how to breathe.",
											"Out of the corner of your eye you can barely see the bedstand, where your recall stone lies safely, without even the dimmest glow to signal that it recognizes your predicament.",
											"...You seem to remember the Adventurer's Guild promising it would work all the time every time, but then again, you weren't exactly looking to be saved there.",
											"Speaks2",
											"H-holy... shit...",
											"Trisha manages to voice what you're both thinking in a breathy moan, apparently unable to word anything more articulate. You're not doing a whole lot better yourself, though. Glass houses and all that.",
											"That said, your dick is still hard enough to fuck a hole in a concrete wall, and you're not entirely sure that's just a figure of speech.",
											"Speaks2",
											"Just... just give me a... minute...",
											"The succubus's voice is dreamy, halfway there at best, and you realize that while her legs fell away when she ran out of strength, her arms are still wrapped tightly around you.",
											"Despite being balls deep in her, for a moment you almost understand what she's feeling - an odd sense of loneliness; you're close now but that moment when you both came was something else entirely.",
											"Driven as much by a confused urge to experience that again as your far from satiated lust, you find the strength to pick yourself up, looming over her with what you think is a cheeky grin.",
											"She manages a wan smile upwards in turn, her golden eyes burning fiercely in the night light, and in that moment it doesn't matter that neither of you can speak - you don't need to.",
											"You pull partly out of the sticky morass of her vagina, her walls struggling with futile effort to pull you back in, and then just when a flicker of uncertainty crosses her face you slam it back in as hard as you can.",
											"If you had any semblance of self control before, it is little more than a distant memory. You {i}need{/i} her body more than anything else you can comprehend.",
											"You drink in her incoherent noises as you pound her as though you were trying to break the battered succubus in half, basking in her squeaks as you renew your assault on her body.",
											"Another trail of kisses and nibbles and a bite that might have gone a little further than intended, though she doesn't seem to mind, screaming your name, clinging to you like a drowning woman.",
											"Staring at her heaving chest distracts you and you start in on her breasts again, not exactly inspired but it seemed to go well last time.",
											"Your saliva is still wet from the last time, or maybe it's sweat from when you fell on her?",
											"No, the taste is completely different, a mixture of sweet and creamy with an undercurrent of tastes you can't even begin to describe and you've never heard of before.",
											"It's the most delicious thing you've ever tasted, and confused but enthralled you experimentally return to her nipples, following instinct rather than thought.",
											"It isn't until some time after you've begun sucking like a baby that it is actually coming from her breasts, and not for the first time there's that annoying part of your brain that wonders how a race that doesn't get pregnant can lactate.",
											"...CAN succubi get pregnant? The adventurer's guild didn't really touch on that, now that you think about it, but it would be a pretty pointless adaptation for sex demons to get fat and helpless every time they took a dick.",
											"It's sort of a moot point regardless; whatever the hell the liquid, the milk, coming from her breasts might be, you just know you want more.",
											"Trisha's moans are getting louder by the moment as you hungrily suck away, barely able to cradle you in one of her arms.",
											"As a familiar heat burns and boils in your body you dimly realize that there's probably some bullshit succubus magic in the milk and drinking it is probably not the smartest thing you've ever done.",
											"But the sense of - power you have over her is intoxicating, knowing that YOU and no one else are the one making her feel like this, that in this moment she is completely and utterly yours.",
											"You cum again, maybe even harder this time, with enough strength to hold yourself up this time and watch her expressions as she matches it with a roaring orgasm of her own.",
											"The slight bulge in her abdomen is all it takes to intensify the ejaculation even harder, and you realize numbly that at some point you collapsed on top of her as a second ejaculation erupted while you were still trying to ride out the first.",
											"You're still trying to pick yourself back up and remember what thinking is when a sharp pain in your neck grabs your attention, sending you tumbling back down, face between her breasts, as you try to recover yourself.",
											"When some form of control returns to you it slowly dawns that the 'attacker' was her tail, the tip of the spade at its end dripping with... well, it's either blood or something else, and you're not sure which is worse.",
											"You look down at her to ask what the hell she's doing, but realize your vision is swimming oddly, making it hard to focus.",
											"It's surprisingly easy to steady yourself though, and with each passing heartbeat you realize that it's becoming easier and easier to hold yourself upright, your strength returning to you.",
											"Trisha smiles, looking half drugged herself, and manages to mumble something.",
											"Speaks2",
											"Not... s'posed to... use that, heh... heh.",
											"It's a strange sensation to feel like a stranger in your own body, but the spreading sense of unearthly lust is rapidly drowning our your conscious thoughts.",
											"You wanted to fuck her brains out before, but at this point a part of you is aware that you may not be able to stop at all at this point.",
											"In fact, even if she begged you to you don't think you could, and it both worries and arouses you to think that way, and that worries and arouses you even more.",
											"PlayerSpeaks",
											"Why would you...?",
											"It takes all your self control to even manage those three words, and the innkeep grins up at you impishly, a look that fits her all too well as you realize that she got carried away fucking AGAIN. God dammit Trisha.",
											"Speaks2",
											"I wanted it to be... you to... make me yours.",
											"The words take palpable effort from her, and you are left stunned for a moment, even the mindmelting lust consuming you held in its tracks for a moment.",
											"For the first time it actually clicks that she's not just looking for a meal this time - she {i}wanted{/i} to be with you, and whatever the hell she just injected you with apparently means something to her.",
											"Her awkwardness the last time you met, and the night you stopped her from feeding on you in order to give her the, uh, meal directly, apparently made an impression.",
											"You did NOT think your cunning plan all the way through.",
											"You realize that that disorienting moment earlier was somehow seeing or understanding her thoughts and emotions as aimed at you and it finally really hits home that whatever your relationship is, it's not just a casual fuck at this point.",
											"And then whatever was left of your mind dissipates entirely as the fuel she injected you with ignites, and the drugs and your own feelings meld into one single unshakeable desire.",
											"As your senses burn out and the remains of your mind surface and sink intermittently beneath the ocean of lust, you can see her body beneath you as you savagely fuck her, pouring load after load of cum inside her.",
											"At one point she's somehow on top of you again, bouncing up and down, her breasts swaying in the moonlight, milking another ejaculation with every movement, a tide that compounds and coalesces exponentially.",
											"Whatever the hell she did to your brain was strong enough that you have trouble recognizing your own thoughts, and there are others you're not sure are even yours.",
											"At one point there's a slight glow, but instead of the starch white of the recall stone, it's a golden amber that seems to come from her body, not just her eyes, but as she leans down and kisses you sight and sound float away into nothingness.",
											"There's only her, and as the barrier between waking and dreaming dims and frays, you're not sure which of the positions you try are real and which you just dreamed.",
											"Your waking dreams and and slumbering reality are melding into one, shared only with Her, a world in which you and Trisha are equal co-creators entwined into one being for an endless eternity.",
											"At some point you realize it's a waste of time to even try to understand it and accept that all of it is real, at least for the two of you.",
											"At that point it's not even sex anymore, though you're still certainly connected to her in that way, but something far more intimate, a sense of union that you couldn't describe even if you weren't a sex machine at that point.",
											"Ok, well, that and you've pumped enough semen inside her that it could probably power a small army of succubi.",
											"...",
											"JumpToScene",
											"End of the beginning"
                                    ]
                              },
							  {
                                  "NameOfScene": "End of the beginning",
                                  "theScene":[ "RefreshPlayer",
											"DisplayCharacters",
                                            "2",
                                            "EndLoop",
											"You were just cumming inside her again, her tight pussy greedily drinking the last drops of your enraged ejaculation, when you open your eyes to the brilliant golden light of day drowning the room.",
											"It takes a few experimental blinks and several requests to your unhelpful brain to please make yourself the fuck useful before the power of coherent thought returns to you in limited form",
											"You move your hand, but nothing happens, and it takes an enormous amount of effort to barely crane your head down and see the succubus lying completely insensate on your chest.",
											"Eventually, it finally clicks that you can't move, but you're not sure you care - both hands are still wrapped around her, and where else should they be?",
											"You're still pretty... tired...",
											"...",
                      "ChangeBG", "forest.png",
											"You awaken again to a pair of yellow eyes that startle you awake, and Trisha meets your dimly dawning consciousness with a soft kiss.",
											"Her lips are warm against yours, but rather than go the extra mile she pulls away, almost chaste, rather than breaking into the french kiss you had been half expecting.",
											"Speaks2",
											"Mornin', {ThePlayerName}.",
											"She smiles down at you with the most tender look you've ever seen, then nuzzles in against your neck and relaxes, leaving you to deal with the wonders of the morning after.",
											"You manage a weak smile, but not much else. Your body looks nearly unscathed, but pretty damn sore, your head still feels full of cotton.",
											"Her smile is genuine, but has a brittle quality to it that belies the uncertainty behind it.",
											"Speaks2",
											"...Why did you keep coming back?",
											"A simple question. Not as simple of an answer, you think. Why does anyone do what they do? Were you just looking for free food? Did you desire some human(ish) companionship in a strange land?",
											"Apparently you were also a horny fuck who was perfectly willing to help feed a succubus even after you found what what she was.",
											"Or maybe you were just controlled by a force greater than you - a hero from a faraway land, an aroused sorceress... or a hornball who just wanted to get their rocks off.",
											"Whatever the case, it's well past the point of making excuses - if you didn't want to be here you wouldn't have gone through this song and dance so many times. You already know the answer, don't you?",
											"PlayerSpeaks",
											"You.",
											"Trisha is very quiet for a moment, and if you hadn't felt her body warm against yours you might have worried she had faded away in that moment.",
											"Speaks2",
											"You know... I started taking this inn seriously 'cuz I liked cooking and thought I could make a good living out here. Didn't think it was a good idea to be surrounded by humans. Might lose control.",
											"Her quiet giggle punctures the momentary silence, her body lightly shaking against yours.",
											"Speaks2",
											"I wanted to do something a little more meaningful than sucking people's souls out, you know? I thought I could make people happy with food. So I practiced and practiced and set this up.",
											"Speaks2",
											"Well, turns out most people don't want to go into monster-infested territory for a meal, and uh, weren't dumb enough to really fall for the innkeep thing.",
											"PlayerSpeaks",
											"Well, sorry for being hungry.",
											"Trisha giggles again, patting you on the chest.",
											"Speaks2",
											"When you came back in after the first time I didn't know how to react, or the, uh, third time, or the-",
											"She trails off, looking away, and while you can't see her face you have a feeling that she is vividly recalling the first night the two of you spent together without rope or drugs.",
											"Speaks2",
											"Here you are, saving the world, and I've just sitting here hoping you came back. Wasting time coming out here to bumfuck nowhere as I watch my dreams fade away.",
											"She looks up, her face serious, which is probably a bad sign - you have ample experience with Trisha's 'good ideas' and what comes of them when she gets carried away.",
											"Speaks2",
											"I- I don't know what to do. I'm only really good at cooking and running away from my problems. How do you... do all that?",
											"Oh boy, complicated relationship navigation and emotional minefields in your happy little island fuckfest.",
											"PlayerSpeaks",
											"Well... why not try opening a restaurant or something?",
											"Look, your specialty is swording bad guys. And now apparently banging monster girls and seducing succubi. You're not really a career advisor. That was about the best that came to mind.",
											"Trisha looks at you silently for a moment.",
											"Speaks2",
											"You're staying in town too, right?",
											"Yeah that's not a pointed question or anything.",
											"PlayerSpeaks",
											"Yeah, this hasn't been quite the adventure I signed on for, but it's not all bad here, eh?",
											"You caress her ass, because god fucking dammit even when she's NOT milking you you still somehow manage to wake up rock hard inside her, and grin charmingly - or at least you hope so.",
											"Trisha blushes and giggles, not too bothered by your action - though when a glint of lust flashes through her eyes you are suddenly VERY aware that she would probably be happy to have you for breakfast.",
											"Thankfully the succubus manages to restrain herself, for now, and focuses on your answer instead.",
											"Speaks2",
											"Hey, maybe we'll - see each other there, huh?",
											"There is a strong questioning quality to her words and expression, only relaxed when you nod affirmatively, and she brightens up - looking almost happier than when you first saw her, if that was possible.",
											"Speaks2",
											"I'll make you the best food you've ever had, I promise!",
											"PlayerSpeaks",
											"Sounds good. Just uh... without the...",
											"The succubus reddens and nods, not quite able to meet your gaze. You suspect you won't have to deal with the drugs again... though you may have just gotten yourself into a LOT more trouble with a smitten succubus.",
											"The two of you eventually get moving and do various morning things, followed by a nice breakfast - one that doesn't even taste like horse tranquilizer!",
											"Neither of you talk much, but there's a warm sense that pervades the scene nonetheless, making for a rather relaxing morning after a... less than relaxing night.",
											"As you're about to leave, you turn to her, trying to think of something deep and meaningful to say, or at least some dashing handsome roguish repartee.",
											"Still in succubus form, Trisha places her hand lightly on your chest, smiling ethereally, and for a brief instant you can feel that strange connection again, and you realize you're carrying it with you.",
											"Speaks2",
											"Be careful out there... hero.",
											"The succubus turns and darts back into the kitchen rather than sticking around for a response, which is KIND of a dick move but you let it slide on account of her being really cute.",
											"IfHasItem",
											"Symbol of Bonds",
											"derp",
											"GiveItem",
											"1",
											"Symbol of Bonds"
                                    ]
                              },
							   {
                                  "NameOfScene": "derp",
                                  "theScene":[ "RefreshPlayer",
											  ""
                                    ]
                              }
                ]
}
