{
    "name": "Destroyer Aphro",
    "cost": "0",
    "costType": "ep",
    "requiredLevel": "0",
    "learningCost": "0",
    "skillType": "statusEffect",
    "statType": "Willpower",
    "requiredStat": "0",
    "skillTags": ["Magic"],
    "fetishTags": [""],
    "startsStance": "",
    "requiresStance": "Any",
    "unusableIfStance": [""],
    "requiresTargetStance": ["Any"],
    "unusableIfTarget": [""],
    "removesStance": "None",
    "requiresStatusEffect": "None",
    "requiresStatusPotency": "0",
    "unusableIfStatusEffect": ["None"],
    "power": "0",
    "minRange": "60",
    "maxRange": "115",
    "recoil": "0",
    "targetType": "single",
    "statusEffect": "Aphrodisiac",
    "statusChance": "999",
    "statusDuration": "5",
    "statusPotency": "50",
    "statusResistedBy": "",
    "statusText": "",
    "descrip": "used Aspect of the Destroyer",
    "outcome": "",
    "miss": "",
    "statusOutcome": "The enormous quantity of High Magic coursing through your veins rages against the island's own magic, causes intense arousal!",
    "statusMiss": "",
    "restraintStruggle": "",
    "restraintStruggleCharmed": "",
    "restraintEscaped": "",
    "restraintEscapedFail": ""
}
