{
    "name": "Training with Metatron I",
    "CardType": "Event",
    "CardLimit": "1",
    "Description": "A certain celestial visitor is cruising for mortal combat... or at least some training.\n Side boss\n Recommended level: 20+",
    "requires": ["Divine Brand I"],
    "Speakers": [
                  {
                    "name": "Archangel Metatron",
					"postName": "",
                    "SpeakerType": "Monster"
                  }
                ],
    "EventText": [
                    {
                        "NameOfScene": "EventStart",
                        "theScene":[
									"IfHasItem",
									"Divine Brand II",
									"Combat",
									"ChangeProgress",
									"1",
									"ProgressEqualsOrGreater",
									"6",
									"Return3",
									"ProgressEqualsOrGreater",
									"3",
									"Return2",
									"ProgressEqualsOrGreater",
									"1",
									"Return",
									"You feel her presence long before actually walking into the clearing, the brand on your hand dimly warm, though as the angel turns to face you you think you catch sight of a look even warmer before her stolid face reveals nothing more.",
									"DisplayCharacters",
                                    "1",
                                    "EndLoop",
									"Speaks",
									"...{ThePlayerName}. I am grateful you came.",
									"PlayerSpeaks",
									"Not yet I haven't!",
									"She stares blankly at you, completely missing the joke.",
									"PlayerSpeaks",
									"...Nevermind.",
									"Her brow slightly furrowed, the angel nods, not really convinced but not willing the pursue the subject, and continues.",
									"Speaks",
									"I have a great deal of training to do. Each time we fight from here on, I will... explore... different avenues of...",
									"Her face is burning crimson as she looks away from you, hardly able to annunciate her words with her usual clarity.",
									"Speaks",
									"Of- of seduction, and... various... positions, and... the like... ah! Goddess give me strength to withstand temptation!",
									"JumpToScene",
									"Combat"
                                  ]
							},
							{
                              "NameOfScene": "Return",
                              "theScene":[
											"As you return to the glade, Metatron looks up at you and smiles, rotating her shoulder as she prepares for the coming battle!",
											"Speaks",
											"Let us begin!",
											"JumpToScene",
											"Combat"

                                        ]
							},
							{
                              "NameOfScene": "Return2",
                              "theScene":[
											"ProgressEqualsOrGreater",
											"4",
											"Combat",
											"As you return to the glade, Metatron looks up at you and smiles, a genuine, almost tender look as she regards you with something resembling pride.",
											"Speaks",
											"You have done quite well so far, {ThePlayerName}! I was studying memories of our last battle when I realized that you seem to have slowly grown slightly more accustomed to the, ah, effects of my... magic. We have a GREAT deal more training ahead of us, of course. We servants of the Goddess can never rest upon our laurels! But... for a moment, take pride in your accomplishments.",
											"PermanentChangeStatusEffectResistances",
											"Aphrodisiac",
											"10",
											"Well, better than getting addicted to her bod-",
											"PermanentlyChangeSensitivity",
											"Holy",
											"5",
											"...God fucking dammit.",
											"JumpToScene",
											"Combat"
                                        ]
							},
							{
                              "NameOfScene": "Return3",
                              "theScene":[
											"IfHasItem",
											"Divine Brand II",
											"Combat",
											"Metatron greets you with what looks suspiciously like fondness, her stance more welcoming than usual, and wastes little time with pleasantries before speaking frankly.",
											"Speaks",
											"It has been gratifying to see you improve, hero, and I believe that I have gained much from this exercise as well. You have my gratitude for indulging me and helping me learn the basics of this... strange form of combat, and I find it...",
											"She trails off again, not quite meeting your eyes as she struggles to find the right words;",
											"Speaks",
											"...More tolerable... than I had expected.",
											"Speaks",
											"However! The Goddess does not help those who will not help themselves, and as her loyal servants, so too should we strive ever onward to master all forms of temptation. I was certain I sensed the presence of a powerful service of the Goddess somewhere in this area but it appears I was mistaken, and the so-called 'monster girls' of this region are...",
											"She trails off again, actually looking a bit conflicted for once.",
											"Speaks",
											"They are, ah, misguided, but not... evil, it seems, like the daemons and True Succubi of old. This island may be a den of iniquity, but to be controlled by desire is mere mortal weakness, not a sin. I can only pray they find the Goddess's light.",
											"Speaks",
											"THEREFORE! Since I have been practicing a great deal and would like to fight in a more open area where I can safely test some ideas without risking harming others, I propose that we meet again in glorious battle atop the mountain! Without fear of disturbing others, our battles shall be legendary! Or... at least memorable.",
											"Good to know you're expendable, but it is nice that she toned down the 'genocidal racism' thing a bit.",
											"Speaks",
											"Have no fear, hero! I will still meet you in battle at this location. It may be a good way to try this... 'holding back' thing I recall Penemue speaking to me about. Several times. And Uriel. And Michael. And Gabriel. And Haradriel. And Ramiel. And the Goddess. ...I am uncertain why it seemed to come up so often. At least Raphael understood me!",
											"Speaks",
											"I will challenge you here one more time to honor our past battles, but first...",
											"The angel cups your hand between each of hers, one above and below, as crimson light casts stark shadows across the clearing for a moment and calming warmth flows through you. When she pulls back her hands, the cross insignia on your hand from last time seems slightly more complex than before, more lines of the strange tongue dancing around its contours.",
											"Speaks",
											"May these runes guide you to safety, {ThePlayerName}, and shield you from the wiles of the damned. In the Goddess's name and for the salvation of mankind, I pray you can shoulder the burden of becoming the hero this world needs.",
											"She smiles lightly, almost sadly, and continues.",
											"Speaks",
											"Would that I were skilled in runecraft that I might offer you a mighty barrier, but these prayers inscribed in High Celestial may prove useful in the interim. True growth comes only from adversity, so I cannot coddle you - but as long as you stand against evil, I will aid you.",
											"GiveItem",
											"1",
											"Divine Brand II",
											"JumpToScene",
											"Combat"
                                        ]
							},
							{
                              "NameOfScene": "Combat",
                              "theScene":[  "The angel approaches you, deadly serious, and prepares for battle!",
											"CombatEncounter",
											"NoRunning",
											"Archangel Metatron",
											"StartCombat"
                                        ]
							}

                ]
}
