{
    "name": "Dean",
    "IDname": "Dean",
    "species": "Human",
    "gender": "male",
    "description": "A sandy-haired young man whose toned body is easily evident in his casual short-sleeved attire. His eternal smile lightens his otherwise sharp features, but the quirk at the corner of his lips hints at degeneracy most foul.",
    "encyclopedia": "Designated Omega chad",
    "tags": "none",
    "generic": "False",
    "requires": [""],
    "skillList": [""],
    "perks": [""],
    "stats": {"lvl": "1",
              "Exp":"10",
              "max_hp":"100",
              "max_ep":"10",
              "max_sp": "1",
              "Power": "5",
              "Technique": "5",
              "Intelligence": "5",
              "Willpower": "5",
              "Allure": "5",
              "Luck": "5"
    },
    "Fetishes": [""],
    "BodySensitivity": {"Sex": "100",
              "Ass":"100",
              "Breasts":"100",
              "Mouth":"100",
              "Seduction": "100",
              "Magic": "100",
              "Pain": "100",
              "Holy": "100",
              "Unholy": "100"
    },
    "resistancesStatusEffects": {
              "Stun": "0",
              "Charm":"0",
              "Aphrodisiac":"0",
              "Restraints":"0",
              "Sleep":"0",
              "Trance": "0",
              "Paralysis": "0",
              "Debuff": "0"
    },
    "moneyDropped": "0",
    "ItemDropList": [
                      {
                        "name": "Anaph Herb",
                        "dropChance": "75"
                      }
                    ],
    "lossScenes": [
                    {
                        "NameOfScene": "",
                        "move": "",
                        "stance": "",
                        "includes": [""],
                        "theScene":[""
                                  ],
                        "picture":""
                    }
                  ],
    "combatDialogue": [
                        {
                            "lineTrigger":"HitWith",
                            "move": "Spank",
                            "theText":[""
                                        ]
                        },
                        {
                            "lineTrigger":"UsesMove",
                            "move": "",
                            "theText":["''"]
                        },
                        {
                            "lineTrigger":"LowHealth",
                            "move": "",
                            "theText":["''"]
                        },
                        {
                            "lineTrigger":"PlayerLowHealth",
                            "move": "",
                            "theText":["''"]
                        },
                        {
                            "lineTrigger":"OnPlayerOrgasm",
                            "move": "",
                            "theText":[""
                                      ]
                        },
                        {
                            "lineTrigger":"OnOrgasm",
                            "move": "",
                            "theText":[""
                                      ]
                        },
                        {
                            "lineTrigger":"OnSurrender",
                            "move": "",
                            "theText":[""]
                        }
                      ],
  "victoryScenes": [
            {
                "NameOfScene": "",
                "move": "",
                "stance": "",
                "includes": [""],
                "theScene":[""
                          ],
                "picture":""
            }
        ],
        "pictures": [
                      {
                          "Name":"None",
                          "StartOn": "1",
                          "AlwaysOn": "1",
                          "IsScene": "0",
                          "TheBody": "1",
                          "Overlay": "No",
                          "setXalign": "0.0",
                          "setYalign": "0.0",
                          "Images":[
                          {
                              "Name":"None",
                              "File": "",
                              "setXalign": "0.0",
                              "setYalign": "0.0"
                          }
                        ]
                      }
                    ]
}
