{
    "name": "Mountaintron Defeated",
    "CardType": "",
    "CardLimit": "0",
    "Description": "",
    "requires": [""],
    "Speakers": [
                  {
                    "name": "Archangel Metatron",
                    "postName": "",
                    "SpeakerType": "Monster"
                  }

                ],
    "EventText": [
                    {
                        "NameOfScene": "Choice",
                        "theScene":[  "DisplayCharacters",
                                      "1",
                                      "EndLoop",
									  "Metatron pushes away to create some distance, trying desperately to keep standing, but her legs give out from under her and the defeated angel drops her knees, visibly confused, slowly forcing herself back upright with obvious effort... and a bright flush on her cheeks to go with the juices dripping down her thighs.",
                                      "Menu",
										"Sex",
										"Anal",
                                        "Cuddle",
                                      "EndLoop"
                                  ]
                    },
                    {
                        "NameOfScene": "Sex",
                        "theScene":[
									  "The archangel throws her head back, still trembling but basking in the moment, apparently getting over her defeat very quickly. When she looks back down at you her jaw is set, her persona mostly reestablished. And her eyes are... filled with mischief. Among other things.",
									  "Speaks",
									  "{ThePlayerName}. You are an uncommon man. I am no succubus, but my experience in the Forest taught me much, and you handled that quantity of celestial essence splendidly. I believe you have earned a reward, and I was just struck by divine inspiration... but I must ask you to trust me in this matter.",
									  "Well... you DID defeat her, and she's clearly weakened. Metatron is a lot of things but she's never struck you as particularly vengeful or prone to lying.",
									  "PlayerSpeaks",
									  "Okay, what do I have to-",
									  "In the span of a heartbeat she's already across the arena, tackling you - off the god damn mountain, the two of you spinning as you fall - her crimson wings flaring brightly behind, but even so you can see the vast drop of thousands of feet to the base, jagged rocks and endless depths below as gravity pulls at the falling projectile.",
									  "And then your stomach drops as everything turns white, an almost blinding detonation of divine energy as she spirals into the air, holding you tight against her modest chest as the mountain shrinks beneath you; in moments you crest the heights where the Willpower Temple lies and shoot hundreds of feet above it before slowing to a stop. You realize you may have been screaming the entire time.",
									  "The angel's entire body shakes with laughter as she rests her her on your shoulder, almost entirely out of character for her but your stomach is still catching up from about two thousand feet beneath the two of you as you lazily float in the sky.",
									  "Speaks",
									  "Hahahaha! Oh, {ThePlayerName}, I would never have thought to do that before I met you, but...",
									  "She leans back, wearing her widest smile yet, genuine affection in her eyes as she regards you fondly.",
									  "Speaks",
									  "I finally understand why Michael cares so much for your kind. You, who scrabble among the mud and burn so brightly with your short lives before guttering out; living in the moment, yet remembered for eternity. To thee I bequeath the gift of flight, if only for a time. Gaze upon this world we fight to protect, this sight I have witnessed a thousand times and yet never tire of.",
									  "...She sounds a LOT different than usual, but the joy flowing through her every word burns with honesty. For better or worse, Metatron is actually having fun... though the moment would be a lot more wholesome if your dick hadn't been rubbing between her thighs for half this little adventure and she clearly hadn't gotten any less horny in the process.",
									  "Adjusting her grip to give you a little room to move, she grins at you impishly...",
									  "Speaks",
									  "You have yet to claim the rest of your reward though, hero♥",
									  "Ah, the hell with it. Her smug look melts away as you capture her soft lips, her tongue more accepting you than really fighting back as she leans back into the kiss, helping you get your still hard shaft to her lower pair of lips to claim them too. Moaning sweetly as you penetrate her, the familiar rush of her magic flowing through both of you as her fingers dig into your back tightly while she tenses with pleasure.",
									  "Compared to your violent ascent, it's almost oddly peaceful up here as the two of you slowly drift, the tendrils of burning energy that act as her wings slowly closing around you, offering warmth and downy softness, more so than any feathers could.",
									  "Her first orgasm doesn't take long, an electrifying jolt of energy flowing through your entire being as her orgasmic juices drench your cock and magic flows freely through the two of you; despite her show of strength moments ago, the angel did lose your battle, and her stamina is far from its peak.",
									  "Still, her incredible warmth and welcoming affection are more than sufficient to bring incredible pleasure, and the sensation of floating through the sky makes it an ethereal experience, her divine pussy constricting around your shaft tightly as she showers it in liquid love. Your body thrusting into her of its own accord, feeling every shiver and jolt of her body as the overstimulated angel shudders beneath you.",
									  "She moans into your mouth, completely putty in your hands as she weakly returns the deep kiss and just tries to make you feel good, and before long you find yourself pounding away at her as lust completely consumes both of you, the angel trying to return the favor but too weak to vie for dominance.",
									  "But her arms are still wrapped around you tightly, the fingers of one hand digging a little into your back as she absentmindedly strokes your upper back and neck with the other, jolting every time you fill the inner folds of her pussy with your cock.",
									  "The urge - {i}need{/i} to cum builds rapidly as you drown in her body, but in control you are able to control the pace well enough to just indulge in the angel's body freely. When the long kiss finally breaks and her noises are no longer muffled by your mouth, her gasps and moans, the cacophony of womanly sounds she lets out as you ravage her, are gratifying indeed.",
									  "You're pretty sure she's orgasmed at least three times since you started but your own is RAPIDLY building and you can't hold it in much longer, her body addicting in its muted perfection and the aphrodisiac effects of her magic continuing to build up.",
									  "And then there is about half a heartbeat of realization as her legs lock shut around your waist like a vice, forcing you to utterly hilt yourself inside her as her pussy lips kiss the base of your cock, and everything goes blank as a mindblowing ejaculation blows through your senses, dimly aware the angel is orgasming again, but hardly able to feel a thing as every fiber of your mind and body dedicate themselves to flooding her womb.",
									  "The angel screams - LOUDLY - as you grunt helplessly, your arms locked around her as you blow everything you have into her pussy, a constant stream of cum battering her insides as her grip tightens and her fingers rake your back, her own back arching with the mindbroken pleasure of the matched orgasm and ejaculation, and she welcomes every drop.",
									  "You can actually hear your ears pop from the intensity as one load turns into Goddess knows how many, every bit of pent up lust relentlessly pumped into her as you weakly work your hips, and Metatron is pretty much completely gone already, it's a miracle she hasn't faded out yet.",
									  "...Huh, the mountain looks closer than you remember for some reaso-",
									  "Oh, right, you're falling, fast, that's why your ears popped! Boy that giant jagged rock is sure approaching fast, huh?",
									  "PlayerSpeaks",
									  "Uh... Metatron?",
									  "The angel's eyes have halfway rolled back into her head as her orgasm takes her, and for a brief moment of Zen you realize that you're not actually sure the island's protective field will keep your brain from being turned into a smoothie from the shock of stopping if you don't just explode on impact in the first place.",
									  "But as her orgasm winds down, the angel manages to spiral out of the way of the protruding peak, and with a great deal of effort on her part, spiral lazily down to a flat surface, landing on her back as her wings fade out and she goes pretty much limp on the rocks, staring up into the sky with a vacant expression.",
									  "Honestly, that went better than expected for one of her ideas...",
                                      "JumpToScene",
									  "TheCheck"
                                  ]
                    },
                    {
                        "NameOfScene": "Anal",
                        "theScene":[
                                    "The angel looks a bit concerned, but intrigued as you explain the concept to her, and agrees to it surprisingly easily given her previous lack of interest in the subject.",
									"It doesn't take long for her to be on all fours as you slide your dick between her cheeks, and aside from a very vocal gasp as you penetrate her ass she takes it like a champ, moaning quietly as you push it ever deeper. The sensation is much different than usual; there's a lot less magic flow, which is nice, but her ass is incredibly tight to the point it's hard to focus.",
									"Metatron moans appreciatively as you get most of the way in, seeming to have no issue with the ordeal, and while it's very obvious she has no idea what she's doing, as she experiments a bit you can feel her ass loosening and then tightening even more, and she picks it up quickly.",
									"She actually seems to be pretty into it, and soon is pushing back every time you thrust, moaning sluttily as you grab her hips and start thrusting harder and harder to remind her who won this damn battle. The wet sound of flesh against flesh echoing down the mountainside as Metatron REALLY gets into it, and you realize that she's a LOT less sensitive here but no less turned on by it.",
									"In fact, you can feel your own orgasm coming quickly as she grinds and massages your cock with a level of natural skill that's more Mika than holy maiden, driving you to double down and thrust even harder in her, eliciting a throaty moan from the battered angel as she squirts hard onto the ground below, orgasming loudly",
									"...And tightening on your cock so hard you find yourself filling her ass with a thick load of seed as well, milking out the initial ejaculation into a second as you fill her up, lubricating her butt as her arms gives out and her front side basically falls to the ground, still working your cock relentlessly for the entire duration of your ejaculation.",
									"Feeling a little dispirited at having cummed that quickly, you pull out - or at least you try, her tight ass feeling like a vice that could casually crush your cock; it isn't until she pushes backward, shoving you against the rock facing you had steadied yourself with earlier as she picks herself up off the ground, that you realize you might have a problem.",
									"Speaks",
									"Ah, hero♥, you shouldn't leave a job unfinished... and since you defeated me, I must help relieve you of your lusts as well, yes?",
									"PlayerSpeaks",
									"...Can we talk about this?",
									"Her response is to slam her ass backwards, flattening you against the wall as she hilts your cock inside her ass completely, aided somewhat by the makeshift lubricant, and she turns her head back to smile innocently(?) at you by way of response.",
									"Before long, it's your turn to moan into the deserted wilderness as she ravages your cock with relentless resolve, slamming her hips back into yours over and over with ruthless efficiency as she forces you to drown in her mind meltingly tight ass, and her movements are still getting more and more skilled as she picks up how best to pleasure you.",
									"Before you even realize it your cock is already spurting another creamy load into her ass, the angel moaning in satisfaction as you splatter her insides white, but rather than mercy she keeps grinding on it, tightening her muscles and milking out every drop with sexual savagery.",
									"Your fingers sink a little into the meat of her butt and thighs as you try to fight back, but even as she orgasms again, her juices splattering to the ground below, she just keeps on moving, every rapid movement attuning itself to your weaknesses as she keeps going and going and going, ignoring pleas for mercy or help as her gaze grows more and more disheveled, wild; losing herself in the moment entirely.",
									"At one point you realize instead of standing up you're sort of lying on her body, your back as sore as your dick; she at least stopped slamming backwards but grinding relentlessly isn't much better, and you fill her ass again, some of the surplus semen splattering out of her overfilled ass and dripping down her thighs as she goes back to work AGAIN, all restraint gone as she means lustily into the wind.",
									"...",
									"You lose track of how many times you came before you blacked out, and come to with your head resting on the shoulder of a somewhat abashed looking angel who apologizes for getting carried away.",
									"...You get a VERY distinct sense that she's not actually sorry at all for the sex bits, just for turning around a victory... but at least your body feels a lot better after resting up a bit.",
									"JumpToScene",
									"TheCheck"
                                  ]
                    },
                    {
                        "NameOfScene": "Cuddle",
                        "theScene":[
									"Realizing that it's really over, Metatron flops to the ground with an awkward smile, dropping the tough act as she attempts to calm down.",
									"While it takes a little helping each other after a battle like that, before long the two of you are both seated safely leaning up against a rock face staring out at the sunset, the angel's head resting on your left shoulder as she holds a death grip on your arm.",
									"Casual conversation starts slowly, but drifts to the past before long as she shows a great deal of interest in your past, seemingly enthralled by even the most inane stories. Whether they be from childhood or your capers with Dean at the academy, she encourages you to speak as freely as you like, mostly listening but occasionally asking a question or two.",
									"Of herself, she doesn't volunteer much. Little of the present, and less of the past.",
									"Speaks",
									"I slept often and long, so your kind's history is a strange patchwork pattern... growing and fading, spreading and dying. Long has it been since angels walked this land to war against the unjust, yet despite your short lifespans you endure. Immortalized in deed, if not in life. But...",
									"She trails off, struggling to find fitting words, and fails at it a few times, false starts that go nowhere as the angel gradually grows more frustrated before cooling off with a moment of silence the two of you share.",
									"Speaks",
									"Always, I have been the tip of the spear... the Goddess's weapon against the damned. Usually daemons and the damned. Sometimes humans, lured by evil.",
									"Her words waver a little; you get the sense she's a little concerned about how you react to that last bit.",
									"Speaks",
									"I exist solely that evil cannot. I am a destroyer, not a protector. That my deeds are beneficial to others is but a pleasant side effect of the truth of my existence. But in this world, peace reigns. Much of humanity has little to do but war among themselves, and that is not a battle I have any place in. Even on this island, beset by iniquity as it is, its denizens are...",
									"Speaks",
									"I cannot judge them all as evil, nor can I purge those who are; the enchantment protects good and evil alike. I train in case I am needed, and I am proud to aid you in your quest - if the so called Demon Queen's designs truly are to bring back the age of titans, I will stand against her at your side, and we will stop her. If you fall to her wiles, I will bring you back to the light.",
									"Speaks",
									"But... what if there is no final battle? What if you do succeed and the world finds true, lasting peace...? I am a creature of blood and cinder, hewn from horror and bathed in the blood of fallen comrades. If I cannot fight, I can but watch, or sleep, awaiting a darker future to be useful once more. And yet to hope for such would be to betray the love of the Goddess, and the very reason I exist. It would make me no better than them.",
									"Speaks",
									"You spoke of just... living. I do not understand it. I never have. Your kind live such short lives, beautiful flames flickering brightly but burning out in the blink of a cosmic breath. And yet you can speak of it so casually, something even the meanest youngling among you can understand.",
									"Speaks",
									"I don't know what 'just living' is, but... I would like to try it sometime.",
									"She falls asleep soon after, leaving you with unanswered questions and the realization she had just opened up to you, at least to a degree.",
									"JumpToScene",
									"TheCheck"
                                  ]
                    },
					{
                        "NameOfScene": "TheCheck",
                        "theScene":[
									"GetAnEventsProgressThenIfEqualsOrGreater",
									"Training with Metatron II",
									"5",
									"Fail",
									"ChangeMaxEnergy",
									"3",
									"ChangeMaxArousal",
									"3"
                                   ]
                    },
										{
                        "NameOfScene": "Fail",
                        "theScene":[
									"Unfortunately you've already absorbed as much of the angel's energy as possible at her current level..."
                                   ]
                    }
                ]
}
