{
    "name": "Mountaintron's Defense Buff",
    "cost": "10",
    "costType": "ep",
    "requiredLevel": "0",
    "learningCost": "500",
    "skillType": "statusEffect",
    "statType": "Technique",
    "statusEffectScaling": "30",	
    "requiredStat": "10",
    "skillTags": ["Magic"],
    "fetishTags": [""],
    "startsStance": "",
    "requiresStance": "Any",
    "unusableIfStance": ["Any"],
    "requiresTargetStance": ["Any"],
    "unusableIfTarget": [""],
    "removesStance": "None",
    "requiresStatusEffect": "None",
    "requiresStatusPotency": "0",
    "unusableIfStatusEffect": ["None"],
    "power": "0",
    "minRange": "100",
    "maxRange": "100",
    "recoil": "0",
    "targetType": "single",
    "statusEffect": "Defence",
    "statusChance": "100",
    "statusDuration": "9999",
    "statusPotency": "30",
    "statusResistedBy": "",
    "statusText": "",
    "descrip": "",
    "outcome": "",
    "miss": "",
    "statusOutcome": "This doesn't need text!",
    "statusMiss": "",
    "restraintStruggle": "",
    "restraintStruggleCharmed": "",
    "restraintEscaped": "",
    "restraintEscapedFail": ""
}
