{
    "name": "Training with Metatron II",
    "CardType": "Event",
    "CardLimit": "1",
    "Description": "A certain celestial visitor is cruising for mortal combat... or at least some training. This time, she has requested that you meet on the mountain.\n Boss battle\n Recommended level: 50+",
    "requires": ["Divine Brand II"],
    "Speakers": [
                  {
                    "name": "Archangel Metatron",
					"postName": "",
                    "SpeakerType": "Monster"
                  }
                ],
    "EventText": [
                    {
                        "NameOfScene": "EventStart",
                        "theScene":[
									"DisplayCharacters",
                                    "1",
                                    "EndLoop",
									"ProgressEqualsOrGreater",
									"6",
									"Combat",
									"ProgressEqualsOrGreater",
									"5",
									"Return3",
									"ProgressEqualsOrGreater",
									"3",
									"Return2",
									"ProgressEqualsOrGreater",
									"1",
									"Return",
									"You happen upon the angel on a decent-sized plateau on the mountain; while the terrain is a bit rough, it is about as good of a natural arena as you're likely to find on this God(dess) forsaken rock.",
									"Metatron seems quite happy to see you, visibly brightening as she pulls herself from thought, and approaches without much concern for your personal space.",
									"Speaks",
									"Thank you for coming, {ThePlayerName}. I have seen many angels with less drive to improve themselves than you; it speaks well of you that you strive so strongly against adversity.",
									"Speaks",
									"However. Do not mistake my praise for pandering. I will be testing you thoroughly today. This form of combat is still somewhat alien to me, but I cannot in good faith allow the Goddess's chosen to wallow in mediocrity. Please show me your best.",
									"JumpToScene",
									"Combat"
                                  ]
							},
							{
                              "NameOfScene": "Return",
                              "theScene":[  
											"Metatron sees you coming and hops off her meditation rock, apparently fired up and ready to go! So much for casual conversation...",
											"JumpToScene",
											"Combat"
                                        ]
							},
							{
                              "NameOfScene": "Return2",
                              "theScene":[  
											"ProgressEqualsOrGreater",
											"4",
											"Combat",
											"You happen upon the displaced angel, but rather than raring to go she seems oddly contemplative today, regarding you with a thoughtful expression that betrays little emotion.",
											"Speaks",
											"{ThePlayerName}. I thought I sensed your approach. Before we begin, I would like to discuss something I have been observing about you over our last few battles. Have you noticed anything... different in your performance in our battles recently?",
											"She's not asking her question very clearly, but is definitely expecting an answer, so you rack your brain for a suitable response. There was the thing back in the forest where it seemed like you got a bit more resistant to the aphrodisiac effects of her magic, but that was a little while ago. Metatron has certainly been a lot scarier lately when she gets serious but you've still managed to beat her a few times.",
											"PlayerSpeaks",
											"Besides your magic not having as much of an effect on me?",
											"Speaks",
											"More than that. High Magic is a primordial power, born of the song of space itself. It is the Breath of Creation, born of many winds of magic. Above all, it is a transformative force; as daemonic magic corrupts and corrodes the soul, Celestial magics rebuild and recreate it.",
											"Speaks",
											"I will speak simply. You are not becoming resistant to its effects, but used to its presence, and more besides. I... believe that you have somehow begun to generate it yourself. I am not as knowledgeable on the effects of magic on the mortal form as Penemue, but I suspect it is a result of our... repeated liaisons.",
											"PlayerSpeaks",
											"So what, am I turning into an angel or something?",
											"Speaks",
											"I... do not know. However, I believe this a blessing of the goddess to better aid you in battling the forces of evil. While the mortal frame was never meant to harness the winds of Qhaysh, I have heard tales of your kind having done so before in rare circumstances, albeit at great stress on their bodies. In fact, you may be able to replicate something akin to the magical enhancement I have been using.",
											"PlayerSpeaks",
											"How?",
											"The angel simply smiles serenely.",
											"Speaks",
											"Your body already knows the answer, Hero.",
											"In a flash you realize that she has been training you for this since she adopted this new fighting style of hers! ...To be fair, you seriously doubt she had this planned for long, but for the last few fights at least.",
											"GiveSkill",
											"Aspect of the Destroyer",
											"Speaks",
											"Rejoice. Those who walk in the Goddess's grace can never fall, spirit and strength entwined into a perfect coexistence. You have much to learn to master my magic, and I have much to reclaim and relearn, but we shall do so together. Test your strength against mine, {ThePlayerName}, in glorious battle - and to the victor go the spoils!",
											"JumpToScene",
											"Combat"
											
                                        ]
							},
							{
                              "NameOfScene": "Return3",
                              "theScene":[  
											"You sure seem to be running into Metatron a lot lately. Whether she's stalking you or the bond between the two of you leads you to each other is unclear, and it's probably best not to think about it too hard.",
											"Still, as she greets you with a brilliant smile, the thought comes to mind that you could be running into a lot worse...",
											"Speaks",
											"You return. Welcome back, hero. I have been observing you in battle and continue to be impressed by your progression. I must redouble my own efforts lest you best me, haha!",
											"...She's smiling, but the fire in the overly competitive angel's eyes is anything but jovial.",
											"Speaks",
											"I hope you have continued to hone your skills, and newfound magic, against other foes. I find myself wondering if you could learn to harness the magic of other angels as well; while we all manipulate the winds of Qhaysh, each soul resonates with the tapestry of Creation subtly differently on a thousand levels. It is oddly poetic to imagine a warrior of the Goddess wielding them all.",
											"Metatron lets off a little with a small smile that looks suspiciously smug, but continues.",
											"Speaks",
											"Of course, it is unlikely you will meet another of my kind in your lifetime. But the world is changing, and it is not impossible others may descend, if such is the Goddess's will. They are all good girls, if... rough around the edges. At times. Please treat them kindly.",
											"You're not sure you ever want to meet anyone that METATRON thinks is 'rough around the edges', but you didn't have much choice in that first meeting with her, either. Hopefully they're a little less trigger happy...",
											"JumpToScene",
											"Combat"
											
                                        ]
							},
							{
                              "NameOfScene": "Combat",
                              "theScene":[  "The angel approaches you, deadly serious, and prepares for battle!",
											"CombatEncounter",
											"NoRunning",
											"Mountaintron",
											"StartCombat",
											"ChangeProgress",
											"1"
                                        ]
							}

                ]
}