{
    "name": "Awkward Embrace",
    "cost": "1",
    "costType": "ep",
    "requiredLevel": "0",
    "learningCost": "0",
    "skillType": "attack",
    "statType": "Core",
    "requiredStat": "0",
    "skillTags": ["Sex"],
    "fetishTags": ["Sex"],
    "startsStance": "",
    "requiresStance": "Sex",
    "unusableIfStance": ["Blowjob"],
    "requiresTargetStance": ["Sex", "Making Out"],
    "unusableIfTarget": [""],
    "removesStance": "None",
    "requiresStatusEffect": "None",
    "requiresStatusPotency": "0",
    "unusableIfStatusEffect": ["None"],
    "power": "100",
    "minRange": "90",
    "maxRange": "110",
    "recoil": "200",
    "targetType": "single",
    "statusEffect": "none",
    "statusChance": "000",
    "statusDuration": "0",
    "statusPotency": "0",
    "statusResistedBy": "",
    "statusText": "",
    "descrip": "",
    "outcome": "{AttackerName} slowly gyrates her hips around {TargetName}'s cock as she weakly struggles against your tongue. Your mind nearly blanks out from the sensation of her incredible body and powerful magic.",
    "miss": "{AttackerName} slowly gyrates her hips around {TargetName}'s cock, but {TargetYouOrMonsterName} resists the pleasure!",
    "statusOutcome": "",
    "statusMiss": "",
    "restraintStruggle": "",
    "restraintStruggleCharmed": "",
    "restraintEscaped": "",
    "restraintEscapedFail": ""
}
