{
    "name": "Dork Mage",
    "IDname": "DorkMage",
    "preIntroName": "",
    "species": "Human",
    "gender": "female",
    "description": "A female dark mage who seems highly enamored with the color purple - her long and messy hair, the form-fitting dress that accentuates her gigantic breasts and impressive hips as well as the bit of thiccness in between, even her eyes are all varying shades of purple!",
    "Location": "",
    "requires": [""],
    "skillList": [""],
    "itemList": [""],
    "startingAffection": "30",
    "Dialogue": [

                ],
    "pictures": [
                  {
                      "Name":"Base",
                      "File": "../Mods/Waifupocalypse/Images/ValerieDefault.png",
                      "setXalign": "0.0",
                      "setYalign": "-0.4"
                  }
                            ]
}
