{
    "name": "Metatron Defeated I",
    "CardType": "",
    "CardLimit": "0",
    "Description": "",
    "requires": [""],
    "Speakers": [
                  {
                    "name": "Archangel Metatron",
                    "postName": "",
                    "SpeakerType": "Monster"
                  }

                ],
    "EventText": [
                    {
                        "NameOfScene": "Choice",
                        "theScene":[  "DisplayCharacters",
                                      "1",
                                      "EndLoop",
                                      "Menu",
                                        "Pussy",
                                        "Mouth",
                                        "Cuddle",
                                      "EndLoop"
                                  ]
                    },
                    {
                        "NameOfScene": "Pussy",
                        "theScene":[
										"Metatron looks up at you blearily, overwhelmed by lust, and spreads her legs invitingly - solidifying your decision rather effectively.",
                                        "Speaks",
                                        "You are the victor, {ThePlayerName}, my body is yours.",
                                        "The angel moans in abject ecstasy as you penetrate her already drenched vagina, sending a jolt of electricity - and magic - through your entire body.",
                                        "JumpToScene",
                                        "SexStart"
                                  ]
                    },
                    {
                        "NameOfScene": "SexStart",
                        "theScene":[
									  "Every convulsion of her body, her overwhelmingly tight walls and seeping warmth as the magic flows through you, is a wall of sensation that saps your will and batters your mind, but there is very little question of what every fiber of your body desires - only the question of exactly how to go about it.",
									  "Fingers brushing and tensing against her soft waist, felling the upper curve of her butt and sliding upward as you thrust further inside her, and the angel's back arches above the ground as her breathless moan betrays the pleasure it brings her as well.",
									  "Eh fuck it, when has anything bad ever happened as a result of giving in to your baser desires?",
									  "One hand creeps along the tender flesh of her back, rewarded by the almost squeaks that your oversexed and sensitive victim emits with each movement, and as your hand finds purchase beneath her head you pull her up, the other hand firmly grasped onto her pert butt to make sure she doesn't slip off your meat, and bring the angel's lips to yours as you go in for the gold.",
									  "Speaks",
									  "Ah- AHHH---MMMMMmmmmmh!",
									  "The addition of her body weight pushing down on you slides you another inch inside her, and Metatron moans helplessly into your mouth as an overwhelming orgasm rips through her shattered will and battered body alike, trembling like a leaf in a hurricane as her body convulses and squeezes on you, too insensate to continue the kiss but attached too firmly to fall away.",
									  "Unsurprisingly the massive rush of magic into your body has a far from minor aphrodisiac property, not that it's particularly necessary when just her moans and body alone seem to be having most of that effect already.",
									  "The intense warmth of her body, both inside and out, and the softness of her medium breasts squished against you and her neck on your fingers is delectable though, and firmly gripping her butt, feeling your fingers sink into it a bit, you push her up and back down onto your engorged cock, relishing her gasp as the angel spasms, completely failing to return the kiss as her head lolls back.",
									  "So you lean in for a kiss on the nape of her neck, thrusting upward with a powerful rhythm as she moans and mewls like putty in your hands, completely unable to handle the myriad sensations going through her - not that you're doing a whole lot better, but you weren't as exhausted at the end of the battle so you can keep going for longer.",
									  "One little kiss leads to another, then a nibble or two, and before long you're leaving a messy trail of kisses and sucking and nibbles down her neck and collarbone as the angel's moans turn into a cacophony of incoherent sound, soft and lewd and lusty, her arms coming up to rake your back with nails that leave pain and pleasure in a sharp wake.",
									  "You can feel your thrusts picking up the pace and have to consciously slow down slightly, it's already hard enough not to just blow your load inside her already and making it much harder on yourself is a fast road to having both of you fucked silly.",
									  "But as her arms go slack in the throes of another spasm and she falls a bit further backward, her hands scrabbling for purchase and barely grasping onto your shoulders, her bouncing breasts come more clearly into view and all that good smart thinky shit kinda goes boom.",
									  "It's a little awkward to lean forward like that but she's leaning back far enough and her back is arched just enough that you can still get to her medium breasts, not overly impressive size wise but perfectly shaped, each jerky movement and pounding bounce sending hypnotic ripples through them that draws you in naturally.",
									  "Speaks",
									  "AAAAAAAAAAAAAAAAAHHHHHHHHHH!",
									  "It only takes one tender kiss on her left nipple to bring the angel over the edge again, her hands rising once more from your shoulders to your head as she pulls your face into her modest chest, screaming in orgasmic joy as her body quakes in your grasp, a tidal wave of pleasure crashing through your groin and drenched dick as you feel yourself rapidly reaching the edge of your willpower...",
									  "But you find some solace in focusing your attention on her nipples, using the concentration to keep your own body in check, carefully teasing her nipples with your tongue, around and around, up and down; a flick here and an experimental nibble there, each eliciting ever louder reactions from an angel who is far beyond anything resembling rational thought - or perhaps thought at all.",
									  "Unfortunately even that isn't enough to magically make you stop feeling anything and the building ejaculation is threating to rip your mind in half too, and your head comes up, no longer seriously arrested due to her strength having waned completely, and pull her into a deep kiss, dominating her tongue with yours and drinking in her soft scent and sweet saliva in equal part.",
									  "But as you thrust up her body comes crashing down, and the unexpected movement drives you over the edge; you can sort of feel your hips thrusting upward one last time, and then everything it almost feels like your ears are popping as a torrent of cum erupts up into her, creampieing her with savage force.",
									  "But there's nowhere for it to go in her already overstuffed pussy and as you thrust you can feel bits of it splurting out, breaking the seal of your bodies, but far more besides is going up and ever deeper inside her, bleaching her womb with a tidal wave of cum that just keeps going and going.",
									  "Metatron moves less and less with each thick rope of cum battering her insides, gradually going from rapid spasms to barely jolting as the remainder of her sense flees her, but the ejaculation just keeps coming, and so do you, any semblance of rational thought broken under the endless torrent.",
									  "You can FEEL her belly pressing against yours, realizing as you look down in a moment of clarity that there is a slight but visible bulge from the sheer quantity of semen bloating her womb, but that realization just makes you want to do it more, harder, and the blind lust overtakes you again.",
									  "By the time you regain your senses, there is a very pronounced bit of a bulge in her stomach; she almost looks visibly pregnant, which... says a lot about what all that magic bullshit was doing to you. Hmm. Well, at least this time it ended up working out okay. For you. And... maybe her. Not that she has much going on besides a cum-drunk grin and total unconsciousness.",
									  "...Realizing that you can't leave her like this you wrap your arms tightly around her slender body, for all her power the angel feeling all too frail and small in this moment, and as the commensurate backlash of your explosive orgasm hits you like a mountain sleep is immediate and absolute.",
									  "By the time the two of you are able to move again her stomach seems to have subsided significantly, though as you pull out with a wet squelch a thick rivulet of cum still drips out and she has to experiment a bit to find a way to stand up without leaving a, uh, trail behind her.",
									  "Eh, she'll probably be fine.",
                                      "JumpToScene",
									  "TheCheck"

                                  ]
                    },
                    {
                        "NameOfScene": "Mouth",
                        "theScene":[
									"The angel looks up at you, or uh, at least your dick, as you loom over her, her eyes filled with hunger, and takes matters into her own hands. Well, mouth. Because she starts blowing- moving on!",
                                    "JumpToScene",
                                    "OralStart"
                                   ]
                    },
                    {
                        "NameOfScene": "OralStart",
                        "theScene":[
                                    "Metatron smiles up at you sweetly as she begins carefully licking the tip, slowly dragging her tongue around the head in gradually spiraling outwards circular motions, leaving a trail of molten warmth as her saliva coats more and more of it, and you can feel the magic begin to seep in.",
									"As her soft lips begin to envelope the tip you can feel an even larger shock running through the entire length of your cock, but after sucking lightly she pulls back a little bit and gives the tip a deep kiss, licking the very end a little bit, her gaze flickering back upward for a moment as you grunt and then back down.",
									"Caught between debilitating arousal and slight frustration that you won but are the one getting messed with, you gently place a hand on her head, ruffling her silky hair, signaling that she should probably get on with it.",
									"She's too worn out from the fight to resist, though given her personality the only real problem would be if she got super carried away, but that NEVER happens, right?",
									"...On second thought yeah it's definitely for the best she's already exhausted.",
									"Metatron apparently never got the memo though, supporting herself with one hand as she takes your lower head back into the wet warmth of her mouth, engulfing it in a storm of saliva and lips and tongue that draws another grunt as she slowly swallows more and more of your rod, familiarizing herself with it in intricate detail.",
									"Her delicate motions gradually deteriorate into a symphony of slurps as she loses control of herself, the constant licking and sucking intensifying as the angel begins bobbing her head up and down the length, her tight throat squeezing the head as she begins to deepthroat your length.",
									"Speaks",
									"Mmmmmm...♥♥♥",
									"A sudden heat erupts in your balls and you realize belatedly she just did something with her free hand, heat erupting up in a sudden crescendo as the built up lust suddenly explodes, unleashing a torrential ejaculation as everything goes white and you reflexively pull her head in.",
									"Metatron gasps in surprise but dutifully drinks down the tide, rope after rope of cum splattering her throat and filling it up despite her best efforts, pushing her head backwards as the gooey torrent drenches her mouth, bulging her cheeks and after a few more moments exploding outward as her already tired mouth fails to keep the tight seal.",
									"A veritable river of cum spurts out, streaking across her cheeks and dripping down her chin and splattering her medium breasts and the ground beneath, all the while with the horny angel struggling to swallow every drop she can, desperately slurping down the overwhelming ejaculation, moving the hand to clumsily jerk you off as if thirsty for even more.",
									"When your knees buckle both her arms are there to hold you up, but rather than offer a moment's respite the cum-drunk angel takes the entirety of your shaft in one swift movement, deepthroating it all the way to the hilt as she continues to lick and suck, almost frantically; rather than satiated she seems even more turned on.",
									"As her moans grow more fervent and loud the angel throat-fucks herself savagely on your sensitive shaft, completely ignoring your own moans and any feeble attempt to dislodge her in favor of simply working your cock even harder.",
									"As more and more divine magic pours into you, electrical force tingling throughout every square milimeter of your cock and swirling in your balls and hips alike, the fragments of your mind that still function realize that you... may... have made a minor mistake, and that she might actually succ you dry.",
									"Not that there's all that much conscious thought going on upstairs when all your blood has gone south for the evening, but still.",
									"Trying to dislodge her head doesn't work very well with the remaining strength you have, but at least you manage to stop her from deepthroating you. Yay!",
									"Too bad it's not a huge step up, given that freed from having to move, she can focus much more intensely on stimulating your already overwhelmed head, running her nimble tongue over and around it, looping around its base, kissing and sucking in rapid succession, mixing them all together into an unending oral assault that belies her supposed inexperience.",
									"One last deep kiss is all it takes for a mindshattering orgasm as any semblance of willpower and strength dissolve into the desperate need to fill her with your seed and the angel manages part of a slutty moan before the ejaculation physically forces her head backwards as the equivalent of a Super Soaker sprays her face, thick ropes of cum avalanching across everything in reach.",
									"Metatron continues trying to go in for kisses and licks to propel the orgasm ever higher but blinded and exhausted it's an uphill battle even for her; much of the stream of cum does end up in her mouth but as much more erupts into her hair, her cheeks, her lips; streams run down her bare chest and careen down her heaving breasts and dip to the ground, even her cupped hands fail to hold enough.",
									"By the time some semblance of sense returns to you the angel looks like she just took the equivalent of a cat 5 hurricane... of cum... not your best simile admittedly.",
									"She's twitching on the ground, in the throats of an orgasm of her own with two fingers deep inside, and looks, uh, pretty much completely out of it. Serves her right for pulling that stunt.",
									"...Though the slight tingle of arousal still in your balls does raise the uncomfortable memory of just how fucking intense that was. Maybe if you're a little more cautious next time... eh it'll probably be fine.",
									"JumpToScene",
									"TheCheck"
                                  ]
                    },
                    {
                        "NameOfScene": "Cuddle",
                        "theScene":[
									 "Doing much more to the already overstimulated angel seems a bit mean, given that she can't even stand, so you swallow your lust and help her to a sitting position against a tree as she slowly recovers. ...Very slowly, given the way her head lolls as soon as you release your grip on her and her body threatens to collapse moments thereafter, forcing you to kneel and better situate her.",
									 "Between the effort of the battle and trying to puppeteer a limbless sack of jelly, it's surprisingly hard work, and you sit down beside her for a moment to rest - secure that if nothing else she's definitely not going to rape you to death the instant you look away. Which is a nice change of pace on this fucking island.",
									 "A sudden weight hits your side as the angel's head drops again, this time onto your left shoulder as her soft cheek rubs against, and Ms. Jellyfish remembers she has bones long enough to wrap both her arms around your left arm in a grip that... okay, it's not exactly THAT strong, but she's trying her best, okay?",
									 "Metatron sighs in contentment, giggling to herself a few moments later in a very... un-Metatron display of joviality, and seems happy staying exactly there as-",
									 "...God dammit, she's snoring isn't she?",
									 "Torn between being impressed that anyone could fall asleep that fast and slightly frustrated that you are now shackled to your eternal prison by bonds so tight no mortal alive could ever escape them, as you look down at her half-visible face the peaceful smile and lack of severity looks almost... cute.",
									 "Okay no it's actually really fucking cute god dammit holy shit fuck how is it even LEGAL to be that cute, the sudden urge to hug her and run your fingers through her hair and pat her and caress her and kiss her forehead is overwhelming in its intensity, but as a one-armed man your options are... limited at best.",
									 "As you calm down a bit, you settle for reaching around with your right hand and stroke her hair a bit, amazed at how soft it is; given how hard edged she is it seems oddly unfitting, but combined with her expression and actions it also sort of feels like you just adopted a kitten.",
									 "...A kitten who may have been responsible for genocide in the distant past, and who tried to either kill you or beat your ass until you went home when she first met you, but, uh, you know actually that doesn't really interfere with the simile, cats are assholes and if they had godlike powers they'd probably do a lot worse.",
									 "Nonetheless, for the time being it does seem pretty peaceful, actually quite relaxing honestly. You've been so busy since you showed up at this forest fuckfest fiesta that it's been hard to just sit back and smell the flowers. Or the angel, in this case, a subtle ambrosial scent that you can't quite place; it almost smells holy for lack of a better word?",
									 "Time passes faster than you realize and it seems like only a few moments before Metatron awakens, nuzzling her perch and yawning cutely before belatedly realizing what said perch is and staggers upright, blushing so hard that she could probably double as a human tomato.",
									 "JumpToScene",
									 "TheCheck"
                                  ]
                    },
					{
                        "NameOfScene": "TheCheck",
                        "theScene":[
									"GetAnEventsProgressThenIfEqualsOrGreater",
									"Training with Metatron I",
									"6",
									"Fail",
									"ChangeMaxEnergy",
									"2",
									"ChangeMaxArousal",
									"2"
                                   ]
                    },
										{
                        "NameOfScene": "Fail",
                        "theScene":[
									"Unfortunately you've already absorbed as much of the angel's energy as possible at her current level..."
                                   ]
                    }
                ]
}
