{
    "name": "Mika Defeated",
    "CardType": "",
    "CardLimit": "0",
    "Description": "",
    "requires": [""],
    "Speakers": [
                  {
                    "name": "SMika",
                    "postName": "",
                    "SpeakerType": "Monster"
                  }

                ],
    "EventText": [
					{
                        "NameOfScene": "Finisher",
                        "theScene":[
									"As the mouthy kitty tries to make a little distance between the two of you, her spirit flags as a final orgasm rips the remainder of the fight from her and she sinks to her knees, visibly confused and dripping wet as her libido peaks, putting a stop to anything resembling conscious thought.",
									"Interestingly, this time she doesn't fade away - whether because she's desperate for a dicking or just hasn't quite admitted defeat yet remains to be seen. If you've learned ANYTHING from your time with her, it's that she's not the most trustworthy of cats. Still, you're pretty horny, and she DID say you could do anything you wanted with her if you won...",
									"JumpToScene",
									"Choice"
                                  ]
                    },
                    {
                        "NameOfScene": "Choice",
                        "theScene":[  "DisplayCharacters",
                                      "1",
                                      "EndLoop",
                                      "Menu",
                                        "Vaginal",
                                        "Blowjob",
                                        "Anal",
                                      "EndLoop"
                                  ]
                    },
                    {
                        "NameOfScene": "Vaginal",
                        "theScene":[
									"ChangeImageLayer", "Expression","1", "Lewd",
									"Speaks",
									"Ok ok you win now can we get to the fun stuff?",
									"Her flushed face belies her arousal, and apparently is enough to get over her pride - or at least make her horniness her #1 priority.",
									"But being the victor, you decide for her, stooping down and princess carrying the protesting Mika over to the stolen mattress, plopping her down and inspecting your prize as she squirms a bit, looking... rather delectable to say the least.",
									"And she's dripping wet, cloying juices slowly oozing out, which makes THAT decision for you pretty fast.",
									"As Mika lies flat on her back, slightly out of it, you kneel before her and whip out your dick as she belatedly realizes what the plan is.",
									"ChangeImageLayer", "Expression", "1", "Angry", "ChangeImageLayer", "Base", "1", "Blush",
									"Speaks",
									"JAM IT THE FUCK IN ALREADY!",
									"...It only takes a few moments of fingering to soften her face as she spasms, letting you focus more on, uh, doing exactly what she ordered you to do, but on your terms.",
									"You let out a grunt as you slip the head of your shaft into her drenched pussy, her inner walls extremely well lubricated by the juices already flowing out of her but her tight body still molding around you enough that even putting the head in is already an overwhelmingly intense sensation.",
									"ChangeImageLayer", "Expression", "1", "Flustered",
									"Speaks",
									"Nya-AAAAAAAAAAHN! FUCK! Yes!",
									"As you thrust deeper inside her molten warmth, you prop yourself up over her, hands sinking into the mattress as your dick sinks inside her. Mika's tail thwacks your leg lightly, twitching in pleasure, as she meowls in wanton pleasure.",
									"ChangeImageLayer", "Expression", "1", "Lewd",
									"As you start thrusting inside her, enjoying her toned body, her face melts into mindless pleasure, too horny to fight back or even think; her body is tight and warm and hot around you, clenching down every time you thrust as if to try to keep you inside, sending waves of pleasure through your shaft with every movement.",
									"Her back arching as you pound her, the cat squirms and shakes with every thrust, almost distractingly so as her sizable breasts jiggle mesmerizingly beneath you. The stimulation to your dick as she moves is getting too much to handle...",
									"Desperate to retain control, you grab her hands with your own, holding her down, and she looks at you with a complicated expression. Well, complicated in that 98% of it is pure unrelenting lust, but there's a bit of something else more tender.",
									"On top and in control you manage to pace yourself better, pounding her relentlessly in the missionary position, filling the room with the lewd sounds of slapping flesh and squelching wetness, mixed with her meowls and gasps as she drowns in pleasure.",
									"You can feel your own limit approaching quickly, but from this position it's possible to hold off a bit, focusing on fucking her brains out, and Mika is in no position to fight back - though her exquisite body is doing a good job of it anyways.",
									"But then she grins, and before you have a chance to react you can feel her legs wrapping around your waist, and her toned thighs PULL, constricting around you and forcibly hilting you completely into her pussy even as it tightens up beyond what should even be possible.",
									"Everything goes white for a moment as you cum violently, bucking your hips mindlessly in her tight embrace as jets of cum slam into her walls, her womb; you feel your legs giving out and her soft breasts catch your fall as your seed erupts inside her like a tsunami of unending pleasure.",
									"Somehow, she gets even tighter as she meowls loudly, a rush of juices soaking your dick as she orgasms messily and HARD, holding you uncomfortably tightly as she rides out a mind melting orgasm, her hands clasped tight against yours.",
									"The two of you ride out the afterglow for a few moments, or perhaps minutes, it's hard to think in the wake of orgasms that intense, and the usually energetic catgirl is too busy riding out a secondary orgasm to talk shit.",
									"ChangeImageLayer", "Expression", "1", "Smug",
									"Speaks",
									"H-holy FUCK...",
									"She's speaking for the both of you, and even as Mika's legs slowly slip from the death grip around your waist and her head lolls back into the mattress, barely clinging to consciousness, you still find it difficult to extricate yourself from her tender body as she grins up at you, eyes half lidded and not in much shape to keep going.",
									"As you manage to pull out with a lewd pop, a stream of cum follows, dripping out from the massive creampie she just wrung out of you before she adjusts her position slightly to mostly stem it, brushing a finger down to wipe some away before bringing the sticky mess to her mouth and licking it clean with an approving expression.",
									"ChangeImageLayer", "Expression", "1", "Caring",
									"Speaks",
									"...I'm not even mad I lost at this point. You're not bad, lover boy♥",
									"Feeling rather pleased with yourself, you gather your belongings and skedaddle as Mika falls asleep."
                                  ]
                    },
                    {
                        "NameOfScene": "Blowjob",
                        "theScene":[
									"Unfortunately her words have been on your mind throughout the fight, and you realize that your decision was already long since made - no point in belaboring the obvious. Quietly grateful for the convenient couch you sink down into its luxurious softness... after inspecting it for succubus bullshit of course, and gesture to your crotch.",
									"ChangeImageLayer", "Expression", "1", "Amused", "ChangeImageLayer", "Base", "1", "Blush",
									"The defeated(?) cat perks up as she catches on, approaching you on all fours with a slightly silly grin, but as she approaches close enough that you can see the whites of her eyes and realize the tremendous hunger in there, you realize this has a nonzero chance of going horribly.",
									"Still, as her gaze wanders down your body to your erect penis, transfixing it with a highly pleased expression, it's not hard to feel your ego fluffed a bit.",
									"ChangeImageLayer", "Expression", "1", "Lewd",
									"Speaks",
									"Don't worry, I'll be sure to drink every♥ last♥ drop♥ of your milk~",
									"Mika leans in for a long lick and you find yourself jerking sharply as her rough tongue sends paroxysms of pleasure through your already stimulated shaft like a wave; not quite painful but an overbearingly strong sensation nonetheless.",
									"As she plants a kiss on the tip, slowly enveloping the head with her lips while continuing to lick, the mixture of soft warmth and rough tenderness forces a groan from you, the mixture of very different sensations drastically enhancing the effects of her oral assault to superhuman levels even without the magic of aphrodasaic saliva or succubus shenanigans.",
									"As she begins fondling your balls, the catgirl leans in, taking your shaft to the hilt while trailing her tongue down its length, and the sudden assault forces a wild ejaculation out of you; sinking into the chair as you coat her throat with your seed, Mika continuing her relentless attack throughout with a steady stream of licks any time the flow seems to wane.",
									"You find your hand on her head - were you trying to push her away? - no, feeling the softness of her ears beneath your palm, her hair between your fingers, her dancing tongue on your shaft, of course you wouldn't want that to stop. Why would you have thought something stupid like that?",
									"Your head lolls back as she leaves a trail of kisses and licks down the side of your dick, the strange mixture of overwhelming tenderness of her lips and the savage roughness of her tongue leaving myriad sensations behind, along with a trail of warm saliva.",
									"But in the slightly cool air of the chamber, it's woefully inconsequential compared to the warmth of her mouth, and you guide her lips back to the tip as the cat kisses it deeply, swirling her tongue around the tip as her lips slip tighly around the shaft, slowly pulling her head down its length as she begins purring, sending a rumbling concussive force down its length as she purrs from deep in her throat.",
									"ChangeImageLayer", "Expression", "1", "Beg",
									"She looks up and your eyes meet; her eyes lidded and lewd, with a mouthful of cock and the demeanor of a kitty who is overwhelmingly thirsty for more. Mostly focusing her attentions on the front third or so of your dick, assaulting the vastly overstimulated head relentlessly with her rough tongue while gazing into your eyes.",
									"It doesn't take long to feel the unstoppable need building in your loins, and as your fingers brush against her hair and ears you lose yourself to another violent ejaculation, sending rope after rope of thick cum into her waiting mouth as Mika moans, purring seductively as she licks and sucks and heightens the already overwhelming orgasm into something almost mindbreaking.",
									"It almost feels like you're whiting out, vision going blurry as your hips buck, feeding a seemingly unending torrent of semen into her lips; dimly aware of one orgasm feeding into another but no longer able to care.",
									"And then it ends; you're not sure how long it took or what happened, but when you manage to focus in, Mika is showing off an overflowing mouthful of cum proudly, looking up at you expectantly and apparently pleased with what she saw as she closes her mouth, swallowing deeply, one, twice; it takes a fair number of swallows to completely take it all down.",
									"But when she opens her mouth again, extending her tongue, it's completely clean, and the thought sends a tiny pulse of excitement to your battered shaft.",
									"ChangeImageLayer", "Expression", "1", "Lewd",
									"Mika stands, licking her lips, and slightly belatedly you realize that you can hardly move and she's... well, more or less back in control. Wow, it's almost like she has a history of pulling this shit or something!",
									"Not that it stops your erection from returning to full mast as the horny catgirl leans over you, looking down with an almost worrying amount of lust - the kind of look that last time got you fucked comatose after countless hours of anal.",
									"ChangeImageLayer", "Expression", "1", "Submissive",
									"This time, she impales herself vaginally on your cock, drawing the remnants of an ejaculation you didn't think you had left in you, though it's drowned in a tidal wave of her juices as Mika orgasms violently, her entire body spasming, sending delectable quivers through her full breasts and her bountiful booty as she shakes against you, collapsing bodily against your chest, her soft breasts rubbing against you as her chin rests on your shoulder.",
									"The two of you sit there, your bodies entwined tightly, and Mika purring disarmingly in your ear from joy before she pulls back a little, grinning mischievously at your discomfiture but not something a little softer in her eyes today.",
									"ChangeImageLayer", "Expression", "1", "Base",
									"Speaks",
									"You did win after all, but you've made me into a naughty kitty, so... you're going to have to take responsibility♥",
									"JumpToScene",
									"BJ Part 2"
                                  ]
                    },
					{
                        "NameOfScene": "BJ Part 2",
                        "theScene":[
									"GetEventAndIfChoice",
									"Alternate Commander's Pet",
									         "7",
									                  "Cuddle",
									                           "HappySexIntro",
									"GetEventAndIfChoice",
									         "Alternate Commander's Pet",
									                  "8",
									                           "Get her comfortable.",
									                                    "HappySexIntro2",
									"JumpToScene",
									"NormalSex"
                                  ]
                    },
					{
                        "NameOfScene": "HappySexIntro",
                        "theScene":[
									"ChangeImageLayer", "Expression", "1", "Caring",
									"Leaning in close until her forehead is touching yours, Mika's smile looks almost tender as she lowers her voice enough that you have to focus to hear her clearly.",
									"Speaks",
									"And besides... after you cuddled with me like that, I have to reward you somehow♥",
									"JumpToScene",
									"HappySex"

                                  ]
                    },
					{
                        "NameOfScene": "HappySexIntro2",
                        "theScene":[
									"ChangeImageLayer", "Expression", "1", "Caring",
									"Leaning in close until her forehead is touching yours, Mika's smile looks almost tender as she lowers her voice enough that you have to focus to hear her clearly.",
									"Speaks",
									"And besides... after you let me out of that stockade with a nice full belly, I have to reward you somehow♥",
									"JumpToScene",
									"HappySex"
                                  ]
                    },
					{
                        "NameOfScene": "HappySex",
                        "theScene":[
									"Without further warning, Mika leans in further, bringing her lips to yours as she captures you in a forceful french kiss; her rough tongue warring dominantly against yours as she slowly begins grinding on your shaft. She tastes vaguely like tuna for some reason.",
									"It doesn't seem like she has the strength to really ride you hard, but even slowly jostling her hips, feeling the soft plushness of her bountiful ass pressing into your crotch and the softness of her pussy is still enough to bring you to cloud 9.",
									"It's not as overwhelmingly tight as her ass and Mika is clearly unable to resist the waves of pleasure washing over her due to her very sensitive pussy, but exceptionally soft and dripping wet is its own reward, and her whole body pressed against yours adds up to a myriad mix of delectable sensations.",
									"Your hands find themselves resting on her plump ass, sinking a little into the flesh as you return her movements with lazy thrusts of your own, too exhausted to dominate her at this point but relishing her little gasps and moans as you plunder her body with wanton abandon.",
									"It doesn't take long to cum again, her total assault robbing you of mind and breath alike, and you flood her pussy with a grunt, drenching her pussy with shot after shot of thick cum that mixes with her own juices as Mika orgasms, moaning loudly into your mouth as her tongue assault finally weakens, and the combined juices seem to act as an even better lubricant than before.",
									"Finally barely winning the tongue-o-war against her, Mika's head lolls back and she almost falls over backwards before you catch her, pulling her back into you, her breasts smushed gloriously against your chest as her chin rests on your shoulder, and she starts purring quietly directly into your ear, a disarmingly lewd sound that only heightens your need for her body.",
									"You can't stop yourself from thrusting as deep as you can inside her, rewarded by a little squeak as your tip touches something, and impulsively Mika wraps her arms tightly around you, pulling herself into you as she slowly gyrates her hips; you can feel the mixture of fluids sloshing around inside her, around your rock hard cock; it may not be succubus magic but effective nonetheless.",
									"With her breasts squished so tightly against your chest it's hard to focus but you manage to hold on, using your vantage point to nibble a little at the nape of your neck as her purrs turn to gasps, the reverberating sound picking up inconsistently in temp as she surrenders entirely to the pleasure.",
									"Time passes by in a world of softness as the two of you drown in each other's bodies; you'e long since lost track of how many times you cummed inside her but your mind and body alike are starting to flag regardless of the island's magic, and Mika herself has been reduced to cute little mewls as she mindlessly grinds against you, shuddering in ways that send delicious jiggles through her body.",
									"But as she rises and falls slightly, you accidentally meet her motion, the tip of your cock impacting her cervix harder than you had thought possible as she drops her full weight onto you, and everything goes white.",
									"Pulling down on her plump ass to go as far in as you can, the first jet of cum splashes through her as the catgirl almost screams in orgasmic joy, clamping down on you even tighter and obliterating any restraint you had left.",
									"Each burst of cum slams into her harder than the last, some wasted in her pussy but many more drenching her womb directly as Mika gasps and moans in the midst of an overwhelming orgasm at the sensation, her juices washing over you in turn as you mindlessly fill her up, possessed by a bestial need to breed her like never before.",
									"But eventually your body gives out, followed moments later by your mind, and as you pass out wrapped tightly in her delectable body you can't help but feel like you should be more worried about falling asleep in a room with Mika than you are.",
									"...",
									"You awaken to a wet sensation, groggily coming to as something feasts on your neck.",
									"ChangeImageLayer", "Expression", "1", "Shock", "ChangeImageLayer", "Base", "1", "Blush",
									"Before your adventurer instincts kick in, Mika's head appears from beside your own, a thin trail of saliva connecting her tongue and your neck, thankfully, uh, WITHOUT a gory load of viscera or anything weird, and belatedly you realize she was licking your neck.",
									"...She's still impaled on your cock though, and you can hardly feel your legs after her fat ass has been weighing on them for god knows how many hours at this point.",
									"PlayerSpeaks",
									"Asdfgh?",
									"...Yeah that was pretty coherent for how you're feeling.",
									"ChangeImageLayer", "Expression", "1", "Base",
									"Speaks",
									"Oh, uh... morning, {ThePlayerName} nyaha~",
									"For some reason she seems a little - almost nervous, maybe? Though she doesn't let on much as to why and pulls out shortly after, almost collapsing as a thin trickle of cum drips down her inner thigh.",
									"...Yeah she totally kept going after you passed out.",
									"But for better or for worse she's obviously no threat to you at this point, hardly able to stand much less fight as she plops onto the couch next to you and falls asleep almost immediately.",
									"Well, so much for a heart to heart. You DID technically beat her though... again... so after slowly forcing yourself upright you manage to make it through the door, trying to ignore the stinging claw marks in your back and the obvious hicky on your neck."
                                  ]
                    },
					{
                        "NameOfScene": "NormalSex",
                        "theScene":[
									"While she is talking the good shit, the slight tremble in Mika's posture tells another story, and the battered catgirl grins somewhat ruefully at you as she realizes it too.",
									"Speaks",
									"Well... I should be able to stick around a bit longer at least♥",
									"Placing her hands on your shoulders for purchase, she slowly starts grinding on your dick, sending paroxysms of pleasure down your already overstimulated shaft; her wet walls close tightly around you as she methodically milks you.",
									"Unencumbered, it's easy enough to place your hands on her plush ass, drawing a giggle from her as she enjoys the fondling, giving you a bit of a show as she leans back, stimulating your dick from top to bottom as she rises and falls, sending her breasts jiggling a bit with each movement.",
									"The catgirl rides your cock for a bit as her demeanor grows more and more flushed from exertion, and before long orgasms violently as she drops down your cock, flooding your shaft in her juices and in turn eliciting a sizable ejaculation as you fill her up again.",
									"She hardly even has time to try to pull herself off or go for round 3 before she starts fading out, either too tired or too unmotivated to stick around. Maybe if you were extra nice to her next time you got a chance..."
                                  ]
                    },
                    {
                        "NameOfScene": "Anal",
                        "theScene":[
									"With the tricky kitty in no position to turn the tables like usual, that means it's probably safe to use her ass, or at least as safe as it'll ever be.",
									"Without further ado you pick her up and bend her over the side of the couch, eliciting a bit of a surprised meowl from her as the slightly addled cat wiggles her butt enticingly, too horned up to pretend to have any form of decorum left.",
									"And secure in your dominance, you oblige, slamming your dick into her tight ass with a forceful thrust that sends her bountiful booty jiggling like the ocean's grey waves and her body spasming from the forceful entry.",
									"ChangeImageLayer", "Expression", "1", "Shock", "ChangeImageLayer", "Base", "1", "Blush",
									"N-NYAAAAAAAH! If you wanted my ass you could have just-",
									"Smacking her pliable ass interrupts the none too trustworthy kitty; you know where THAT train of thought goes, and it involves her fucking you back to church in a hurry.",
									"PlayerSpeaks",
									"You wanted me to punish you, right? Well, here it is!",
									"Having a bit of fun with what PROBABLY qualifies as roleplay, you sink both hands into her delectable ass, pounding the defeated cat's butt remorselessly as she howls in a mixture of frustration and pleasure mixed together.",
									"Each meeting of hips leaves her butt almost caressing your hips in its delectable softness, her highly lubricated ass equally welcoming of your shaft but loath to release it; pulling out sends ripples across her flesh but each thrust back in feels like fitting a glove... but with your dick.",
									"ChangeImageLayer", "Expression", "1", "Submissive",
									"Maybe a bit too overconfident you ignore the rising sensation in your hips until it's too late and spray a load of cum inside her ass with a grunt and one last thrust, the powerful muscles of her butt relentlessly milking the entirety of that ejaculation out of you in short order and leaving her ass even better lubricated than before.",
									"Leaning forward, you rest your body on hers, resuming your thrusting as your fingers curve around her sizable breasts from below, eliciting another deliriously delicious meowl from the horny kitty and enjoying their exceptional softness as you continue to slam your hips against hers, Mika weakly pressing back against you with each thrust but unable to meet your tempo.",
									"Still, the way she wiggles her butt helps it feel even better, her moans almost gutteral and animalistic as she loses herself in the moment.",
									"A massive rippling shudder through her entire body belies the screaming orgasm more than her voice, a large splash of her liquids splattering the ground beneath you, lending even more tightness to the walls surrounding your cock.",
									"The sensation is too intense for words, both the raw stimulation of her body and the sense of power over an incredibly horned up kitty, and you find your legs almost giving out under you as you're forced to rest on her body, draped over her on the couch; hearing her gasps and breaths from inches away as you drink in her body.",
									"Her face is slack, filled with mindless lust but also some degree of affection, sweetly seductive enough that you find yourself going in for a sloppy kiss - neither of you can really focus on it but the sense of intimacy is welcome.",
									"Drinking in her moans, you can feel your arousal building past the point you can control it, hilting yourself in her ass and cumming violently with a loud grunt to match her own intense moans.",
									"As you drown her ass in load after load of thick semen, you can feel her shudder beneath you as she orgasms again, each of you emptying yourselves in the moment.",
									"As you pull out shakily, not wanting to give her a chance to turn the tables, you can't help but notice how hard you just wrecked that ass; a constant stream of cum is dripping down to the ground, pooling into the puddle of her own juices already there",
									"You feel your still hard cock throb as the last of your ejaculation finds its way out, a last few strings of cum that drench her butt cheeks and one that plays along her lower back, before you are well and truly done.",
									"Mika doesn't seem to be in much position to give her opinion on the subject, but the light purring you can hear as she loses consciousness suggests you probably did a pretty good job."
                                  ]
                    }
                ]
}
