{
    "name": "Angelic Rushdown",
    "cost": "0",
    "costType": "ep",
    "requiredLevel": "0",
    "learningCost": "0",
    "skillType": "attack",
    "statType": "Technique",
    "requiredStat": "0",
    "skillTags": ["Sex"],
    "fetishTags": ["Sex"],
    "startsStance": "Sex",
    "requiresStance": "Any",
    "unusableIfStance": ["Blowjob", "Penetration", "Face Sit", "Titfuck", "Making Out"],
    "requiresTargetStance": ["Any"],
    "unusableIfTarget": ["Penetration", "Tailjob", "Footjob"],
    "removesStance": "None",
    "requiresStatusEffect": "None",
    "requiresStatusPotency": "0",
    "unusableIfStatusEffect": ["Restrain"],
    "power": "20",
    "minRange": "90",
    "maxRange": "110",
    "recoil": "25",
    "targetType": "single",
    "statusEffect": "none",
    "statusChance": "0",
    "statusDuration": "0",
    "statusPotency": "0",
    "statusResistedBy": "",
    "statusText": "",
    "descrip": "Fuck! Just don't get carried away.",
    "outcome": "{AttackerName}'s wings flare into vision for a moment before propelling {AttackerHimOrHer} towards {TargetName} at high speeds, bowling {TargetHimOrHer} over as {AttackerHeOrShe} impales herself on {TargetHisOrHer} cock!",
    "miss": "{AttackerName}'s wings flare into vision for a moment before propelling {AttackerHimOrHer} towards {TargetName} at high speeds, but {TargetHeOrShe} manages to dodge the rushdown!",
    "statusOutcome": "",
    "statusMiss": "",
    "restraintStruggle": "",
    "restraintStruggleCharmed": "",
    "restraintEscaped": "",
    "restraintEscapedFail": ""
}
