{
    "name": "Angelic Bounce",
    "cost": "0",
    "costType": "ep",
    "requiredLevel": "0",
    "learningCost": "0",
    "skillType": "attack",
    "statType": "Power",
    "requiredStat": "0",
    "skillTags": ["Sex"],
    "fetishTags": ["Sex"],
    "startsStance": "",
    "requiresStance": "Sex",
    "unusableIfStance": ["Blowjob"],
    "requiresTargetStance": ["Sex"],
    "unusableIfTarget": [""],
    "removesStance": "None",
    "requiresStatusEffect": "None",
    "requiresStatusPotency": "0",
    "unusableIfStatusEffect": ["None"],
    "power": "120",
    "minRange": "90",
    "maxRange": "110",
    "recoil": "50",
    "targetType": "single",
    "statusEffect": "Charm",
    "statusChance": "70",
    "statusDuration": "3",
    "statusPotency": "0",
    "statusResistedBy": "Willpower",
    "statusText": "",
    "descrip": "",
    "outcome": "{AttackerName} bounces on {TargetName}'s shaft, each movement sending pleasure screaming through both of them as her incredibly tight pussy clamps down each time {TargetName}'s head brushes against her cervix!",
    "miss": "{AttackerName} awkwardly rides {AttackerHisOrHer} {TargetName}'s cock, but despite her incredible tightness {TargetYouOrMonsterName} manages to resist the pleasure!",
    "statusOutcome": "The mind melting pleasure {AttackerName}'s body brings with each crash down is too much for {TargetName} to bear, and they find themself trying to impale {AttackerHisOrHer} even further onto their cock!",
    "statusMiss": "",
    "restraintStruggle": "",
    "restraintStruggleCharmed": "",
    "restraintEscaped": "",
    "restraintEscapedFail": ""
}
