{
    "name": "Metatron's Embrace",
    "cost": "0",
    "costType": "ep",
    "requiredLevel": "0",
    "learningCost": "0",
    "skillType": "attack",
    "statType": "Power",
    "requiredStat": "0",
    "skillTags": ["Sex", "Mouth", "Holy"],
    "fetishTags": ["Sex", "Kissing"],
    "startsStance": "",
    "requiresStance": "Any",
    "unusableIfStance": ["Blowjob"],
    "requiresTargetStance": ["Penetration", "Making Out"],
    "unusableIfTarget": [""],
    "removesStance": "None",
    "requiresStatusEffect": "None",
    "requiresStatusPotency": "0",
    "unusableIfStatusEffect": ["None"],
    "power": "100",
    "minRange": "90",
    "maxRange": "110",
    "recoil": "70",
    "targetType": "single",
    "statusEffect": "Aphrodisiac",
    "statusChance": "150",
    "statusDuration": "5",
    "statusPotency": "60",
    "statusResistedBy": "",
    "statusText": "",
    "descrip": "",
    "outcome": "{AttackerName} slowly gyrates her hips around {TargetName}'s cock, her exquisite pussy milking you for everything you're worth, as her tongue wars with yours and magic courses through you! Your mind nearly blanks out from the myriad sensations assaulting you.",
    "miss": "{AttackerName} slowly gyrates her hips around {TargetName}'s cock, but {TargetYouOrMonsterName} resists the pleasure!",
    "statusOutcome": "As her divine magic flows through you, your body begins to heat up even as your mind overflows with perverse thoughts about her body!",
    "statusMiss": "",
    "restraintStruggle": "",
    "restraintStruggleCharmed": "",
    "restraintEscaped": "",
    "restraintEscapedFail": ""
}
