{
    "name": "Tiny Tighten",
    "cost": "0",
    "costType": "ep",
    "requiredLevel": "0",
    "learningCost": "0",
    "skillType": "attack",
    "statType": "Allure",
    "requiredStat": "0",
    "skillTags": ["Sex"],
    "fetishTags": ["Sex"],
    "startsStance": "",
    "requiresStance": "Sex",
    "unusableIfStance": ["Blowjob"],
    "requiresTargetStance": ["Sex"],
    "unusableIfTarget": [""],
    "removesStance": "None",
    "requiresStatusEffect": "None",
    "requiresStatusPotency": "0",
    "unusableIfStatusEffect": ["None"],
    "power": "80",
    "minRange": "90",
    "maxRange": "110",
    "recoil": "20",
    "targetType": "single",
    "statusEffect": "Defence",
    "statusChance": "60",
    "statusDuration": "5",
    "statusPotency": "-30",
    "statusResistedBy": "Willpower",
    "statusText": "",
    "descrip": "",
    "outcome": "{AttackerName}'s incredibly tight pussy clamps down on {TargetName}'s shaft like a vice, the intense pressure of her insides caressing every milimeter of their cock sending shockwaves of overwhelming pleasure through them!",
    "miss": "{AttackerName} awkwardly tightens {AttackerHisOrHer} pussy around {TargetName}'s cock, but {TargetYouOrMonsterName} resists the pleasure!",
    "statusOutcome": "Her intense tightness is making {TargetName} struggle to stay coherent, lowering {TargetHisOrHer} defences!",
    "statusMiss": "",
    "restraintStruggle": "",
    "restraintStruggleCharmed": "",
    "restraintEscaped": "",
    "restraintEscapedFail": ""
}
