{
    "name": "Mountain",
    "Addition": "Yes",
    "Monsters": [],
    "MonsterGroups": [
                  {
                      "Group": [""]
                  }

                ],
    "Events": ["The Milkmaid", "Training with Metatron II"],
    "Quests": [""],
    "Adventures": [""],
    "Treasure": [
                {
                    "Common": [""]
                },
                {
                    "Uncommon": [""]
                },
                {
                    "Rare": [""]
                }
              ]
}
