{
    "name": "EnduranceSexImps",
    "CardType": "Event",
    "CardLimit": "2",
    "Description": "",
    "requires": [""],
    "Speakers": [
                  {
                    "name": "Ashley",
                    "postName": "",
                    "SpeakerType": "Monster"
                  },
                  {
                    "name": "Sarah",
                    "postName": "",
                    "SpeakerType": "Monster"
                  },
				  {
                    "name": "Imp",
                    "postName": "",
                    "SpeakerType": "Monster"
                  }

                ],
    "EventText": [
                    {
                        "NameOfScene": "Return",
                        "theScene":[  
									"ProgressEqualsOrGreater",
									"3",
									"Return2",
									"DisplayCharacters",
									"1",
									"2",
									"EndLoop",
									"ChangeImageFor", "1", "Base",
									"ChangeImageFor", "2", "Base",
									"The barracks are pretty empty this time, aside from one imp brushing her teeth on the far end and two vaguely familiar looking imps sprawled across beds near you, one face-down and kicking her legs, the other inspecting the bottom of a bottle labeled 'Root Bear' with a little stylized ursine head on the label and looking annoyed that there isn't much left.",
									"...And touching herself.",
									"The bedridden(?) imp flops over and catches a glance at you, giggling as soon as she recognizes you and pops up into a sitting position like an imp-in-the-box. You've noticed that imps being happy and moving is usually a bad sign. And by usually, you mean always.",
									"ChangeImageFor", "1", "Smug",
									"Speaks3",
									"Oh hey, Sara was just masturbating to you!",
									"ChangeImageFor", "2", "Panic",
									"Speaks2",
									"Eat a dick Ash, you may have gotten me with that twice but not this timOH FUCK!",
									"Realizing you ARE there, she throws the bottle so hard it knocks the toothbrushing imp out on the spot with a meaty *thunk*, then jumps off the bed, trips, and faceplants hard into the bed next to her.", 
									"Silence reigns for a few moments.",
									"ChangeImageFor", "2", "Submissive",
									"Speaks2",
									"...I'm alright...",
									"The first imp is too busy cackling to help OR make fun of her, at least for now, but calms down before the embarrassed imp does and greets you merrily.",
									"Speaks",
									"Don't mind her, she's just jealous you didn't pound her like you did me. The endurance sex thing, remember? She's been fantasizing about you pushing her down and-",
									"'Ash' disappears from view as a projectile pillow flips her backwards and sends her flopping to her bed like a boneless fish, while the embarrassed imp hops up, her face red but hopping mad.",
									"ChangeImageFor", "2", "Panic",
									"Speaks2",
									"YOU DIDN'T HAVE TO TELL HIM THAT! ...N-not that it's true or a-anything... ok MAYBE I did it once or twice but - fine, whatever, yes, I did it ONE time, jerk.",
									"ChangeImageFor", "1", "Smug",
									"Speaks",
									"That's the spirit, girl! By the way, I'm Ashley, and she's Sar-",
									"ChangeImageFor", "2", "Base",
									"Speaks2",
									"I can introduce myself, thankyouverymuch. ...Sarah.",
									"The pillowpocalypse'd imp sits up grinning, none the worse for wear, crossing her legs as she pipes back up.",
									"ChangeImageFor", "1", "Base",
									"Speaks",
									"Lost my life savings to Mika in a children's card game, but if you want some happy fun times I bet Sarah over here wouldn't mind volunteering. And hey, neither would I, stud. You messed me up pretty good, schlicked to it a few times to it myself.",
									"Speaks2",
									"Then why the hell are you teasing me about that?!",
									"Speaks",
									"'Cause it's easy and does a lot of damage.",
									"Sarah looks at her in horror, and Ash shrugs. ...You hate to admit it, but she's got a point.",
									"Speaks",
									"Anyways, I had some ideas for group activities if you're bored, or you can leave. I mean, not like we can really stop you.",
									"Speaks2",
									"Don't you have ANY pride?",
									"Speaks",
									"Yeah, but he's fucked up so many imps by this point that at this point we might as well try seducing him instead.",
									"Speaks2",
									"...You're not... WRONG...",
									"Speaks",
									"So anyways, what'll it be, big boy?",
									"JumpToScene",
									"Choices"
                                  ]
                    },
					{
                        "NameOfScene": "Return2",
                        "theScene":[  
									"DisplayCharacters",
									"1",
									"2",
									"EndLoop",
									"ChangeImageFor", "1", "Base",
									"ChangeImageFor", "2", "Base",
									"Sarah and Ashley are lounging about the empty barracks as you enter; Ash waves you over with a breezy grin and Sarah greets you with a softer smile of her own. They definitely seem happy to see you.",
									"...That's probably not a good sign.",
									"JumpToScene",
									"Choices"
                                  ]
                    },
					{
                        "NameOfScene": "Choices",
                        "theScene":[  
									"Menu",
										"Endurance sex rerun!",
										"Teamwork!",
										"Both at once!",
										"Talk",
										"Spend time with",
										"Leave",
									"EndLoop"
                                  ]
                    },
					{
                                  "NameOfScene": "Endurance sex rerun!",
                                  "theScene":[ 
												"ChangeImageFor", "1", "Base",
												"ChangeImageFor", "2", "Base",
												"Both imps grin mischievously as you agree to their terms, and the second imp claps her hands as the first rapidly undresses.",
												"Speaks2",
												"Ok, here are the rules. If you manage to make her cum before you do, you can do an♥y♥thing♥ you want with her body, and neither she, I, nor other imps can interfere until after you leave the room.",
												"Speaks2",
												"If you cum before she does, she gets to milk you for... let's say two more loads. We wouldn't want to tire you out too much after all♥",
												"Speaks",
												"God shut the fuck up no one cares you graduated from Whorevard university you skank, now sit your ass the fuck down and fuck my pussy up big guy, once you get a taste you'll be begging me to let you cum inside♥",
												"...You're not sure exactly how trustworthy they are, but uh, here's to nothing.",
												"ChangeArousalQuietly",
												"10",
												"The first imp leads you to her bed and pushes you into sitting on it, grinning with premature glee as she straddles your lap and rubs her pussy against the tip of your cock, leaving a small trail of her juices running down the shaft.",
												"ChangeArousalQuietly",
												"20",
												"As she slowly lowers herself onto the shaft, her tight slit engulfing your glans with a wet pop and the intense sensation of her demonic pussy wrapping around your cock, it occurs to you that this may have been a bad idea.",
												"ChangeArousalQuietly",
												"20",
												"ChangeImageFor", "1", "Submissive",
												"But not defeated yet, you place your hands on her underwhelming ass and pull her down a bit faster than she had planned, eliciting a squeak and a moan from her as her friend giggles from nearby.",
												"ChangeArousalQuietly",
												"20",
												"Even as her expression melts into pleasure, the imp visibly refuses to give up, bracing herself against you with her hands on your shoulders and her soft albeit small breasts rubbing against your chest, starting to ride your cock slowly.",
												"ChangeArousalQuietly",
												"20",
												"It doesn't take long for both of you to be slamming into each other, the wet sounds of flesh meeting flesh echoing through the room as her hips slam against yours, her face gripped in the throes of ecstacy as you focus on trying not to cum.",
												"ChangeArousalQuietly",
												"30",
												"Gasping for breath, the imp is clearly reaching her limits; she realizes it as well, but so does her friend, and the second imp winks at you as she grabs the first imp's hips and SLAMS them down, completely hilting her on your cock.",
												"IfPlayerOrgasm",
												"LostEnduranceSex",
												"But as the imp orgasms violently, flooding your cock with her juices as she shakes in your arms, you manage to hold on!",
												"Speaks2",
												"VICTORY GOES TO THE CHALLENGER!",
												"The first imp tries in vain to pull herself up, hopelessly impaled on your shaft, as her face twists in frustration.",
												"Speaks",
												"F-fuck... thought I... had that...",
												"The second imp pats you on the shoulder, grinning widely.",
												"Speaks2",
												"Well, hero, you won, so you can do whatever you want with this little slut. May I suggest disciplining her?",
												"Speaks",
												"H-hey, fuck you...",
												"Menu",
												"Keep fucking the imp!",
												"Leave them be.",
												"EndLoop"
                                    ]
                            },
							{
                                  "NameOfScene": "Keep fucking the imp!",
                                  "theScene":[ 
												"Well, you still have to cum, and by imp standards you know they're somewhat trustworthy, so...",
												"With a grunt, you flip the impaled imp over onto her back, still buried deep inside her as she lies on the bed looking blearily up at you. Most of the fight seems to have gone out of her, but she still looks pretty horny - and so are you!",
												"In complete control, you are free to thrust inside her at your own pace, controlling your orgasm as you pound her sodden snatch relentlessly, and the imp moans in orgiastic pleasure with each thrust.",
												"You lean down to kiss her and she returns your messy kiss with her own, your tongue dominating hers as she melts in your hands.",
												"It doesn't take long to feel your own finish coming, and you slam your cock as far inside her as it will go, rewarded in equal parts by the imp's sweet moans and incredible tightness as her orgasming body tightens around you, and your own massive ejaculation.",
												"PlayerOrgasm",
												"1",
												"Flooding her pussy with rope after rope of cum, you raid her insides with reckless abandon, drenching her with exactly what she desired as the oversexed imp's eyes roll up into her head and she begins to lose consciousness with a kind of silly expression on her face.",
												"The second imp looks on in naked desire as you pull out, leaving a sloppy trail of cum dripping out of the first, and get ready to leave.",
												"...She's touching herself too, but waves you away to leave before the rest of the horde shows up.",
												"JumpToScene",
												"Progression"
                                    ]
                            },
							{
                                  "NameOfScene": "LostEnduranceSex",
                                  "theScene":[ 
												"PlayerOrgasm",
												"1",
												"Your resolve evaporates in the face of such incredible pleasure and you cum inside her, drenching the imp's pussy with an enormous load of cum as she spasms around you, milking you dry in the midst of her own violent orgasm.",
												"Speaks2",
												"AND DAEMONKIND CLAIMS ANOTHER VICTIM! Not, uh, literally, but you did lose. Hehe. You two lovebirds have fun♥",
												"The first imp, recovering from her own exhaustion thanks to the spirit energy of the massive load of semen you just pumped into her loops her arms around your neck and pulls you into a kiss as she dominates your mouth, then pushes you down onto the bed and rides you cowgirl with an almost evil smirk.",
												"PlayerOrgasm",
												"1",
												"The next load comes quickly, splattering her insides, and she continues as if she hadn't even noticed; bumping, grinding, bouncing, just torturing your helpless dick beyond your ability to comprehend what's going on.",
												"PlayerOrgasm",
												"2",
												"She has to put her hands on your chest to steady herself as she orgasms too, but fueled by how much you've poured inside her she easily keeps going, milking two more loads out in fairly rapid succession",
												"But you are saved by the second imp, who slaps the first imp upside the head hard enough you're not quite sure how that didn't trigger the island's magic field, bringing the former back to her senses.",
												"Speaks",
												"Ah.. shit... sorry, I got a little carried away, huh? Well. You did great, stud. Feel free to come back any time you want to get milked again♥",
												"ChangeSpiritQuietly",
												"2",
												"It takes some time, but the two imps help you dress and shoo you out of the door, one of them feeding you a suspicious looking potion that helps you feel a little less woozy, while the other imp slaps your ass as you go with a nod and a wink.",
												"JumpToScene",
												"Progression"
                                    ]
                            },
					{
                        "NameOfScene": "Teamwork!",
                        "theScene":[  
									"ChangeImageFor", "1", "Base",
									"ChangeImageFor", "2", "Base",
									"Ashley decides for everyone involved, teasingly pushing you to to your ass on the nearest bed while slipping behind Sarah - and in one fluid movement, pulls the abashed imp's top off, allowing her boobs to spill out like a - NOT an A cup, actually?",
									"ChangeImageFor", "2", "Submissive",
									"Speaks2",
									"What the fu-",
									"Speaks",
									"Sarah here is pretty stacked by imp standards you know~ way bigger than mine, at least a B, I bet they feel reaaaal good in your palm, you know?",
									"ChangeImageFor", "2", "Base",
									"Speaks2",
									"When I get my hands on you I will-",
									"Speaks",
									"So what about a twofer, hero?",
									"Resting her head on her discomfited friend's shoulder, shamelessly fondling her right breast, Ashley grins and winks at you.",
									"Speaks",
									"If you can resist BOTH of us this time, you win. And if not... well, you still win. To make it fair, I won't even use my pussy this time!",
									"Sarah, apparently, has had enough of being pushed around, shoving Ash away from her as she rips off her remaining clothes with an angry blush, and gets to work on yours without mercy.",
									"Speaks2",
									"Less talk, more sex!",
									"Speaks",
									"That's the spirit, sister!",
									"Speaks2",
									"I'm not your fucking sister, Ashley, and it'd probably be some weird incestuous relationship if we were. Just... get on with it.",
									"She turns to face the mouthy imp, who was apparently waiting for that - shoving Sarah down onto you, her small but soft butt hitting your stomach and sliding down as the lips of her pussy rub up against your already reasonably hard shaft having just watched them both undress.",
									"Her body is warm and soft against yours, but the heat spilling out of her drooling pussy lips onto your shaft is making it really hard to think already.",
									"ChangeImageFor", "1", "Smug",
									"Ashley, however, has different ideas, kneeling before you and your new lap ornament with an obnoxiously smug look as she licks her lip.",
									"PlayerSpeaks",
									"Wait no not the god damn pun-",
									"Speaks",
									"BONER APPETITE!",
									"As her words cut through you like Bolt-3 set to wide dispersal on an orphanage, the grinning imp drags her tongue up the underside of your shaft in a long messy lick, cresting the top and drinking in your befuddled expression with positively deviant desire.",
									"Speaks",
									"You too, Sarah! How else are you going to make him fall for you?",
									"Speaks2",
									"I'M NOT-fine, whatever.",
									"She mumbles something under her breath, but without further ado the imp in your lap starts slowly grinding her pussy lips against the front of your dick, mostly at the bottom at first as she tries to get into the motion but soon slathering the shaft in her juices as she starts moaning quietly at the stimulation.",
									"She guides your hands to her breasts - definitely a B cup at least - to start fondling her, finding the exceptionally soft but firm texture quite enjoyable, as Ashley starts bobbing her head up and down on your cock, never breaking eye contact as she expertly licks and sucks with an incredibly dextrous tongue.",
									"It doesn't take long for the two imps to synchronize; Sarah's absolutely drenched pussy rubbing across the front of your shaft is incredibly distracting, her aphrodisiac juices hard to ignore, and her small, soft body and the pert breasts in your hands are just as intoxicating as her rapidly intensifying moans as she gets into it.",
									"Ashley quickly gets the hang of her varied blowjob as well, deepthroating the shaft with an exaggerated gag each time Sarah's lips move away for a moment and licking whatever she can reach when the other imp is close. Sometimes her lips just close around the head, kissing and licking as she tries to eke out each moan from you, hands fondling both balls and occasionally rubbing the shaft to add a pseudo-handjob into the mix.",
									"The obscene sounds of flesh on flesh echo throughout the room as sweetly as Sarah's moans and Ashley's slurps, the imp in your lap bucking wildly as her orgasm nears, and you can't hold yours in much longer either; between the two imp's ministrations it's like a pleasant flavor of hell.",
									"Sarah is more or less completely out of it, bucking wildly, but as Ash looks up at you and winks you realize this was over before it started.",
									"ChangeImageFor", "2", "Submissive",
									"-And even as her lips slide off the top of your cock, leaving a wet trail of saliva behind, she pushes your cock backwards with one hand and SLAMS Sarah down on it with the other, the insensate imp's pussy lips kissing the base of your cock as she screams in orgiastic pleasure, splattering Ashley's face and your battered cock with her juices, shuddering like a leaf in your arms as the orgasm steals all thought and sense from her.","PlayerOrgasm",
									"1",
									"The intense pressure of her pussy when you were already at the brink of cumming drives you into a roaring orgasm of your own, wrapping your arms around her as your seed spurts into her already full pussy and blasts into her womb from the sheer pressure, even in her nigh-unconscious state the imp's body mercilessly milking every drop from you as Ash helpfully massages your balls to make sure there's nothing left.",
									"PlayerOrgasm",
									"1",
									"It's hard to tell how long the ejaculation goes on for, every moment an eternity of almost agonizing pleasure, but eventually you realize you're slumped up against the pillow, with Sarah occasionally shuddering in post-orgasmic tremors, her eyes rolled up into her head and completely out of it.",
									"Ashley, for her part, seems pretty much unphased, licking what she can reach of the mess on her face before licking up the mixed juices and semen leaking out of Sarah's overflowing pussy with an approving nod and standing up.",
									"Speaks",
									"We'll get you addicted to imp pussy soon enough, but for now... thanks for going along with that. That girl couldn't be honest with herself if she tried, and she doesn't, so sometimes I gotta give her a bit of a push. Hope you had fun too♥ Next time be sure to fill us both up, alright?",
									"JumpToScene",
									"Progression"
                                  ]
                    },
					{
                        "NameOfScene": "Both at once!",
                        "theScene":[  
									"Speaks",
									"IT'S TIME TO YEET YOUR MEAT!",
									"Speaks2",
									"Normal people don't talk like that, Ashley, but... I do share her sentiments.",
									"Ash is eyeing you like a piece of meat and even the more reserved Sarah's eyes roam your body with a powerful thirst, but at least you know these imps as trustworthy... by imp standards... so at worst they'll just milk you until you pass out and then a few hours more. Pretty normal stuff.",
									"Neither imp wastes much time stripping you down and removing their own clothes; Sarah does so with pragmatic efficiency while Ash gives you a bit of a show, winking when she notices your eyes roving her now nude body - and slapping Sarah's ass hard enough to cause a bit of a jiggle, the slightly bustier imp's flesh moving a bit as she starts and a nice bit of motion can be seen in her breasts.",
									"...Rather than fight back, though, the imp's eyes are glazed over with what could diplomatically be described as raw animal lust, or less diplomatically be referred to as an unyielding oath to fuck you until your dick breaks and your pelvis crumbles to dust.",
									"Oh yeah, you have been blue balling her pretty fierce. Figuratively speaking of course. Who knew that could have consequences?",
									"The larger chested imp pushed you down onto the bed with purpose, her nether lips already dripping wet as she crawls over your leg and positions herself above your erect shaft.",
									"-And IMPALES herself in one swift motion, her tiny pussy squelching obscenely as it completely engulfs every single inch of your cock at once - a wet rush of fluid drenching your shaft as well, her back trembling and modest breasts jiggling alluringly as the imp orgasms on the spot, almost as hard as she had taken you.",
									"Speaks",
									"She's been pretty horned up for you, yanno, how's it feel knowing she likes you that much?",
									"Speaks2",
									"S-shut the ffff... aaaaahhhh... I can't-",
									"Speaks",
									"Sarah? You alright there? Earth to Sarah...",
									"Ash leans in and kisses the other imp's right breast, right on the nipple with a bit of a suck to follow up, eliciting a small moan from the recovering imp as the smaller imp draws back with a saucy smile.",
									"Speaks",
									"Ah she'll be fine. Now I hope you weren't expecting to just lie back there big guy, you're going to stuffing my taco later too. But for now, you've got to earn your breathing rights♥",
									"Ash climbs over you, sitting on your chest for a minute as she adjusts her position, then raises her own dripping wet pussy over your face, looking down at you through the nonexistent valley between her A-cup breasts and leers down at you like a dirty old man.",
									"Speaks",
									"Lick it.",
									"As her lower lips kiss yours, her body stifling your vision as she leans down a bit, you can feel Sarah begin to move as well, her devlish pussy beginning to knead and milk your shaft.",
									"The feminine scent and delectable aroma of Ash's pussy is overwhelming; even as your mind helpfully supplies that an imp's vaginal fluids are a known aphrodisiac and that consuming them is unwise, you find yourself lapping at her snatch, your traitorous tongue tracing up one lip and down the next, rewarded with a divine aftertaste and a thin line of liquid that drips down your throat, leaving a pleasant but slightly smoky aftertaste.",
									"It's hard not to groan as you can feel Sarah's movements slowly intensify, the imp steading herself with her palms on your chest as she laboriously pulls herself partially up your shaft and begins to gyrate, then dropping herself down; slowly familiarizing herself with your shaft as her already tight pussy seems to constrict further and further until it's almost painfully tight.",
									"When she next slams herself down onto you, it's impossible to mask the moan - realizing a moment late it emanated from you, not her, it feels like the entirety of her pussy is almost perfectly fitted around your cock, each and every nub inside finding a different spot to caress and consume.",
									"With her muff muffling your moans, though, Ash grinds a bit harder to 'help' 'remind' you to keep licking, and entranced by the delicious but hard to place taste you continue, finding your hands on her per but small ass to pull her completely onto you as you lick and suck on her pussy lips, teasing the clit a bit as she moans in turn, sending your questing tongue inside her wonderfully warm pussy as you almost kiss her lower lips with purpose.",
									"Ash is clearly enjoying the event, moaning with gusto as she feeds you ever increasing quantities of her juices, some squirting out for easy access, some simply dripping with tantalizing slowness down her inner folds as you eagerly seek them out, licking and sucking with almost frantic abandon as the imp shakes and shudders above you.",
									"Sarah has found her balance in the meantime, almost perfectly fitting your shaft with her own molten hot vagina as her inner folds grind mercilessly against every square milimeter of your cock, an endless procession of pleasure that never ceases or wanes.",
									"The only time that she ceases to stimulate one spot, two more seem to get twice as much attention, and you realize a bit... late... that even by imp standards she's working your shaft with a level of natural skill that is abnormal.",
									"Or at least you might if you weren't hopped up on what seems like a gallon of imp pussy juice, your shaft constantly caressed by a demonically divine pussy that only seems to feel even better with each passing moment, and helpless to stop either of them - even if you had the strength to do so physically, your mind is no longer entirely your own.",
									"If anything, Sarah's ordeal seems to be intensifying rather than just getting more sensitive - it feels like the sole goal of every muscle in her body, every single nub and fold of her vagina, is solely dediccated to milking you dry; even as her body drops to engulf yours further it still feels like an upward motion, a constat nebulous wave of sensation always moving upwards on your cock as it strives to drain your mounting orgasm without restraint.",
									"Both imps' moans fill the room with a cacophony of of crudeness, Ash's incoherent swearing as she grabs desperately to the bedposts only matched by Sarah's almost desperate mumbling and moaning as she collapses onto Ash's back",
									"Her arms are wrapped around her friend's stomach as she slams her hips down against yours over and over, somehow grinding and bouncing all at once with a pussy so tight and form fitting that the fact it somehow STILL keeps feeling tighter with every movement is a mystery in itself.",
									"You can feel - hear - your desperate moans and grunts, but only barely, through Ash's incredibly wet pussy, struggling to gulp down every splash and drip as she shakes like a leaf.",
									"Her stamina is already at its limit, and she cums first of the three of you - a massive splash of juices that splatter across your face and almost blind you temporarily, despite the vast majority gushing down your waiting throat as you mercilessly lick and suck on her pussy, teasing her clit and relentlessly milking her dry.",
									"Even as your head goes white with the pleasurable drunken madness that the small bits of your mind remaining know are the incredibly potent aphrodisiac effect of her orgasmic juices, Sarah slams her hips down on you HARD, completely engulfing your cock once more.",
									"This time, your head slams into her cervix with enough force that she screams, a mixture of pain and pleasure entwined into one single coherent emotion in her voice as her own juices splash across your cock, drenching it in her lust.",
									"PlayerOrgasm",
									"1",
									"But her scream cuts off as you grab her hips, pulling her even further down if possible as your own ejaculation finally peaks, and you feel her physically jolt - hard - as the first torrent of cum slams into her cervix directly, her gasp drowning in a moan as her second orgasm hits her with the first still winding down, her body tight and hot and wet against yours, and all you can think of is cumming inside her.",
									"PlayerOrgasm",
									"2",
									"Her sweet noises drive you mad with lust as she clings to Ash's back, spasming helplessly as she takes shot after shot of your seed; you can feel it pushing for escape in any direction it can, constrained by her overwhelmingly tight pussy, bits of it splashing out onto your balls alongside the massive orgasmic mess she had already made.",
									"But five times as much of the stuff is already forcing its way directly into her womb as the helpless imp orgasms a third time, moaning something that sounds suspiciously like 'I love you' as another overwhelming jet of cum splatters her insides and despoils the imp's womb.",
									"PlayerOrgasm",
									"3",
									"Ashley tries to say something and bites her tongue as her second orgasm hits her, your merciless tongue toying with the imp's insides beyond what she could handle as she collapses onto you, her mercifully light body not overly onerous to hold up a little as you continue licking her dry, even as your traitorous cock continues to empty everything you have into Sarah.",
									"A small part of you is aware that you're not just pumping semen into her but spirit energy as well, your body rapidly exhausting, and yet you can find nothing in yourself that desires anything BUT to fill her with yourself.",
									"PlayerOrgasm",
									"4",
									"Surrounded by warm flesh and ceaseless, unending lust, you have no idea how long you keep cumming; it feels like hours, perhaps days, and even as your consciousness starts dissipating, your mind melting into the endless pleasure, you still can't really understand why you would want to ever stop.",
									"PlayerOrgasm",
									"10",
									"You are dimly aware that at some point Ash slowly pulls herself off your face, even more dimly aware of her collapsing beside you as Sarah's head appears in your vision, the second imp dropping like a rock as her head falls to your chest. Her breasts squishing between bodies, as warm as they are soft, her body still milking you even with nobody home.",
									"...",
									"RefreshPlayer",
									"You awaken to an uncharacteristically serious Ash looking down at you with what looks suspiciously like genuine concern in her eyes, though she lightens up a bit when your eyes slowly open, leaning over a bit to plant a kiss on your cheek immediately and grinning cheekily at you - though she still looks a little concerned.",
									"As rational thought returns to you, you realize Sarah is still completely conked out on your chest, your rigid cock still trapped inside her unconscious body, and even now her body is still weakly but obviously milking your shaft as Ash tries to pry her off.",
									"Speaks",
									"Heh, uh... mornin', hero. Wasn't sure if you were waking up or - anyways. I still can't feel my legs, if this wasn't my home I'm pretty sure I would have faded out like five times last night, so hey, thanks for that. ...That wasn't sarcastic, I didn't know cunnilingus COULD feel that good. And...",
									"She grins at you, this time not particularly lecherously or lewdly, more the honest to god(dess) radiant smile of someone whose opinion of you had jumped up quite a few notches last night.", 
									"Speaks",
									"Thanks for giving Sarah a good time. She really likes you, and I think it meant a lot to her that you were so nice to her. Us imps aren't particularly memorable to most adventurers - just annoying pests to avoid - and I think she imprinted on you pretty hard.",
									"The imp flicks your forehead as she pulls Sarah off your cock with an audible pop, a none too subtle trickle of semen leaking out of the unconscious imp's battered pussy as Ash rolls her friend over and covers her with the blanket, helping you out of bed with a much goofier grin now.",
									"Speaks",
									"Don't worry, I like you too - but you owe me, like, 40 creampies after blueballing me like that. Even if I did pass out there. You best be back to pay me back in full later♥ ...For now you should probably get the fuck out of here though, you're liable to be headed home by recall stone if Sarah wakes up now.",
									"JumpToScene",
									"Progression"
                                  ]
                    },
					{
                        "NameOfScene": "Talk",
                        "theScene":[  
									"ChangeImageFor", "1", "Base",
									"ChangeImageFor", "2", "Base",
									"Speaks",
									"Great! We can talk about cute boys, and doing our nails, and-",
									"Speaks2",
									"Ashley I swear to Venerae if you don't stop talking I will tell him what you said about him last night.",
									"PlayerSpeaks",
									"...Wait, you were talking about me?",
									"ChangeImageFor", "1", "Panic",
									"Speaks",
									"NO! No, we were talking about, uh, you know, the - the thing - haha wow look at the time I need to be at work-",
									"Speaks2",
									"Your shift doesn't start for another hour, Ash. Try again.",
									"Speaks",
									"God what are you, my mom? ...Heh. Mommy.",
									"ChangeImageFor", "1", "Panic",
									"This time Sarah blanches a bit... though she also looks a little turned on for some reason.",
									"You should probably interrupt the bickering imps before things get... weird.",
									"JumpToScene",
									"ConvoChoices"
                                  ]
                    },
					{
                        "NameOfScene": "ConvoChoices",
                        "theScene":[  
									"ChangeImageFor", "1", "Base",
									"ChangeImageFor", "2", "Base",
									"Menu",
										"What WAS Ash talking about?",
										"Hobbies",
										"Job",
										"Relationship",
										"Done talking",
									"EndLoop"
                                  ]
                    },
					{
                        "NameOfScene": "What WAS Ash talking about?",
                        "theScene":[  
									"Speaks",
									"ABSOLUTELY FUCKING NOTHING!",
									"Speaks2",
									"Are you sure about that, Ash? Don't you think he would want to know-",
									"Speaks",
									"NO HE WOULDN'T.",
									"PlayerSpeaks",
									"Actually I kinda do-",
									"Speaks",
									"SEE HE ISN'T INTERESTED",
									"Speaks2",
									"About all the nice things you said-",
									"Speaks",
									"I CAN'T HEAR YOUUUUU",
									"Speaks2",
									"Are you SURE he doesn't want to know about your high opinion of him as a lov-",
									"Sarah disappears from sight for a moment as a burst of feathers explode into the air, taken aback by a pillow exploding on her face as Ash tackles her to the bed and covers her mouth with her hand... until she shrieks and pulls it back, wet, with a smug-looking Sarah licking her lips.",
									"...You get the feeling you're not going to get a straight answer from either of them.",
									"JumpToScene",
									"ConvoChoices"
                                  ]
                    },
					{
                        "NameOfScene": "Hobbies",
                        "theScene":[  
									"Ash brightens up like a god damn lighthouse, eager to share her opinions on basically everything, as Sarah facepalms.",
									"Speaks",
									"I'll have you know that almost a third of the time I can almost beat Mika!",
									"Speaks2",
									"In a children's card game. And she beats you. Every single time.",
									"Speaks",
									"Yeah, but she's a worthy opponent to aspire to! I can feel my manly blood burning-",
									"Speaks2",
									"She cheats. Every time.",
									"Speaks",
									"LOOK! THE EAST IS BURNING RE-wait, she does?",
									"Sarah looks at her dumbfounded and you get the distinct impression that it was incredibly easy for anyone to tell. ...Except for Ash, apparently.",
									"SwapLineIf",
									"OtherEventsChoice",
									"CommandersPet",
									"9",
									"Yes",
									"...GOD DAMMIT MIKA. No wonder you got crushed so bad too...",
									"9",
									"",
									"The ass cat has other hobbies? Maybe you should challenge her to this game as well...",
									"EndLoop",
									"JumpToScene",
									"ConvoChoices"
                                  ]
                    },
					{
                        "NameOfScene": "Job",
                        "theScene":[  
									"Speaks",
									"We are the Demon Queen's elite frontline, first to battle and last to retur-",
									"Speaks2",
									"I'm a lookout, she's a guard. And not a very successful one.",
									"Speaks",
									"Oh yeah, you look out REAL good huh?",
									"Speaks2",
									"And what exactly are you implying, you harlot?",
									"Speaks",
									"I'm just saying sister, you knew his name before anyone else in the barracks",
									"ChangeImageFor", "2", "Panic",
									"Speaks2",
									"W-what? I- I don't know what you're talking about.",
									"Speaks",
									"Really? You already forgot about his battle with Perpetua? 'Cause I didn't since you TOLD ME ABOUT IT FIVE FUCKING TIMES!",
									"ChangeImageFor", "2", "Submissive",
									"Speaks2",
									"T-that does sound a... little familiar...",
									"Ash grins at you and winks. Apparently you have an admirer...",
									"JumpToScene",
									"ConvoChoices"
                                  ]
                    },
					{
                        "NameOfScene": "Relationship",
                        "theScene":[  
									"Speaks",
									"I'm actually her husband from a parallel dimensio-",
									"Speaks2",
									"Coworkers, soon to be estranged if you do not SHUT YOUR FLAPPING JAWS!",
									"Speaks",
									"-I- thought it was pretty funny...",
									"Sarah bites her lip and relents a bit at Ash's little display, clearly feeling bad for snapping there - it's written all over her face - at least until Ash instantly perks up and grabs her ass.",
									"Speaks",
									"Yeah it's kinda like that",
									"Speaks2",
									"...Like what? And I swear if you don't get your hand off my butt you will be pulling back a bloody stump-",
									"Speaks",
									"Don't worry she's just tsundere for me!",
									"Speaks2",
									"Tsun-what? Is that even a word? No! GET BACK HERE! I AM GOING TO GAG YOU WITH YOUR OWN PANTI-",
									"The bickering imps roll over the bed and fall off, with Ashley circling around and hiding behind you as a fuming Sarah approaches once more.",
									"JumpToScene",
									"ConvoChoices"
                                  ]
                    },
					{
                        "NameOfScene": "Done talking",
                        "theScene":[  
									"JumpToScene",
									"Choices"
                                  ]
                    },
					{
                        "NameOfScene": "Spend time with",
                        "theScene":[  
									"ChangeImageFor", "1", "Base",
									"ChangeImageFor", "2", "Base",
									"Speaks",
									"YyyyyyyyyyyyyyyyyyyyyyyyYYYYYYYYYYYYYYYYYYYESSSSSS!",
									"Speaks2",
									"Oh goddess, please don't encourage her",
									"Speaks",
									"What, you don't wanna spend time with your boyfriend?",
									"Speaks2",
									"He's not my-fine! Whatever! You two can show each other your bionicle collections or whatever!",
									"Speaks",
									"...IDK what a bionicles is, but I DO know of a fun card game...",
									"You're not sure what an IDK is or why she'd say each letter out loud, but despite your misgivings you agree to the raucous imp's idea.",
									"Ten minutes later, her Minerva the Exxxalted Cocksworn is being double penetrated by your Doomcockibur Knight and his daemonic steed; despite its complexity, the game isn't THAT hard to pick up, and it helps that she's not that good at it, with what seems to be a themed deck rather than a competitive one.",
									"Sarah is latched to your free arm, paying some grudging attention to the game but mostly just happy to be up against you, and much less opposed to the game than she was previously.",
									"Ash is still winning, but not by much, and you ALMOST take down her life points before you activate her trap card and she blows the remainder of your life points away with a clever use of the Rainboner Dragon's special ability.",
									"Speaks",
									"HOO RAH! Hey thanks {ThePlayerName}, been a while since I had that close of a fight, usually Mika just pounds my ass. Uh... figuratively speaking. We should play again sometime!",
									"Sarah looks disappointed the game is over, but reluctantly relinquishes your arm and lets you go.",
									"JumpToScene",
									"Progression"
                                  ]
                    },
					{
                        "NameOfScene": "Leave",
                        "theScene":[  
									"You leave the room without further issue.",
									"ChangeImageFor", "1", "Base",
									"ChangeImageFor", "2", "Base"
                                  ]
                    },
					{
                                  "NameOfScene": "Progression",
                                  "theScene":[ 
												"ProgressEqualsOrGreater",
												"3",
												"Leave",
												"ChangeProgress",
												"1"
                                    ]
                            }

                ]
}