{
    "name": "Awkward Kiss",
    "cost": "1",
    "costType": "ep",
    "requiredLevel": "0",
    "learningCost": "50",
    "skillType": "attack",
    "statType": "Core",
    "requiredStat": "0",
    "skillTags": ["Mouth"],
    "fetishTags": ["Kissing"],
    "startsStance": "",
    "requiresStance": "Making Out",
    "unusableIfStance": ["Blowjob"],
    "requiresTargetStance": ["Making Out"],
    "unusableIfTarget": [""],
    "removesStance": "None",
    "requiresStatusEffect": "None",
    "requiresStatusPotency": "0",
    "unusableIfStatusEffect": ["None"],
    "power": "40",
    "minRange": "90",
    "maxRange": "110",
    "recoil": "100",
    "targetType": "single",
    "statusEffect": "Charm",
    "statusChance": "25",
    "statusDuration": "3",
    "statusPotency": "0",
    "statusResistedBy": "Willpower",
    "statusText": "",
    "descrip": "A deep kiss that can charm.",
    "outcome": "{AttackerName}'s tongue invades {TargetName}'s mouth, not particularly skilled but tinged with enough magic to send electricity running through both of you!",
    "miss": "{AttackerName} tries to make out with {TargetName}, but {TargetName} squirms out of {AttackerName}'s grasp!",
    "statusOutcome": "{TargetName}'s mind fogs up from the intimacy and is charmed!",
    "statusMiss": "",
    "restraintStruggle": "",
    "restraintStruggleCharmed": "",
    "restraintEscaped": "",
    "restraintEscapedFail": ""
}
