{
    "name": "Omnifuck",
    "cost": "0",
    "costType": "ep",
    "requiredLevel": "0",
    "learningCost": "1",
    "skillType": "attack",
    "statType": "Technique",
    "requiredStat": "0",
    "skillTags": ["Sex"],
    "fetishTags": ["Sex"],
    "startsStance": "",
    "requiresStance": "Any",
    "unusableIfStance": [""],
    "requiresTargetStance": ["Any"],
    "unusableIfTarget": [""],
    "removesStance": "None",
    "requiresStatusEffect": "None",
    "requiresStatusPotency": "0",
    "unusableIfStatusEffect": ["None"],
    "power": "25000",
    "minRange": "99",
    "maxRange": "199",
    "recoil": "0",
    "targetType": "all",
    "statusEffect": "None",
    "statusChance": "0",
    "statusDuration": "0",
    "statusPotency": "0",
    "statusResistedBy": "",
    "statusText": "",
    "descrip": "Flash step to each enemy, fucking their brains out at lightspeed! This skill is definitely not balanced. At all.",
    "outcome": "{AttackerName} teleports to {TargetName} and savagely fucks her brains out; when you pull out a torrent of cum explodes out of {TargetName} as she collapses to the ground, fucked silly!",
    "miss": "You trip on your own dick and faceplant. {TargetName} laughs hysterically at your fuckup. Your mother must be so proud of you right now.",
    "statusOutcome": "",
    "statusMiss": "",
    "restraintStruggle": "",
    "restraintStruggleCharmed": "",
    "restraintEscaped": "",
    "restraintEscapedFail": ""
}
