{
    "name": "Pacing Thrust",
    "cost": "10",
    "costType": "ep",
    "requiredLevel": "0",
    "learningCost": "700",
    "skillType": "attack",
    "statType": "Allure",
    "requiredStat": "15",
    "skillTags": ["Penetration"],
    "fetishTags": ["Sex"],
    "startsStance": "",
    "requiresStance": "Penetration",
    "unusableIfStance": ["Blowjob"],
    "requiresTargetStance": ["Penetration"],
    "unusableIfTarget": [""],
    "removesStance": "None",
    "requiresStatusEffect": "None",
    "requiresStatusPotency": "0",
    "unusableIfStatusEffect": ["None"],
    "power": "50",
    "minRange": "90",
    "maxRange": "110",
    "recoil": "20",
    "targetType": "single",
    "statusEffect": "Defence",
    "statusChance": "80",
    "statusDuration": "5",
    "statusPotency": "-25",
    "statusResistedBy": "Willpower",
    "statusText": "",
    "descrip": "Control the flow of sex with a measured but overwhelming assault! Inflicts heavy arousal, but will also arouse you. Can lower defense.",
    "outcome": "{AttackerName} pumps into {TargetName}'s {SexAdjective}{SexWords}, pleasuring them with countless varied thrusts, and {TargetName} moans as {TargetHeOrShe} struggles to resist the pleasure.",
    "miss": "{AttackerName} pumps into {TargetName}'s {SexAdjective}{SexWords}, pleasuring them with countless varied thrusts, and {TargetName} moans as {TargetHeOrShe} forces herself to resist the pleasure.",
    "statusOutcome": "{TargetName}'s movements grow laxer as she surrenders to the pleasure, leaving {TargetHimOrHer} more vulnerable to further pleasure!",
    "statusMiss": "",
    "restraintStruggle": "",
    "restraintStruggleCharmed": "",
    "restraintEscaped": "",
    "restraintEscapedFail": ""
}
