{
    "name": "Tender Pound",
    "cost": "10",
    "costType": "ep",
    "requiredLevel": "0",
    "learningCost": "700",
    "skillType": "attack",
    "statType": "Allure",
    "requiredStat": "15",
    "skillTags": ["Penetration"],
    "fetishTags": ["Sex"],
    "startsStance": "",
    "requiresStance": "Penetration",
    "unusableIfStance": ["Blowjob"],
    "requiresTargetStance": ["Penetration"],
    "unusableIfTarget": [""],
    "removesStance": "None",
    "requiresStatusEffect": "None",
    "requiresStatusPotency": "0",
    "unusableIfStatusEffect": ["None"],
    "power": "50",
    "minRange": "90",
    "maxRange": "110",
    "recoil": "25",
    "targetType": "single",
    "statusEffect": "Damage",
    "statusChance": "50",
    "statusDuration": "5",
    "statusPotency": "-25",
    "statusResistedBy": "Willpower",
    "statusText": "",
    "descrip": "Alternating between soft and savage sex to disorient and overwhelm your foe! Inflicts heavy arousal, but will also arouse you. Can lower attack.",
    "outcome": "{AttackerName} alternates between roughly and tenderly slamming {TargetName}'s {SexAdjective}{SexWords}, using the inconsistent assault to force {TargetName} to struggle to focused.",
    "miss": "{AttackerName} fucks {TargetName}'s {SexAdjective}{SexWords}, but {TargetName} manages to meet the pace and resist the pleasure!",
    "statusOutcome": "The mixture of alternating slow and fast movements are too much for {TargetName}, leaving them unable to fight back!",
    "statusMiss": "",
    "restraintStruggle": "",
    "restraintStruggleCharmed": "",
    "restraintEscaped": "",
    "restraintEscapedFail": ""
}
