{
    "name": "Mystic Forest",
    "Addition": "Yes",
    "Monsters": [],
    "MonsterGroups": [
                  {
                      "Group": [""]
                  }

                ],
    "Events": ["Divine Intervention", "Training with Metatron I"],
    "Quests": [""],
    "Adventures": [""],
    "Treasure": [
                {
                    "Common": [""]
                },
                {
                    "Uncommon": [""]
                },
                {
                    "Rare": [""]
                }
              ]
}
