{
    "name": "Clara Defeated",
    "CardType": "",
    "CardLimit": "0",
    "Description": "",
    "requires": [""],
    "Speakers": [
                  {
                    "name": "Clara",
                    "postName": "",
                    "SpeakerType": "Monster"
                  }

                ],
    "EventText": [
					{
                        "NameOfScene": "SexStart",
                        "theScene":[
									"Already balls deep in the little cowgirl, it's not especially hard to figure out what you could do from there to satiate your lusts with her body. Though she is in no condition to stop you from leaving at this point...",
									"JumpToScene",
									"The Choice"
                                  ]
                    },
                    {
                        "NameOfScene": "OralStart",
                        "theScene":[
									"As Clara drops to the ground, quivering in lust, you manage to extricate your cock from her mouth, slipping it out with a wet pop as she stares desperately up at you.",
									"Speaks",
									"Please- please, inside me, I...",
									"Too horny to even put her words together, she leans back, spreading herself invitingly for you with an anguished look on her face, and begs for it wordlessly.",
									"JumpToScene",
									"The Choice"
                                  ]
                    },
                    {
                        "NameOfScene": "GenericStart",
                        "theScene":[
									"Clara collapses to the ground, panting heavily as her juices leak out, and fixes you with a pleading stare as she tries to marshal her mind with limited success.",
									"Speaks",
									"Please... stay with me for... I-I'm kinda scared...",
									"JumpToScene",
									"The Choice"
                                  ]
                    },
                    {
                        "NameOfScene": "The Choice",
                        "theScene":[
									"Menu",
									"Leave",
									"Tender Sex",
									"EndLoop"
                                  ]
                    },
					{
                        "NameOfScene": "Tender Sex",
                        "theScene":[
									"You scoop the small girl into a big hug, her body tensing and then relaxing against yours until it feels like she is melting in your arms; her soft, warm body completely tender to the couch as she rests her head against your chest.",
									"It doesn't take long to find what you're looking for, laying her down on her makeshift bed as you push inside her once more, sending paroxysms of pleasure through the tiny cowgirl's shuddering body as ecstacy overwhelms her mind and body.",
									"Her tight pussy is heavenly enough to be worth fucking anyways, but she's too cute to want to do it that rough, so you kiss her instead, a drawn out and warm meeting of mouths as she surrenders to you entirely, and slowly begin moving inside her.",
									"Clara moans into your mouth breathily, awash on a sea of pleasure as you satisfy your own lusts in her tight body, and doesn't stop you as you pull away from making out to leave a trail of kisses down her neck, collarbone, and upper chest, finding her sensitive breasts before long to the accompaniment of her gasps.",
									"The nipples are already wet, and her milk flows easily as you begin suckling, caressing one breast with your free hand and the other with your mouth, drinking deeply of her delicious milk as you continue to ravage her insides.",
									"She orgasms quickly, violently; a shuddering wave of motion as her inner walls tighten around you to almost uncomfortable levels, but the incredible sensation it offers as you thrust in and out makes it even better.",
									"Switching breasts every so often gives you a steady stream of her nutritious milk, but as Clara orgasms again you can feel your own limit approaching in the nearish future, and have to focus a bit on pacing yourself.",
									"Suddenly, you can feel her soft arms wrapping around your neck, her warm, tanned skin against your neck, but rather than pull you in she simply rests them there, a small but heartfelt hug.",
									"Her greedy body refuses to let you pull out of her though, and feeling yourself reaching the peak of your resolve you have very little time to prepare, pulling off her nipple as she moans.",
									"PlayerOrgasm",
									"1",
									"-And even as you hilt yourself inside her, slamming her cervix with first the tip of your cock and then a torrential explosion of cum that explodes back into her pussy and into her womb, you pull her into a deep kiss.",
									"The remnant of her own milk goes into her mouth along with your saliva as she weakly meets your tongue, shuddering in an intense series of moans as her roaring orgasm pretty much melts her mind.",
									"PlayerOrgasm",
									"1",
									"Not that the huge waves of semen flooding her insides to their entirety didn't already pretty much do that, but as her head lolls to the side, losing consciousness quickly, she stares up at you sweetly and mumbles something inaudible before going limp.",
									"She's already fading away when you pull out, a torrent of semen spilling out in your wake, but the look of utter satisfaction and comfort in her face makes you feel pretty good",
									"Hell, honestly, it makes you feel more like a god damn hero than fucking up any number of random horny monsters, like you actually made a difference in at least one girl's life and left her happier than she was before she met you.",
									"...That or you're overthinking it. Who knows?",
									"At any rate, with no one to stop you it's... pretty easy to get your shit together and move on to continue ascending the mountain.",
									"ChangeSpiritQuietly",
									"100",
									"IfHasItem",
									"Clara's Milk",
									"Done",
									"The aftertaste of her delectable milk still lingers in your mind; you don't think Holstaur milk is actually addictive, but something about it still makes you want to find her and taste it again...",
									"GiveItem",
									"1",
									"Clara's Milk",
									"Perhaps due to all the milk you drank while satisfying her, you feel about as hale as an ox and twice as healthy. Rather than exhausted from cumming so hard you feel like you could do it a million more times!",
									"...If anything, you feel even stronger than you ever have before, like something has... changed in you, or... something. It's hard to express.",
									"ChangeMaxSpirit",
									"1"
                                  ]
                    },
					{
                        "NameOfScene": "Leave",
                        "theScene":[
									"But that is something she will have to take care of herself, apparently, as you gather your things and leave."
                                  ]
                    },
					{
                        "NameOfScene": "Done",
                        "theScene":[
                                  ]
                    }
                ]
}
